/**
 * @file gk_font_ascii.h
 * @brief OSD ASCII 点阵字库（**自动生成，勿手改**）
 *
 * 生成命令（2026-10-01）：
 *   firmware/tools/gen_osd_font.py
 *
 * 结构：可打印 ASCII 0x20–0x7E 共 95 字，**按字号档位各一套**
 * （16, 32, 48, 64），绘制时**选最接近目标格宽的那套、1:1 铺格**——这样就没有“整数倍
 * 放大”的像素台阶，数字边缘才圆润。每套的字形用「格边长 × 1.375」渲染
 * （字形要填满格：字体实际字高只占字号的七成）。
 * 数据共 89KB（95×(16²+32²+48²+64²)/8），对 ipc_app 可忽略。
 *
 * 为什么不做抗锯齿：RGN 的 alpha 只有 1 bit（非透明即全透），半透明表达不了；
 * 所以能做的就只有“把点阵分辨率提到目标尺寸”，即本文件的多档方案。
 *
 * 字形来源与许可证（必须随固件保留）：
 *   字体：NotoSansSC-VF.ttf —— SIL Open Font License 1.1（OFL-1.1）
 *   版权：Copyright 2014-2021 Adobe (http://www.adobe.com/), with Reserved Font
 *         Name 'Source'.（Noto Sans SC 基于 Source Han Sans / 思源黑体）
 *   本文件是该字体在不同字号下二值化得到的**派生点阵数据**，
 *   依 OFL-1.1 使用与再分发：保留本声明、不改用字体的保留名称、不单独售卖。
 */
#ifndef GK_FONT_ASCII_H
#define GK_FONT_ASCII_H

#include <stdint.h>

#define GK_ASCII_FIRST  0x20
#define GK_ASCII_LAST   0x7E
#define GK_ASCII_COUNT  95
#define GK_ASCII_NUM    4

/** 各档的格边长（像素）；绘制时选最接近目标格宽的那一档，1:1 铺格 */
static const uint16_t GK_ASCII_PX[GK_ASCII_NUM] = { 16, 32, 48, 64 };

/* ---- 16×16（渲染字号 22px）---- */
static const char GK_ASCII_T16[GK_ASCII_COUNT][32] = {
    /* 0x20 */ "\x00\x00\x00\x00\x00\x00\x00\x00\x00\x00\x00\x00\x00\x00\x00\x00\x00\x00\x00\x00\x00\x00\x00\x00\x00\x00\x00\x00\x00\x00\x00\x00",
    /* 0x21 */ "\x03\x80\x03\x80\x03\x80\x03\x80\x03\x80\x03\x80\x03\x80\x03\x80\x03\x80\x03\x80\x03\x80\x00\x00\x01\x80\x03\xC0\x03\xC0\x01\x80",
    /* 0x22 */ "\x0E\x70\x0E\x70\x0E\x70\x0E\x70\x0E\x70\x0E\x70\x04\x20\x00\x00\x00\x00\x00\x00\x00\x00\x00\x00\x00\x00\x00\x00\x00\x00\x00\x00",
    /* 0x23 */ "\x06\x30\x06\x30\x0C\x70\x3F\xF8\x3F\xF8\x3F\xF8\x0C\x60\x0C\x60\x3F\xF8\x3F\xF8\x3F\xF8\x18\xC0\x18\xC0\x18\xC0\x18\xC0\x18\xC0",
    /* 0x24 */ "\x0F\xF0\x1F\xF0\x1C\x00\x1C\x00\x1C\x00\x1F\x00\x0F\xC0\x07\xE0\x01\xF0\x00\x78\x00\x38\x00\x38\x18\x38\x1F\xF0\x1F\xF0\x07\xC0",
    /* 0x25 */ "\xF8\x10\x9C\x30\x0C\x20\x0C\x60\x0C\x40\x0C\xCE\x9D\x9F\xF9\xBB\xF3\x31\x03\x31\x06\x31\x06\x31\x0C\x31\x0C\x3B\x18\x1F\x18\x0E",
    /* 0x26 */ "\x0F\xC0\x1F\xE0\x1C\x60\x1C\x60\x1C\xC0\x1F\xC0\x0F\x00\x1F\x07\x3F\x86\x7B\xCE\x71\xFC\x70\xFC\x78\x7C\x7F\xFF\x3F\xFF\x0F\x82",
    /* 0x27 */ "\x03\x80\x03\x80\x03\x80\x03\x80\x03\x80\x03\x80\x01\x00\x00\x00\x00\x00\x00\x00\x00\x00\x00\x00\x00\x00\x00\x00\x00\x00\x00\x00",
    /* 0x28 */ "\x03\x80\x03\x80\x03\x80\x07\x00\x07\x00\x07\x00\x07\x00\x07\x00\x07\x00\x07\x00\x07\x00\x07\x00\x03\x80\x03\x80\x03\x80\x03\x80",
    /* 0x29 */ "\x03\x80\x03\x80\x03\x80\x03\xC0\x01\xC0\x01\xC0\x01\xC0\x01\xC0\x01\xC0\x01\xC0\x01\xC0\x01\xC0\x03\x80\x03\x80\x03\x80\x03\x00",
    /* 0x2A */ "\x03\x00\x0B\xA0\x1F\xF0\x0F\xC0\x07\x80\x07\xC0\x0C\xC0\x00\x00\x00\x00\x00\x00\x00\x00\x00\x00\x00\x00\x00\x00\x00\x00\x00\x00",
    /* 0x2B */ "\x01\x80\x01\x80\x01\x80\x01\x80\x01\x80\x3F\xF8\x3F\xF8\x3F\xF8\x01\x80\x01\x80\x01\x80\x01\x80\x00\x00\x00\x00\x00\x00\x00\x00",
    /* 0x2C */ "\x00\x00\x00\x00\x00\x00\x01\x80\x03\xC0\x03\xC0\x01\xC0\x00\xC0\x01\xC0\x03\x80\x03\x00\x02\x00\x00\x00\x00\x00\x00\x00\x00\x00",
    /* 0x2D */ "\x00\x00\x00\x00\x00\x00\x00\x00\x07\xE0\x07\xE0\x07\xE0\x00\x00\x00\x00\x00\x00\x00\x00\x00\x00\x00\x00\x00\x00\x00\x00\x00\x00",
    /* 0x2E */ "\x00\x00\x00\x00\x00\x00\x00\x00\x00\x00\x00\x00\x01\x80\x03\xC0\x03\xC0\x01\x80\x00\x00\x00\x00\x00\x00\x00\x00\x00\x00\x00\x00",
    /* 0x2F */ "\x00\xC0\x00\xC0\x01\x80\x01\x80\x01\x80\x01\x80\x03\x00\x03\x00\x03\x00\x03\x00\x06\x00\x06\x00\x06\x00\x0E\x00\x0C\x00\x0C\x00",
    /* 0x30 */ "\x0F\xE0\x1F\xF0\x1C\x70\x38\x78\x38\x38\x38\x38\x38\x38\x38\x38\x38\x38\x38\x38\x38\x38\x3C\x78\x1C\x70\x1F\xF0\x0F\xE0\x07\xC0",
    /* 0x31 */ "\x0F\x80\x1F\x80\x03\x80\x03\x80\x03\x80\x03\x80\x03\x80\x03\x80\x03\x80\x03\x80\x03\x80\x03\x80\x03\x80\x1F\xF8\x1F\xF8\x1F\xF8",
    /* 0x32 */ "\x1F\xE0\x3F\xE0\x10\xF0\x00\x70\x00\x70\x00\x70\x00\xF0\x00\xE0\x01\xE0\x01\xC0\x03\x80\x07\x00\x0E\x00\x1E\xF8\x3F\xF8\x3F\xF8",
    /* 0x33 */ "\x1F\xE0\x3F\xF0\x10\x70\x00\x70\x00\x70\x00\xE0\x07\xC0\x07\xC0\x07\xE0\x00\xF0\x00\x70\x00\x70\x30\x70\x3F\xE0\x3F\xE0\x0F\x80",
    /* 0x34 */ "\x01\xF0\x01\xF0\x03\xF0\x07\x70\x07\x70\x0E\x70\x0C\x70\x1C\x70\x38\x70\x3F\xFC\x3F\xFC\x00\x70\x00\x70\x00\x70\x00\x70\x00\x70",
    /* 0x35 */ "\x1F\xF0\x1F\xF0\x1C\x00\x1C\x00\x1C\x00\x1F\xE0\x1F\xF0\x08\xF8\x00\x78\x00\x38\x00\x38\x00\x38\x30\x78\x3F\xF0\x3F\xE0\x0F\xC0",
    /* 0x36 */ "\x0F\xF0\x0F\xF0\x1C\x00\x1C\x00\x38\x00\x39\xE0\x3F\xF0\x3F\xF0\x3C\x78\x38\x38\x38\x38\x3C\x38\x1C\x78\x1F\xF0\x0F\xE0\x03\xC0",
    /* 0x37 */ "\x3F\xF8\x3F\xF8\x00\x70\x00\xE0\x00\xC0\x01\xC0\x01\xC0\x03\x80\x03\x80\x03\x80\x03\x00\x07\x00\x07\x00\x07\x00\x07\x00\x07\x00",
    /* 0x38 */ "\x1F\xE0\x3F\xF0\x38\x70\x38\x70\x38\x70\x1C\x60\x0E\xE0\x07\xC0\x1D\xF0\x18\x70\x38\x38\x38\x38\x3C\x38\x3F\xF8\x1F\xF0\x07\xC0",
    /* 0x39 */ "\x1F\xE0\x1F\xF0\x3C\x70\x38\x78\x38\x38\x38\x38\x3C\x78\x1F\xF8\x0F\xB8\x02\x38\x00\x38\x00\x70\x00\x70\x1F\xE0\x1F\xC0\x0F\x80",
    /* 0x3A */ "\x00\x00\x01\x80\x03\xC0\x03\xC0\x01\x80\x00\x00\x00\x00\x00\x00\x00\x00\x00\x00\x01\x80\x03\xC0\x03\xC0\x01\x80\x00\x00\x00\x00",
    /* 0x3B */ "\x03\xC0\x03\xC0\x01\x80\x00\x00\x00\x00\x00\x00\x00\x00\x00\x00\x01\x80\x03\xC0\x03\xC0\x01\xC0\x00\xC0\x01\xC0\x03\x80\x03\x00",
    /* 0x3C */ "\x00\x00\x00\x18\x00\x78\x03\xF8\x0F\xC0\x3E\x00\x3C\x00\x3F\x00\x0F\xE0\x01\xF8\x00\x78\x00\x08\x00\x00\x00\x00\x00\x00\x00\x00",
    /* 0x3D */ "\x00\x00\x3F\xF8\x3F\xF8\x3F\xF8\x00\x00\x00\x00\x00\x00\x3F\xF8\x3F\xF8\x3F\xF8\x00\x00\x00\x00\x00\x00\x00\x00\x00\x00\x00\x00",
    /* 0x3E */ "\x00\x00\x30\x00\x3C\x00\x3F\x80\x07\xE0\x00\xF8\x00\x78\x01\xF8\x0F\xE0\x3F\x00\x3C\x00\x20\x00\x00\x00\x00\x00\x00\x00\x00\x00",
    /* 0x3F */ "\x1F\xE0\x1F\xF0\x08\x70\x00\x70\x00\x70\x00\xE0\x01\xC0\x03\x80\x03\x80\x03\x00\x00\x00\x00\x00\x03\x00\x07\x80\x07\x80\x03\x00",
    /* 0x40 */ "\x78\x0E\xE0\x07\xC0\x03\xC3\xB1\x87\xF1\x8F\xE1\x1C\x61\x1C\x61\x18\x61\x18\xE3\x1F\xE7\x0F\xFE\x8F\x3C\x80\x00\xC0\x00\xE0\x00",
    /* 0x41 */ "\x03\xC0\x07\xE0\x07\xE0\x06\x60\x0E\x70\x0E\x70\x0E\x70\x1C\x38\x1C\x38\x1F\xF8\x1F\xF8\x3C\x3C\x38\x1C\x38\x1C\x70\x0E\x70\x0E",
    /* 0x42 */ "\x3F\xF0\x3F\xF8\x38\x38\x38\x38\x38\x38\x38\x70\x3F\xF0\x3F\xF0\x3F\xF8\x38\x3C\x38\x1C\x38\x1C\x38\x3C\x3F\xF8\x3F\xF8\x3F\xE0",
    /* 0x43 */ "\x07\xFC\x0F\xFC\x1E\x08\x1C\x00\x3C\x00\x38\x00\x38\x00\x38\x00\x38\x00\x38\x00\x3C\x00\x1C\x00\x1E\x08\x0F\xFC\x07\xFC\x03\xF0",
    /* 0x44 */ "\x3F\xE0\x3F\xF0\x38\x78\x38\x38\x38\x1C\x38\x1C\x38\x1C\x38\x1C\x38\x1C\x38\x1C\x38\x1C\x38\x38\x38\x78\x3F\xF0\x3F\xE0\x3F\x80",
    /* 0x45 */ "\x1F\xF8\x1F\xF8\x1C\x00\x1C\x00\x1C\x00\x1C\x00\x1F\xF0\x1F\xF0\x1F\xE0\x1C\x00\x1C\x00\x1C\x00\x1C\x00\x1F\xF8\x1F\xF8\x1F\xF8",
    /* 0x46 */ "\x1F\xF8\x1F\xF8\x1C\x00\x1C\x00\x1C\x00\x1C\x00\x1F\xF0\x1F\xF0\x1F\xF0\x1C\x00\x1C\x00\x1C\x00\x1C\x00\x1C\x00\x1C\x00\x1C\x00",
    /* 0x47 */ "\x0F\xF8\x1F\xF8\x3C\x10\x38\x00\x78\x00\x70\x00\x70\xFC\x70\xFC\x70\xFC\x70\x1C\x78\x1C\x38\x1C\x3C\x1C\x1F\xFC\x0F\xFC\x03\xF0",
    /* 0x48 */ "\x38\x1C\x38\x1C\x38\x1C\x38\x1C\x38\x1C\x38\x1C\x3F\xFC\x3F\xFC\x3F\xFC\x38\x1C\x38\x1C\x38\x1C\x38\x1C\x38\x1C\x38\x1C\x38\x1C",
    /* 0x49 */ "\x03\x80\x03\x80\x03\x80\x03\x80\x03\x80\x03\x80\x03\x80\x03\x80\x03\x80\x03\x80\x03\x80\x03\x80\x03\x80\x03\x80\x03\x80\x03\x80",
    /* 0x4A */ "\x00\x70\x00\x70\x00\x70\x00\x70\x00\x70\x00\x70\x00\x70\x00\x70\x00\x70\x00\x70\x00\x70\x00\x70\x18\x70\x3F\xE0\x1F\xE0\x0F\x80",
    /* 0x4B */ "\x38\x38\x38\x70\x38\xE0\x39\xE0\x39\xC0\x3B\x80\x3F\xC0\x3F\xC0\x3F\xE0\x3C\xE0\x38\x70\x38\x70\x38\x38\x38\x3C\x38\x1C\x38\x1E",
    /* 0x4C */ "\x0E\x00\x0E\x00\x0E\x00\x0E\x00\x0E\x00\x0E\x00\x0E\x00\x0E\x00\x0E\x00\x0E\x00\x0E\x00\x0E\x00\x0E\x00\x0F\xF8\x0F\xFC\x0F\xFC",
    /* 0x4D */ "\xF0\x1E\xF8\x3E\xF8\x3E\xF8\x3E\xFC\x7E\xFC\x7E\xEC\x6E\xEE\xEE\xEE\xCE\xE6\xCE\xE7\xCE\xE3\x8E\xE3\x8E\xE3\x8E\xE0\x0E\xE0\x0E",
    /* 0x4E */ "\x3C\x1C\x3C\x1C\x3E\x1C\x3E\x1C\x3F\x1C\x3B\x1C\x3B\x9C\x39\x9C\x39\xDC\x38\xDC\x38\xFC\x38\x7C\x38\x7C\x38\x3C\x38\x3C\x38\x1C",
    /* 0x4F */ "\x0F\xF0\x1F\xF8\x3C\x3C\x38\x1C\x70\x0E\x70\x0E\x70\x0E\x70\x0E\x70\x0E\x70\x0E\x70\x0E\x38\x1C\x3C\x3C\x1F\xF8\x0F\xF0\x07\xE0",
    /* 0x50 */ "\x1F\xF8\x1F\xF8\x1C\x3C\x1C\x1C\x1C\x1C\x1C\x1C\x1C\x3C\x1F\xF8\x1F\xF0\x1F\xE0\x1C\x00\x1C\x00\x1C\x00\x1C\x00\x1C\x00\x1C\x00",
    /* 0x51 */ "\x3C\x3C\x38\x1C\x70\x0E\x70\x0E\x70\x0E\x70\x0E\x70\x0E\x70\x0E\x70\x0E\x38\x1C\x3C\x3C\x1F\xF8\x0F\xF0\x07\xE0\x01\xC0\x00\xFE",
    /* 0x52 */ "\x3F\xF8\x3F\xF8\x38\x3C\x38\x1C\x38\x1C\x38\x1C\x38\x78\x3F\xF8\x3F\xF0\x3F\xE0\x38\xF0\x38\x70\x38\x78\x38\x38\x38\x3C\x38\x1C",
    /* 0x53 */ "\x0F\xF8\x0F\xF8\x1C\x10\x1C\x00\x1E\x00\x1F\x00\x0F\xE0\x07\xF0\x01\xF8\x00\x7C\x00\x1C\x00\x1C\x18\x1C\x3F\xF8\x1F\xF8\x07\xE0",
    /* 0x54 */ "\x3F\xFC\x3F\xFC\x01\xC0\x01\xC0\x01\xC0\x01\xC0\x01\xC0\x01\xC0\x01\xC0\x01\xC0\x01\xC0\x01\xC0\x01\xC0\x01\xC0\x01\xC0\x01\xC0",
    /* 0x55 */ "\x38\x1C\x38\x1C\x38\x1C\x38\x1C\x38\x1C\x38\x1C\x38\x1C\x38\x1C\x38\x1C\x38\x1C\x38\x1C\x38\x1C\x1C\x38\x1F\xF8\x0F\xF0\x07\xE0",
    /* 0x56 */ "\x70\x1C\x38\x1C\x38\x38\x38\x38\x3C\x38\x1C\x38\x1C\x70\x1C\x70\x0E\x70\x0E\x60\x0E\xE0\x06\xE0\x07\xE0\x07\xC0\x07\xC0\x03\xC0",
    /* 0x57 */ "\xC3\xC3\xC3\xC3\xC3\xC3\xC3\xC3\xC7\xE3\xE7\xE7\xE6\x67\xE6\x67\xE6\x77\xEE\x77\x6C\x76\x7C\x36\x7C\x3E\x7C\x3E\x7C\x3E\x38\x1C",
    /* 0x58 */ "\x3C\x38\x1C\x38\x1E\x70\x0E\x70\x0F\xE0\x07\xE0\x07\xC0\x03\xC0\x07\xC0\x07\xE0\x0E\xE0\x0E\x70\x1C\x70\x1C\x38\x38\x38\x38\x1C",
    /* 0x59 */ "\x38\x38\x38\x38\x1C\x70\x1C\x70\x0C\x60\x0E\xE0\x0F\xC0\x07\xC0\x07\xC0\x03\x80\x03\x80\x03\x80\x03\x80\x03\x80\x03\x80\x03\x80",
    /* 0x5A */ "\x1F\xFC\x1F\xFC\x00\x38\x00\x70\x00\xF0\x00\xE0\x01\xC0\x03\xC0\x03\x80\x07\x80\x0F\x00\x0E\x00\x1E\x00\x3F\xFC\x3F\xFC\x3F\xFC",
    /* 0x5B */ "\x03\x00\x03\x00\x03\x00\x03\x00\x03\x00\x03\x00\x03\x00\x03\x00\x03\x00\x03\x00\x03\x00\x03\x00\x03\x00\x03\x00\x03\x00\x03\x00",
    /* 0x5C */ "\x06\x00\x06\x00\x06\x00\x06\x00\x03\x00\x03\x00\x03\x00\x03\x80\x01\x80\x01\x80\x01\x80\x01\xC0\x00\xC0\x00\xC0\x00\xC0\x00\xE0",
    /* 0x5D */ "\x01\x80\x01\x80\x01\x80\x01\x80\x01\x80\x01\x80\x01\x80\x01\x80\x01\x80\x01\x80\x01\x80\x01\x80\x01\x80\x01\x80\x01\x80\x01\x80",
    /* 0x5E */ "\x03\x80\x07\xC0\x06\xC0\x0E\xC0\x0C\xE0\x0C\x60\x1C\x70\x18\x70\x38\x30\x00\x00\x00\x00\x00\x00\x00\x00\x00\x00\x00\x00\x00\x00",
    /* 0x5F */ "\x00\x00\x00\x00\x00\x00\x00\x00\x00\x00\x00\x00\x00\x00\x3F\xFC\x3F\xFC\x00\x00\x00\x00\x00\x00\x00\x00\x00\x00\x00\x00\x00\x00",
    /* 0x60 */ "\x07\x00\x03\x80\x01\x80\x00\x00\x00\x00\x00\x00\x00\x00\x00\x00\x00\x00\x00\x00\x00\x00\x00\x00\x00\x00\x00\x00\x00\x00\x00\x00",
    /* 0x61 */ "\x00\x00\x07\xC0\x1F\xE0\x1F\xF0\x00\x70\x00\x70\x07\xF0\x1F\xF0\x3C\x70\x38\x70\x38\x70\x3F\xF0\x1F\xF0\x0F\x70\x00\x00\x00\x00",
    /* 0x62 */ "\x1C\x00\x1C\x00\x1C\x00\x1C\x00\x1D\xE0\x1F\xF8\x1F\xF8\x1C\x3C\x1C\x1C\x1C\x1C\x1C\x1C\x1C\x1C\x1C\x1C\x1C\x38\x1F\xF8\x1F\xF0",
    /* 0x63 */ "\x00\x00\x01\xE0\x07\xF0\x0F\xF0\x0E\x00\x1C\x00\x1C\x00\x1C\x00\x1C\x00\x1C\x00\x0E\x00\x0F\xF0\x07\xF8\x03\xE0\x00\x00\x00\x00",
    /* 0x64 */ "\x00\x38\x00\x38\x00\x38\x00\x38\x07\xB8\x0F\xF8\x1F\xF8\x3C\x38\x38\x38\x38\x38\x38\x38\x38\x38\x38\x38\x3C\x38\x1F\xF8\x1F\xF8",
    /* 0x65 */ "\x00\x00\x07\xC0\x0F\xE0\x1F\xF0\x18\x78\x38\x38\x3F\xF8\x3F\xF8\x3F\xF0\x38\x00\x1C\x00\x1F\xF0\x0F\xF0\x03\xE0\x00\x00\x00\x00",
    /* 0x66 */ "\x03\xE0\x07\xE0\x07\x00\x07\x00\x1F\xE0\x1F\xE0\x0F\xC0\x07\x00\x07\x00\x07\x00\x07\x00\x07\x00\x07\x00\x07\x00\x07\x00\x07\x00",
    /* 0x67 */ "\x1F\xFC\x3F\xFC\x38\x70\x38\x70\x1F\xF0\x0F\xE0\x0F\xC0\x18\x00\x18\x00\x1F\xC0\x0F\xF8\x0F\xFC\x38\x1C\x38\x1C\x3F\xF8\x1F\xF0",
    /* 0x68 */ "\x1C\x00\x1C\x00\x1C\x00\x1C\x00\x1C\xE0\x1F\xF0\x1F\xF8\x1E\x38\x1C\x38\x1C\x38\x1C\x38\x1C\x38\x1C\x38\x1C\x38\x1C\x38\x1C\x38",
    /* 0x69 */ "\x03\x80\x03\x80\x00\x00\x00\x00\x03\x80\x03\x80\x03\x80\x03\x80\x03\x80\x03\x80\x03\x80\x03\x80\x03\x80\x03\x80\x03\x80\x03\x80",
    /* 0x6A */ "\x00\x00\x01\xC0\x01\xC0\x01\xC0\x01\xC0\x01\xC0\x01\xC0\x01\xC0\x01\xC0\x01\xC0\x01\xC0\x01\xC0\x01\xC0\x01\xC0\x01\xC0\x01\xC0",
    /* 0x6B */ "\x1C\x00\x1C\x00\x1C\x00\x1C\x00\x1C\x38\x1C\x78\x1C\x70\x1C\xE0\x1D\xC0\x1F\xC0\x1F\xC0\x1F\xE0\x1E\xE0\x1C\x70\x1C\x38\x1C\x38",
    /* 0x6C */ "\x03\x80\x03\x80\x03\x80\x03\x80\x03\x80\x03\x80\x03\x80\x03\x80\x03\x80\x03\x80\x03\x80\x03\x80\x03\x80\x03\x80\x03\xC0\x03\xC0",
    /* 0x6D */ "\x00\x00\xDE\x3C\xFF\x7E\xFF\xFF\xE3\xC7\xC3\x87\xC3\x87\xC3\x87\xC3\x87\xC3\x87\xC3\x87\xC3\x87\xC3\x87\xC3\x87\x00\x00\x00\x00",
    /* 0x6E */ "\x00\x00\x1D\xE0\x1F\xF0\x1F\xF8\x1E\x38\x1C\x38\x1C\x38\x1C\x38\x1C\x38\x1C\x38\x1C\x38\x1C\x38\x1C\x38\x1C\x38\x00\x00\x00\x00",
    /* 0x6F */ "\x00\x00\x03\xC0\x0F\xF0\x1F\xF8\x1C\x38\x38\x1C\x38\x1C\x38\x1C\x38\x1C\x38\x1C\x1C\x38\x1F\xF8\x0F\xF0\x03\xC0\x00\x00\x00\x00",
    /* 0x70 */ "\x1F\xF8\x1F\xF8\x1C\x3C\x1C\x1C\x1C\x1C\x1C\x1C\x1C\x1C\x1C\x1C\x1C\x38\x1F\xF8\x1F\xF0\x1D\xE0\x1C\x00\x1C\x00\x1C\x00\x1C\x00",
    /* 0x71 */ "\x0F\xF8\x1F\xF8\x3C\x38\x38\x38\x38\x38\x38\x38\x38\x38\x38\x38\x3C\x38\x1F\xF8\x1F\xF8\x07\xB8\x00\x38\x00\x38\x00\x38\x00\x38",
    /* 0x72 */ "\x00\x00\x07\x78\x07\xF0\x07\xF0\x07\x80\x07\x00\x07\x00\x07\x00\x07\x00\x07\x00\x07\x00\x07\x00\x07\x00\x07\x00\x00\x00\x00\x00",
    /* 0x73 */ "\x00\x00\x07\xC0\x0F\xF0\x1F\xE0\x1C\x00\x1C\x00\x0F\x00\x07\xC0\x01\xE0\x00\x70\x10\x70\x1F\xF0\x1F\xE0\x07\xC0\x00\x00\x00\x00",
    /* 0x74 */ "\x03\x80\x03\x80\x03\x80\x0F\xF0\x0F\xF0\x0F\xF0\x03\x80\x03\x80\x03\x80\x03\x80\x03\x80\x03\x80\x03\x80\x03\xD0\x01\xF0\x00\xF0",
    /* 0x75 */ "\x00\x00\x1C\x38\x1C\x38\x1C\x38\x1C\x38\x1C\x38\x1C\x38\x1C\x38\x1C\x38\x1C\x38\x1C\x78\x1F\xF8\x0F\xF8\x07\xB8\x00\x00\x00\x00",
    /* 0x76 */ "\x00\x00\x70\x38\x38\x38\x38\x70\x38\x70\x1C\x70\x1C\x60\x1C\xE0\x0C\xE0\x0E\xC0\x0E\xC0\x07\xC0\x07\x80\x07\x80\x00\x00\x00\x00",
    /* 0x77 */ "\x00\x00\xC3\x87\xC3\x87\xC7\x86\xC7\xCE\xE7\xCE\xE6\xCE\xEE\xCE\xEC\xEC\x6C\xFC\x7C\x7C\x7C\x7C\x7C\x78\x38\x78\x00\x00\x00\x00",
    /* 0x78 */ "\x00\x00\x1C\x38\x1E\x38\x0E\x70\x07\x70\x07\xE0\x03\xC0\x03\xC0\x07\xC0\x07\xE0\x0E\xF0\x0E\x70\x1C\x38\x1C\x38\x00\x00\x00\x00",
    /* 0x79 */ "\x38\x38\x38\x70\x18\x70\x1C\x70\x1C\x60\x0C\xE0\x0E\xE0\x0E\xC0\x07\xC0\x07\xC0\x03\x80\x03\x80\x03\x80\x07\x00\x0F\x00\x3E\x00",
    /* 0x7A */ "\x00\x00\x1F\xF0\x1F\xF0\x1F\xF0\x00\xE0\x01\xC0\x03\x80\x03\x80\x07\x00\x06\x00\x0E\x00\x1F\xF0\x1F\xF0\x1F\xF0\x00\x00\x00\x00",
    /* 0x7B */ "\x01\xC0\x01\xC0\x01\xC0\x01\xC0\x01\xC0\x03\xC0\x07\x80\x07\x80\x03\xC0\x01\xC0\x01\xC0\x01\xC0\x01\xC0\x01\xC0\x01\xC0\x01\xC0",
    /* 0x7C */ "\x01\x80\x01\x80\x01\x80\x01\x80\x01\x80\x01\x80\x01\x80\x01\x80\x01\x80\x01\x80\x01\x80\x01\x80\x01\x80\x01\x80\x01\x80\x01\x80",
    /* 0x7D */ "\x01\xC0\x01\xC0\x01\xC0\x01\xC0\x01\xC0\x01\xC0\x00\xF0\x00\xF0\x01\xC0\x01\xC0\x01\xC0\x01\xC0\x01\xC0\x01\xC0\x01\xC0\x01\xC0",
    /* 0x7E */ "\x00\x00\x00\x00\x04\x00\x1F\x10\x3F\xF8\x33\xF0\x00\xE0\x00\x00\x00\x00\x00\x00\x00\x00\x00\x00\x00\x00\x00\x00\x00\x00\x00\x00",
};

/* ---- 32×32（渲染字号 44px）---- */
static const char GK_ASCII_T32[GK_ASCII_COUNT][128] = {
    /* 0x20 */ "\x00\x00\x00\x00\x00\x00\x00\x00\x00\x00\x00\x00\x00\x00\x00\x00\x00\x00\x00\x00\x00\x00\x00\x00\x00\x00\x00\x00\x00\x00\x00\x00\x00\x00\x00\x00\x00\x00\x00\x00\x00\x00\x00\x00\x00\x00\x00\x00\x00\x00\x00\x00\x00\x00\x00\x00\x00\x00\x00\x00\x00\x00\x00\x00\x00\x00\x00\x00\x00\x00\x00\x00\x00\x00\x00\x00\x00\x00\x00\x00\x00\x00\x00\x00\x00\x00\x00\x00\x00\x00\x00\x00\x00\x00\x00\x00\x00\x00\x00\x00\x00\x00\x00\x00\x00\x00\x00\x00\x00\x00\x00\x00\x00\x00\x00\x00\x00\x00\x00\x00\x00\x00\x00\x00\x00\x00\x00\x00",
    /* 0x21 */ "\x00\x07\xC0\x00\x00\x07\xC0\x00\x00\x07\xC0\x00\x00\x07\xC0\x00\x00\x07\xC0\x00\x00\x07\xC0\x00\x00\x07\xC0\x00\x00\x07\xC0\x00\x00\x07\xC0\x00\x00\x07\xC0\x00\x00\x07\xC0\x00\x00\x07\xC0\x00\x00\x07\xC0\x00\x00\x07\xC0\x00\x00\x07\xC0\x00\x00\x07\xC0\x00\x00\x07\xC0\x00\x00\x07\xC0\x00\x00\x07\xC0\x00\x00\x07\xC0\x00\x00\x07\xC0\x00\x00\x00\x00\x00\x00\x00\x00\x00\x00\x00\x00\x00\x00\x01\x00\x00\x00\x07\xC0\x00\x00\x0F\xE0\x00\x00\x0F\xE0\x00\x00\x0F\xE0\x00\x00\x0F\xE0\x00\x00\x0F\xE0\x00\x00\x07\xC0\x00",
    /* 0x22 */ "\x00\xFC\x3F\x00\x00\xFC\x3F\x00\x00\xFC\x3F\x00\x00\xFC\x3F\x00\x00\xFC\x3F\x00\x00\xFC\x3F\x00\x00\xFC\x3F\x00\x00\xFC\x3F\x00\x00\xF8\x1F\x00\x00\x78\x1E\x00\x00\x78\x1E\x00\x00\x78\x1E\x00\x00\x78\x1E\x00\x00\x78\x1E\x00\x00\x00\x00\x00\x00\x00\x00\x00\x00\x00\x00\x00\x00\x00\x00\x00\x00\x00\x00\x00\x00\x00\x00\x00\x00\x00\x00\x00\x00\x00\x00\x00\x00\x00\x00\x00\x00\x00\x00\x00\x00\x00\x00\x00\x00\x00\x00\x00\x00\x00\x00\x00\x00\x00\x00\x00\x00\x00\x00\x00\x00\x00\x00\x00\x00\x00\x00\x00\x00\x00\x00\x00",
    /* 0x23 */ "\x00\x1E\x07\x00\x00\x1E\x0F\x00\x00\x1E\x0F\x00\x00\x1E\x0F\x00\x00\x1C\x0F\x00\x00\x1C\x0E\x00\x00\x1C\x0E\x00\x00\x3C\x0E\x00\x03\xFF\xFF\xE0\x03\xFF\xFF\xE0\x03\xFF\xFF\xE0\x03\xFF\xFF\xE0\x00\x38\x1E\x00\x00\x38\x1C\x00\x00\x38\x1C\x00\x00\x78\x1C\x00\x00\x78\x3C\x00\x00\x78\x3C\x00\x07\xFF\xFF\xC0\x07\xFF\xFF\xC0\x07\xFF\xFF\xC0\x07\xFF\xFF\xC0\x00\x70\x38\x00\x00\x70\x38\x00\x00\xF0\x38\x00\x00\xF0\x78\x00\x00\xF0\x78\x00\x00\xF0\x78\x00\x00\xF0\x78\x00\x00\xE0\x78\x00\x00\xE0\x70\x00\x00\xE0\x70\x00",
    /* 0x24 */ "\x00\x1F\xFC\x00\x00\x3F\xFF\x00\x00\x7F\xFF\x80\x00\xFF\xFF\x80\x00\xFC\x0F\x00\x01\xF8\x06\x00\x01\xF8\x00\x00\x01\xF8\x00\x00\x01\xF8\x00\x00\x01\xFC\x00\x00\x01\xFE\x00\x00\x00\xFF\x00\x00\x00\xFF\xC0\x00\x00\x7F\xF0\x00\x00\x1F\xFC\x00\x00\x0F\xFE\x00\x00\x03\xFF\x00\x00\x00\xFF\x80\x00\x00\x7F\x80\x00\x00\x1F\xC0\x00\x00\x1F\xC0\x00\x00\x0F\xC0\x00\x00\x0F\xC0\x00\x00\x0F\xC0\x00\xC0\x0F\xC0\x01\xE0\x1F\xC0\x03\xFC\x7F\x80\x03\xFF\xFF\x80\x01\xFF\xFF\x00\x00\xFF\xFE\x00\x00\x3F\xF8\x00\x00\x03\xC0\x00",
    /* 0x25 */ "\xFE\x00\x07\x80\xFF\x00\x07\x80\xFF\x80\x0F\x00\xC7\xC0\x0F\x00\x83\xC0\x1E\x00\x01\xE0\x1E\x00\x01\xE0\x3C\x00\x01\xE0\x3C\x00\x01\xE0\x78\x00\x01\xE0\x70\x00\x01\xE0\xF0\x00\x01\xE0\xE0\x00\x01\xE1\xE0\xFC\x83\xC1\xC3\xFF\x83\xC3\xC7\xFF\xC7\xC7\x87\x87\xFF\x87\x8F\x03\xFF\x0F\x0F\x03\x7C\x0F\x1E\x01\x00\x1E\x1E\x01\x00\x1C\x1E\x01\x00\x3C\x1E\x01\x00\x38\x1E\x01\x00\x78\x1E\x01\x00\x70\x1E\x01\x00\xF0\x1E\x01\x00\xE0\x0F\x03\x01\xE0\x0F\x03\x01\xC0\x0F\x87\x03\xC0\x07\xFF\x07\x80\x03\xFF\x07\x80\x01\xFE",
    /* 0x26 */ "\x00\x7F\xC0\x00\x00\xFF\xE0\x00\x01\xFF\xF0\x00\x03\xFF\xF8\x00\x07\xE1\xF8\x00\x07\xE0\xF8\x00\x07\xC0\xF8\x00\x07\xC0\xF8\x00\x07\xC1\xF8\x00\x07\xC1\xF0\x00\x07\xE3\xF0\x00\x03\xEF\xE0\x00\x03\xFF\xC0\x00\x01\xFF\x00\x00\x01\xFE\x00\x7E\x03\xFC\x00\x7C\x0F\xFE\x00\x7C\x1F\xFF\x00\xFC\x1F\xFF\x00\xF8\x3F\x1F\xC1\xF8\x7F\x1F\xE1\xF0\x7E\x0F\xF3\xF0\x7E\x07\xFF\xE0\x7E\x03\xFF\xC0\x7E\x01\xFF\xC0\x7F\x00\xFF\xC0\x7F\x80\x7F\xF0\x3F\xE3\xFF\xFE\x3F\xFF\xFF\xFE\x1F\xFF\xFB\xFE\x0F\xFF\xE0\xFC\x03\xFF\x80\x3C",
    /* 0x27 */ "\x00\x07\xE0\x00\x00\x07\xE0\x00\x00\x07\xE0\x00\x00\x07\xE0\x00\x00\x07\xE0\x00\x00\x07\xE0\x00\x00\x07\xE0\x00\x00\x07\xE0\x00\x00\x07\xC0\x00\x00\x03\xC0\x00\x00\x03\xC0\x00\x00\x03\xC0\x00\x00\x03\xC0\x00\x00\x03\xC0\x00\x00\x00\x00\x00\x00\x00\x00\x00\x00\x00\x00\x00\x00\x00\x00\x00\x00\x00\x00\x00\x00\x00\x00\x00\x00\x00\x00\x00\x00\x00\x00\x00\x00\x00\x00\x00\x00\x00\x00\x00\x00\x00\x00\x00\x00\x00\x00\x00\x00\x00\x00\x00\x00\x00\x00\x00\x00\x00\x00\x00\x00\x00\x00\x00\x00\x00\x00\x00\x00\x00\x00\x00",
    /* 0x28 */ "\x00\x03\xE0\x00\x00\x03\xE0\x00\x00\x07\xC0\x00\x00\x07\xC0\x00\x00\x07\xC0\x00\x00\x0F\x80\x00\x00\x0F\x80\x00\x00\x0F\x80\x00\x00\x0F\x80\x00\x00\x1F\x80\x00\x00\x1F\x00\x00\x00\x1F\x00\x00\x00\x1F\x00\x00\x00\x1F\x00\x00\x00\x1F\x00\x00\x00\x1F\x00\x00\x00\x1F\x00\x00\x00\x1F\x00\x00\x00\x1F\x00\x00\x00\x1F\x00\x00\x00\x1F\x00\x00\x00\x1F\x00\x00\x00\x1F\x80\x00\x00\x0F\x80\x00\x00\x0F\x80\x00\x00\x0F\x80\x00\x00\x0F\x80\x00\x00\x07\x80\x00\x00\x07\xC0\x00\x00\x07\xC0\x00\x00\x03\xC0\x00\x00\x03\xE0\x00",
    /* 0x29 */ "\x00\x0F\x80\x00\x00\x0F\x80\x00\x00\x07\xC0\x00\x00\x07\xC0\x00\x00\x07\xC0\x00\x00\x03\xE0\x00\x00\x03\xE0\x00\x00\x03\xE0\x00\x00\x03\xE0\x00\x00\x03\xF0\x00\x00\x01\xF0\x00\x00\x01\xF0\x00\x00\x01\xF0\x00\x00\x01\xF0\x00\x00\x01\xF0\x00\x00\x01\xF0\x00\x00\x01\xF0\x00\x00\x01\xF0\x00\x00\x01\xF0\x00\x00\x01\xF0\x00\x00\x01\xF0\x00\x00\x01\xF0\x00\x00\x03\xF0\x00\x00\x03\xE0\x00\x00\x03\xE0\x00\x00\x03\xE0\x00\x00\x03\xE0\x00\x00\x07\xC0\x00\x00\x07\xC0\x00\x00\x07\xC0\x00\x00\x07\x80\x00\x00\x0F\x80\x00",
    /* 0x2A */ "\x00\x03\xC0\x00\x00\x03\xC0\x00\x00\x03\xC0\x00\x00\xFF\xFF\x00\x00\xFF\xFF\x00\x00\xFF\xFF\x00\x00\x3F\xFC\x00\x00\x0F\xF0\x00\x00\x0F\xF0\x00\x00\x1F\xF0\x00\x00\x1F\xF8\x00\x00\x3E\x7C\x00\x00\x3C\x3C\x00\x00\x18\x18\x00\x00\x00\x00\x00\x00\x00\x00\x00\x00\x00\x00\x00\x00\x00\x00\x00\x00\x00\x00\x00\x00\x00\x00\x00\x00\x00\x00\x00\x00\x00\x00\x00\x00\x00\x00\x00\x00\x00\x00\x00\x00\x00\x00\x00\x00\x00\x00\x00\x00\x00\x00\x00\x00\x00\x00\x00\x00\x00\x00\x00\x00\x00\x00\x00\x00\x00\x00\x00\x00\x00\x00\x00",
    /* 0x2B */ "\x00\x00\x00\x00\x00\x00\x00\x00\x00\x03\xC0\x00\x00\x03\xC0\x00\x00\x03\xC0\x00\x00\x03\xC0\x00\x00\x03\xC0\x00\x00\x03\xC0\x00\x00\x03\xC0\x00\x00\x03\xC0\x00\x00\x03\xC0\x00\x00\x03\xC0\x00\x07\xFF\xFF\xE0\x07\xFF\xFF\xE0\x07\xFF\xFF\xE0\x07\xFF\xFF\xE0\x00\x03\xC0\x00\x00\x03\xC0\x00\x00\x03\xC0\x00\x00\x03\xC0\x00\x00\x03\xC0\x00\x00\x03\xC0\x00\x00\x03\xC0\x00\x00\x03\xC0\x00\x00\x03\xC0\x00\x00\x00\x00\x00\x00\x00\x00\x00\x00\x00\x00\x00\x00\x00\x00\x00\x00\x00\x00\x00\x00\x00\x00\x00\x00\x00\x00\x00",
    /* 0x2C */ "\x00\x00\x00\x00\x00\x00\x00\x00\x00\x00\x00\x00\x00\x00\x00\x00\x00\x00\x00\x00\x00\x00\x00\x00\x00\x00\x00\x00\x00\x03\xC0\x00\x00\x07\xE0\x00\x00\x0F\xE0\x00\x00\x0F\xF0\x00\x00\x0F\xF0\x00\x00\x07\xF0\x00\x00\x03\xF0\x00\x00\x00\xF0\x00\x00\x00\xF0\x00\x00\x01\xE0\x00\x00\x01\xE0\x00\x00\x03\xC0\x00\x00\x0F\xC0\x00\x00\x1F\x80\x00\x00\x0F\x00\x00\x00\x0C\x00\x00\x00\x00\x00\x00\x00\x00\x00\x00\x00\x00\x00\x00\x00\x00\x00\x00\x00\x00\x00\x00\x00\x00\x00\x00\x00\x00\x00\x00\x00\x00\x00\x00\x00\x00\x00\x00",
    /* 0x2D */ "\x00\x00\x00\x00\x00\x00\x00\x00\x00\x00\x00\x00\x00\x00\x00\x00\x00\x00\x00\x00\x00\x00\x00\x00\x00\x00\x00\x00\x00\x00\x00\x00\x00\x3F\xFC\x00\x00\x3F\xFC\x00\x00\x3F\xFC\x00\x00\x3F\xFC\x00\x00\x3F\xFC\x00\x00\x00\x00\x00\x00\x00\x00\x00\x00\x00\x00\x00\x00\x00\x00\x00\x00\x00\x00\x00\x00\x00\x00\x00\x00\x00\x00\x00\x00\x00\x00\x00\x00\x00\x00\x00\x00\x00\x00\x00\x00\x00\x00\x00\x00\x00\x00\x00\x00\x00\x00\x00\x00\x00\x00\x00\x00\x00\x00\x00\x00\x00\x00\x00\x00\x00\x00\x00\x00\x00\x00\x00\x00\x00\x00\x00",
    /* 0x2E */ "\x00\x00\x00\x00\x00\x00\x00\x00\x00\x00\x00\x00\x00\x00\x00\x00\x00\x00\x00\x00\x00\x00\x00\x00\x00\x00\x00\x00\x00\x00\x00\x00\x00\x00\x00\x00\x00\x00\x00\x00\x00\x00\x00\x00\x00\x01\x00\x00\x00\x07\xC0\x00\x00\x0F\xE0\x00\x00\x0F\xE0\x00\x00\x0F\xE0\x00\x00\x0F\xE0\x00\x00\x0F\xE0\x00\x00\x07\xC0\x00\x00\x01\x00\x00\x00\x00\x00\x00\x00\x00\x00\x00\x00\x00\x00\x00\x00\x00\x00\x00\x00\x00\x00\x00\x00\x00\x00\x00\x00\x00\x00\x00\x00\x00\x00\x00\x00\x00\x00\x00\x00\x00\x00\x00\x00\x00\x00\x00\x00\x00\x00\x00",
    /* 0x2F */ "\x00\x00\x78\x00\x00\x00\x78\x00\x00\x00\x78\x00\x00\x00\x78\x00\x00\x00\xF0\x00\x00\x00\xF0\x00\x00\x00\xF0\x00\x00\x01\xE0\x00\x00\x01\xE0\x00\x00\x01\xE0\x00\x00\x01\xE0\x00\x00\x03\xC0\x00\x00\x03\xC0\x00\x00\x03\xC0\x00\x00\x03\xC0\x00\x00\x07\x80\x00\x00\x07\x80\x00\x00\x07\x80\x00\x00\x07\x80\x00\x00\x0F\x00\x00\x00\x0F\x00\x00\x00\x0F\x00\x00\x00\x1E\x00\x00\x00\x1E\x00\x00\x00\x1E\x00\x00\x00\x1E\x00\x00\x00\x3C\x00\x00\x00\x3C\x00\x00\x00\x3C\x00\x00\x00\x3C\x00\x00\x00\x78\x00\x00\x00\x78\x00\x00",
    /* 0x30 */ "\x00\x1F\xF8\x00\x00\x3F\xFC\x00\x00\x7F\xFE\x00\x00\xFF\xFF\x00\x01\xFE\x7F\x80\x01\xF8\x1F\x80\x03\xF8\x1F\xC0\x03\xF0\x0F\xC0\x03\xF0\x0F\xC0\x03\xF0\x0F\xC0\x07\xE0\x07\xE0\x07\xE0\x07\xE0\x07\xE0\x07\xE0\x07\xE0\x07\xE0\x07\xE0\x07\xE0\x07\xE0\x07\xE0\x07\xE0\x07\xE0\x07\xE0\x07\xE0\x07\xE0\x07\xE0\x07\xE0\x07\xE0\x07\xE0\x07\xE0\x07\xE0\x07\xE0\x03\xF0\x0F\xC0\x03\xF0\x0F\xC0\x03\xF0\x0F\xC0\x03\xF8\x1F\x80\x01\xF8\x1F\x80\x01\xFE\x7F\x00\x00\xFF\xFF\x00\x00\x7F\xFE\x00\x00\x3F\xFC\x00\x00\x1F\xF0\x00",
    /* 0x31 */ "\x00\x03\xF0\x00\x00\x0F\xF0\x00\x00\x7F\xF0\x00\x00\xFF\xF0\x00\x00\xFF\xF0\x00\x00\xFF\xF0\x00\x00\x03\xF0\x00\x00\x03\xF0\x00\x00\x03\xF0\x00\x00\x03\xF0\x00\x00\x03\xF0\x00\x00\x03\xF0\x00\x00\x03\xF0\x00\x00\x03\xF0\x00\x00\x03\xF0\x00\x00\x03\xF0\x00\x00\x03\xF0\x00\x00\x03\xF0\x00\x00\x03\xF0\x00\x00\x03\xF0\x00\x00\x03\xF0\x00\x00\x03\xF0\x00\x00\x03\xF0\x00\x00\x03\xF0\x00\x00\x03\xF0\x00\x00\x03\xF0\x00\x00\x03\xF0\x00\x01\xFF\xFF\xC0\x01\xFF\xFF\xC0\x01\xFF\xFF\xC0\x01\xFF\xFF\xC0\x01\xFF\xFF\xC0",
    /* 0x32 */ "\x00\x3F\xF0\x00\x00\xFF\xF8\x00\x01\xFF\xFE\x00\x03\xFF\xFE\x00\x07\xF9\xFF\x00\x03\xC0\x7F\x00\x01\x80\x3F\x80\x00\x00\x1F\x80\x00\x00\x1F\x80\x00\x00\x1F\x80\x00\x00\x1F\x80\x00\x00\x1F\x80\x00\x00\x1F\x80\x00\x00\x3F\x00\x00\x00\x3F\x00\x00\x00\x7E\x00\x00\x00\x7E\x00\x00\x00\xFC\x00\x00\x01\xFC\x00\x00\x03\xF8\x00\x00\x07\xF0\x00\x00\x07\xE0\x00\x00\x0F\xC0\x00\x00\x1F\x80\x00\x00\x3F\x80\x00\x00\xFF\x00\x00\x01\xFE\x00\x00\x03\xFF\xFF\xC0\x07\xFF\xFF\xC0\x07\xFF\xFF\xC0\x07\xFF\xFF\xC0\x07\xFF\xFF\xC0",
    /* 0x33 */ "\x00\x3F\xF0\x00\x00\xFF\xFC\x00\x01\xFF\xFE\x00\x03\xFF\xFF\x00\x03\xF8\xFF\x00\x01\xC0\x3F\x80\x00\x80\x1F\x80\x00\x00\x1F\x80\x00\x00\x1F\x80\x00\x00\x1F\x80\x00\x00\x3F\x00\x00\x00\x7F\x00\x00\x01\xFE\x00\x00\x1F\xFC\x00\x00\x1F\xF8\x00\x00\x1F\xF0\x00\x00\x1F\xFC\x00\x00\x1F\xFF\x00\x00\x00\xFF\x00\x00\x00\x3F\x80\x00\x00\x1F\x80\x00\x00\x0F\xC0\x00\x00\x0F\xC0\x00\x00\x0F\xC0\x00\x00\x0F\xC0\x03\x00\x1F\xC0\x07\xC0\x3F\x80\x07\xF8\xFF\x80\x07\xFF\xFF\x00\x03\xFF\xFE\x00\x01\xFF\xFC\x00\x00\x7F\xF0\x00",
    /* 0x34 */ "\x00\x00\xFF\x00\x00\x01\xFF\x00\x00\x01\xFF\x00\x00\x03\xFF\x00\x00\x03\xFF\x00\x00\x07\xFF\x00\x00\x0F\xBF\x00\x00\x0F\xBF\x00\x00\x1F\x3F\x00\x00\x3F\x3F\x00\x00\x3E\x3F\x00\x00\x7E\x3F\x00\x00\xFC\x3F\x00\x00\xF8\x3F\x00\x01\xF8\x3F\x00\x01\xF0\x3F\x00\x03\xE0\x3F\x00\x07\xE0\x3F\x00\x07\xC0\x3F\x00\x0F\xFF\xFF\xF0\x0F\xFF\xFF\xF0\x0F\xFF\xFF\xF0\x0F\xFF\xFF\xF0\x0F\xFF\xFF\xE0\x00\x00\x3F\x00\x00\x00\x3F\x00\x00\x00\x3F\x00\x00\x00\x3F\x00\x00\x00\x3F\x00\x00\x00\x3F\x00\x00\x00\x3F\x00\x00\x00\x3F\x00",
    /* 0x35 */ "\x01\xFF\xFF\x00\x01\xFF\xFF\x00\x01\xFF\xFF\x00\x01\xFF\xFF\x00\x01\xF0\x00\x00\x01\xF0\x00\x00\x01\xF0\x00\x00\x01\xF0\x00\x00\x01\xF0\x00\x00\x01\xF0\x00\x00\x01\xF7\xF0\x00\x01\xFF\xFC\x00\x01\xFF\xFE\x00\x01\xFF\xFF\x00\x00\xF0\x7F\x80\x00\x40\x3F\x80\x00\x00\x1F\xC0\x00\x00\x0F\xC0\x00\x00\x0F\xC0\x00\x00\x0F\xC0\x00\x00\x0F\xC0\x00\x00\x0F\xC0\x00\x00\x0F\xC0\x00\x00\x1F\xC0\x03\x00\x1F\x80\x07\xC0\x3F\x80\x0F\xF0\xFF\x00\x0F\xFF\xFF\x00\x03\xFF\xFE\x00\x01\xFF\xF8\x00\x00\x7F\xF0\x00\x00\x03\x00\x00",
    /* 0x36 */ "\x00\x07\xFE\x00\x00\x1F\xFF\x00\x00\x3F\xFF\xC0\x00\x7F\xFF\xC0\x00\xFF\x9F\x80\x01\xFC\x03\x00\x01\xF8\x00\x00\x03\xF8\x00\x00\x03\xF0\x00\x00\x03\xF0\x00\x00\x03\xF0\x00\x00\x07\xE0\x00\x00\x07\xE1\xF8\x00\x07\xE7\xFE\x00\x07\xEF\xFF\x00\x07\xFF\xFF\x80\x07\xFC\x3F\xC0\x07\xF8\x0F\xC0\x07\xF0\x0F\xE0\x07\xE0\x07\xE0\x07\xE0\x07\xE0\x07\xE0\x07\xE0\x03\xF0\x07\xE0\x03\xF0\x07\xE0\x03\xF0\x0F\xE0\x01\xF8\x0F\xC0\x01\xFC\x1F\xC0\x00\xFE\x3F\xC0\x00\xFF\xFF\x80\x00\x7F\xFF\x00\x00\x3F\xFE\x00\x00\x0F\xF8\x00",
    /* 0x37 */ "\x07\xFF\xFF\xC0\x07\xFF\xFF\xC0\x07\xFF\xFF\xC0\x07\xFF\xFF\xC0\x07\xFF\xFF\x80\x00\x00\x1F\x00\x00\x00\x1F\x00\x00\x00\x3E\x00\x00\x00\x7C\x00\x00\x00\x7C\x00\x00\x00\xF8\x00\x00\x00\xF8\x00\x00\x01\xF0\x00\x00\x01\xF0\x00\x00\x03\xF0\x00\x00\x03\xE0\x00\x00\x07\xE0\x00\x00\x07\xE0\x00\x00\x07\xC0\x00\x00\x07\xC0\x00\x00\x0F\xC0\x00\x00\x0F\xC0\x00\x00\x0F\xC0\x00\x00\x0F\x80\x00\x00\x0F\x80\x00\x00\x1F\x80\x00\x00\x1F\x80\x00\x00\x1F\x80\x00\x00\x1F\x80\x00\x00\x1F\x80\x00\x00\x1F\x80\x00\x00\x1F\x80\x00",
    /* 0x38 */ "\x00\x1F\xF8\x00\x00\x7F\xFC\x00\x00\xFF\xFE\x00\x01\xFF\xFF\x00\x01\xF8\x3F\x00\x03\xF0\x1F\x80\x03\xE0\x0F\x80\x03\xE0\x0F\x80\x03\xE0\x0F\x80\x03\xE0\x0F\x80\x03\xF0\x0F\x80\x01\xF8\x1F\x00\x01\xFC\x1F\x00\x00\xFF\x3E\x00\x00\x7F\xFC\x00\x00\x3F\xF8\x00\x00\x7F\xFE\x00\x00\xFB\xFF\x00\x01\xF0\xFF\x80\x03\xE0\x3F\xC0\x03\xE0\x1F\xC0\x07\xC0\x0F\xE0\x07\xC0\x07\xE0\x07\xC0\x07\xE0\x07\xC0\x07\xE0\x07\xE0\x07\xE0\x07\xE0\x0F\xE0\x03\xF0\x1F\xC0\x03\xFF\xFF\x80\x01\xFF\xFF\x80\x00\x7F\xFE\x00\x00\x3F\xFC\x00",
    /* 0x39 */ "\x00\x1F\xF0\x00\x00\x7F\xFC\x00\x00\xFF\xFE\x00\x01\xFF\xFF\x00\x03\xFC\x7F\x00\x03\xF8\x3F\x80\x07\xF0\x1F\x80\x07\xE0\x0F\xC0\x07\xE0\x0F\xC0\x07\xE0\x0F\xC0\x07\xE0\x07\xE0\x07\xE0\x07\xE0\x07\xE0\x0F\xE0\x07\xF0\x1F\xE0\x03\xF8\x3F\xE0\x03\xFF\xFF\xE0\x01\xFF\xFF\xE0\x00\xFF\xF7\xE0\x00\x7F\xC7\xE0\x00\x1F\x87\xE0\x00\x00\x07\xE0\x00\x00\x0F\xC0\x00\x00\x0F\xC0\x00\x00\x0F\xC0\x00\x00\x1F\x80\x00\x00\x3F\x80\x00\xC0\x7F\x00\x01\xF9\xFF\x00\x03\xFF\xFE\x00\x03\xFF\xFC\x00\x00\xFF\xF8\x00\x00\x7F\xE0\x00",
    /* 0x3A */ "\x00\x00\x00\x00\x00\x00\x00\x00\x00\x00\x00\x00\x00\x03\x80\x00\x00\x07\xC0\x00\x00\x0F\xE0\x00\x00\x0F\xE0\x00\x00\x0F\xE0\x00\x00\x0F\xE0\x00\x00\x07\xC0\x00\x00\x03\x80\x00\x00\x00\x00\x00\x00\x00\x00\x00\x00\x00\x00\x00\x00\x00\x00\x00\x00\x00\x00\x00\x00\x00\x00\x00\x00\x00\x00\x00\x00\x00\x00\x00\x00\x01\x00\x00\x00\x07\xC0\x00\x00\x0F\xE0\x00\x00\x0F\xE0\x00\x00\x0F\xE0\x00\x00\x0F\xE0\x00\x00\x0F\xE0\x00\x00\x07\xC0\x00\x00\x01\x00\x00\x00\x00\x00\x00\x00\x00\x00\x00\x00\x00\x00\x00\x00\x00\x00\x00",
    /* 0x3B */ "\x00\x07\xC0\x00\x00\x0F\xE0\x00\x00\x0F\xE0\x00\x00\x0F\xE0\x00\x00\x0F\xE0\x00\x00\x07\xC0\x00\x00\x03\x80\x00\x00\x00\x00\x00\x00\x00\x00\x00\x00\x00\x00\x00\x00\x00\x00\x00\x00\x00\x00\x00\x00\x00\x00\x00\x00\x00\x00\x00\x00\x00\x00\x00\x00\x00\x00\x00\x00\x03\xC0\x00\x00\x07\xE0\x00\x00\x0F\xE0\x00\x00\x0F\xF0\x00\x00\x0F\xF0\x00\x00\x07\xF0\x00\x00\x03\xF0\x00\x00\x00\xF0\x00\x00\x00\xF0\x00\x00\x01\xE0\x00\x00\x01\xE0\x00\x00\x03\xC0\x00\x00\x0F\xC0\x00\x00\x1F\x80\x00\x00\x0F\x00\x00\x00\x0C\x00\x00",
    /* 0x3C */ "\x00\x00\x00\x00\x00\x00\x00\x00\x00\x00\x00\x00\x00\x00\x00\x60\x00\x00\x01\xE0\x00\x00\x0F\xE0\x00\x00\x7F\xE0\x00\x01\xFF\xE0\x00\x0F\xFF\x80\x00\x3F\xFC\x00\x01\xFF\xE0\x00\x07\xFF\x00\x00\x07\xFC\x00\x00\x07\xE0\x00\x00\x07\xF8\x00\x00\x07\xFF\x00\x00\x01\xFF\xE0\x00\x00\x3F\xFC\x00\x00\x0F\xFF\x80\x00\x01\xFF\xE0\x00\x00\x7F\xE0\x00\x00\x0F\xE0\x00\x00\x03\xE0\x00\x00\x00\x60\x00\x00\x00\x00\x00\x00\x00\x00\x00\x00\x00\x00\x00\x00\x00\x00\x00\x00\x00\x00\x00\x00\x00\x00\x00\x00\x00\x00\x00\x00\x00\x00",
    /* 0x3D */ "\x00\x00\x00\x00\x00\x00\x00\x00\x00\x00\x00\x00\x00\x00\x00\x00\x07\xFF\xFF\xE0\x07\xFF\xFF\xE0\x07\xFF\xFF\xE0\x07\xFF\xFF\xE0\x00\x00\x00\x00\x00\x00\x00\x00\x00\x00\x00\x00\x00\x00\x00\x00\x00\x00\x00\x00\x00\x00\x00\x00\x00\x00\x00\x00\x07\xFF\xFF\xE0\x07\xFF\xFF\xE0\x07\xFF\xFF\xE0\x07\xFF\xFF\xE0\x07\xFF\xFF\xE0\x00\x00\x00\x00\x00\x00\x00\x00\x00\x00\x00\x00\x00\x00\x00\x00\x00\x00\x00\x00\x00\x00\x00\x00\x00\x00\x00\x00\x00\x00\x00\x00\x00\x00\x00\x00\x00\x00\x00\x00\x00\x00\x00\x00\x00\x00\x00\x00",
    /* 0x3E */ "\x00\x00\x00\x00\x00\x00\x00\x00\x00\x00\x00\x00\x06\x00\x00\x00\x07\x80\x00\x00\x07\xF0\x00\x00\x07\xFE\x00\x00\x07\xFF\x80\x00\x01\xFF\xF0\x00\x00\x3F\xFC\x00\x00\x07\xFF\x80\x00\x00\xFF\xE0\x00\x00\x3F\xE0\x00\x00\x07\xE0\x00\x00\x1F\xE0\x00\x00\xFF\xE0\x00\x07\xFF\x80\x00\x3F\xFC\x00\x01\xFF\xF0\x00\x07\xFF\x80\x00\x07\xFE\x00\x00\x07\xF0\x00\x00\x07\xC0\x00\x00\x06\x00\x00\x00\x00\x00\x00\x00\x00\x00\x00\x00\x00\x00\x00\x00\x00\x00\x00\x00\x00\x00\x00\x00\x00\x00\x00\x00\x00\x00\x00\x00\x00\x00\x00\x00",
    /* 0x3F */ "\x00\x7F\xFE\x00\x00\xFF\xFF\x00\x00\xFF\xFF\x00\x00\xF8\x3F\x80\x00\x20\x3F\x80\x00\x00\x1F\x80\x00\x00\x1F\x80\x00\x00\x1F\x80\x00\x00\x1F\x80\x00\x00\x3F\x00\x00\x00\x7F\x00\x00\x00\x7E\x00\x00\x00\xFC\x00\x00\x01\xF8\x00\x00\x03\xF0\x00\x00\x03\xF0\x00\x00\x07\xE0\x00\x00\x07\xC0\x00\x00\x07\xC0\x00\x00\x07\xC0\x00\x00\x07\xC0\x00\x00\x00\x00\x00\x00\x00\x00\x00\x00\x00\x00\x00\x00\x01\x00\x00\x00\x07\xC0\x00\x00\x0F\xE0\x00\x00\x0F\xE0\x00\x00\x0F\xE0\x00\x00\x0F\xE0\x00\x00\x0F\xE0\x00\x00\x07\xC0\x00",
    /* 0x40 */ "\x1F\xE0\x00\xFE\x3F\x80\x00\x3F\x7E\x00\x00\x1F\xFC\x00\x00\x0F\xF8\x00\x00\x07\xF0\x00\x00\x07\xE0\x07\xCF\x03\xE0\x1F\xEF\x03\xC0\x3F\xFF\x03\xC0\x7F\xFF\x01\x80\xFC\x7E\x01\x80\xF8\x3E\x01\x81\xF0\x3E\x01\x01\xE0\x3E\x01\x01\xE0\x3E\x01\x03\xC0\x3C\x01\x03\xC0\x3C\x03\x03\xC0\x7C\x03\x03\xC0\x7C\x07\x03\xC0\x7C\x07\x03\xE0\xFC\x0F\x83\xF1\xFE\x3F\x81\xFF\xFF\xFE\x81\xFF\x9F\xFC\xC0\xFF\x0F\xF8\xC0\x3C\x07\xE0\xE0\x00\x00\x00\xF0\x00\x00\x00\xF8\x00\x00\x00\xFC\x00\x00\x00\xFF\x00\x04\x00\x7F\xE0\x3E\x00",
    /* 0x41 */ "\x00\x0F\xE0\x00\x00\x0F\xE0\x00\x00\x1F\xF0\x00\x00\x1F\xF0\x00\x00\x1F\xF0\x00\x00\x3E\xF8\x00\x00\x3E\xF8\x00\x00\x3E\xF8\x00\x00\x7C\x7C\x00\x00\x7C\x7C\x00\x00\x7C\x7C\x00\x00\xFC\x7E\x00\x00\xF8\x3E\x00\x00\xF8\x3E\x00\x01\xF8\x3F\x00\x01\xF0\x3F\x00\x01\xF0\x1F\x00\x03\xF0\x1F\x80\x03\xFF\xFF\x80\x03\xFF\xFF\x80\x07\xFF\xFF\xC0\x07\xFF\xFF\xC0\x07\xFF\xFF\xC0\x0F\xC0\x07\xE0\x0F\xC0\x07\xE0\x0F\xC0\x07\xE0\x1F\x80\x03\xF0\x1F\x80\x03\xF0\x1F\x80\x03\xF0\x3F\x00\x03\xF8\x3F\x00\x01\xF8\x3F\x00\x01\xF8",
    /* 0x42 */ "\x07\xFF\xF0\x00\x07\xFF\xFE\x00\x07\xFF\xFF\x80\x07\xFF\xFF\xC0\x07\xFF\xFF\xC0\x07\xE0\x1F\xE0\x07\xE0\x0F\xE0\x07\xE0\x07\xE0\x07\xE0\x07\xE0\x07\xE0\x07\xE0\x07\xE0\x07\xE0\x07\xE0\x0F\xC0\x07\xE0\x3F\xC0\x07\xFF\xFF\x80\x07\xFF\xFE\x00\x07\xFF\xFF\x00\x07\xFF\xFF\xC0\x07\xFF\xFF\xE0\x07\xE0\x0F\xF0\x07\xE0\x03\xF0\x07\xE0\x01\xF8\x07\xE0\x01\xF8\x07\xE0\x01\xF8\x07\xE0\x01\xF8\x07\xE0\x03\xF8\x07\xE0\x03\xF8\x07\xE0\x0F\xF0\x07\xFF\xFF\xF0\x07\xFF\xFF\xE0\x07\xFF\xFF\xC0\x07\xFF\xFF\x00\x07\xFF\xF8\x00",
    /* 0x43 */ "\x00\x07\xFF\x00\x00\x1F\xFF\xC0\x00\x3F\xFF\xE0\x00\x7F\xFF\xF0\x00\xFF\x87\xE0\x01\xFE\x01\xC0\x03\xF8\x00\xC0\x03\xF0\x00\x00\x07\xF0\x00\x00\x07\xE0\x00\x00\x07\xE0\x00\x00\x0F\xC0\x00\x00\x0F\xC0\x00\x00\x0F\xC0\x00\x00\x0F\xC0\x00\x00\x0F\xC0\x00\x00\x0F\xC0\x00\x00\x0F\xC0\x00\x00\x0F\xC0\x00\x00\x0F\xC0\x00\x00\x0F\xC0\x00\x00\x07\xE0\x00\x00\x07\xE0\x00\x00\x07\xF0\x00\x00\x03\xF0\x00\x00\x03\xF8\x00\xE0\x01\xFC\x01\xF0\x00\xFF\x8F\xF0\x00\xFF\xFF\xF0\x00\x3F\xFF\xE0\x00\x1F\xFF\xC0\x00\x07\xFF\x00",
    /* 0x44 */ "\x0F\xFF\xC0\x00\x0F\xFF\xF8\x00\x0F\xFF\xFE\x00\x0F\xFF\xFF\x00\x0F\xFF\xFF\x80\x0F\xC0\x7F\xC0\x0F\xC0\x1F\xE0\x0F\xC0\x0F\xE0\x0F\xC0\x07\xF0\x0F\xC0\x03\xF0\x0F\xC0\x03\xF0\x0F\xC0\x03\xF8\x0F\xC0\x01\xF8\x0F\xC0\x01\xF8\x0F\xC0\x01\xF8\x0F\xC0\x01\xF8\x0F\xC0\x01\xF8\x0F\xC0\x01\xF8\x0F\xC0\x01\xF8\x0F\xC0\x01\xF8\x0F\xC0\x03\xF8\x0F\xC0\x03\xF0\x0F\xC0\x03\xF0\x0F\xC0\x07\xF0\x0F\xC0\x0F\xE0\x0F\xC0\x1F\xE0\x0F\xC0\x7F\xC0\x0F\xFF\xFF\x80\x0F\xFF\xFF\x00\x0F\xFF\xFE\x00\x0F\xFF\xF8\x00\x0F\xFF\xC0\x00",
    /* 0x45 */ "\x03\xFF\xFF\xC0\x03\xFF\xFF\xC0\x03\xFF\xFF\xC0\x03\xFF\xFF\xC0\x03\xFF\xFF\x80\x03\xF0\x00\x00\x03\xF0\x00\x00\x03\xF0\x00\x00\x03\xF0\x00\x00\x03\xF0\x00\x00\x03\xF0\x00\x00\x03\xF0\x00\x00\x03\xF0\x00\x00\x03\xFF\xFF\x00\x03\xFF\xFF\x00\x03\xFF\xFF\x00\x03\xFF\xFF\x00\x03\xFF\xFE\x00\x03\xF0\x00\x00\x03\xF0\x00\x00\x03\xF0\x00\x00\x03\xF0\x00\x00\x03\xF0\x00\x00\x03\xF0\x00\x00\x03\xF0\x00\x00\x03\xF0\x00\x00\x03\xF0\x00\x00\x03\xFF\xFF\xC0\x03\xFF\xFF\xC0\x03\xFF\xFF\xC0\x03\xFF\xFF\xC0\x03\xFF\xFF\xC0",
    /* 0x46 */ "\x01\xFF\xFF\xE0\x01\xFF\xFF\xE0\x01\xFF\xFF\xE0\x01\xFF\xFF\xE0\x01\xFF\xFF\xC0\x01\xF8\x00\x00\x01\xF8\x00\x00\x01\xF8\x00\x00\x01\xF8\x00\x00\x01\xF8\x00\x00\x01\xF8\x00\x00\x01\xF8\x00\x00\x01\xF8\x00\x00\x01\xF8\x00\x00\x01\xFF\xFF\x80\x01\xFF\xFF\x80\x01\xFF\xFF\x80\x01\xFF\xFF\x80\x01\xFF\xFF\x00\x01\xF8\x00\x00\x01\xF8\x00\x00\x01\xF8\x00\x00\x01\xF8\x00\x00\x01\xF8\x00\x00\x01\xF8\x00\x00\x01\xF8\x00\x00\x01\xF8\x00\x00\x01\xF8\x00\x00\x01\xF8\x00\x00\x01\xF8\x00\x00\x01\xF8\x00\x00\x01\xF8\x00\x00",
    /* 0x47 */ "\x00\x0F\xFE\x00\x00\x3F\xFF\x80\x00\xFF\xFF\xC0\x01\xFF\xFF\xE0\x03\xFF\x0F\xE0\x07\xF8\x03\xC0\x0F\xF0\x00\x80\x0F\xE0\x00\x00\x1F\xC0\x00\x00\x1F\x80\x00\x00\x1F\x80\x00\x00\x3F\x80\x00\x00\x3F\x00\x00\x00\x3F\x00\x00\x00\x3F\x00\x7F\xF0\x3F\x00\x7F\xF0\x3F\x00\x7F\xF0\x3F\x00\x7F\xF0\x3F\x00\x7F\xF0\x3F\x00\x01\xF0\x3F\x80\x01\xF0\x1F\x80\x01\xF0\x1F\x80\x01\xF0\x1F\xC0\x01\xF0\x0F\xE0\x01\xF0\x0F\xF0\x01\xF0\x07\xF8\x01\xF0\x03\xFF\x0F\xF0\x01\xFF\xFF\xF0\x00\xFF\xFF\xE0\x00\x7F\xFF\xC0\x00\x1F\xFF\x00",
    /* 0x48 */ "\x1F\x80\x03\xF0\x1F\x80\x03\xF0\x1F\x80\x03\xF0\x1F\x80\x03\xF0\x1F\x80\x03\xF0\x1F\x80\x03\xF0\x1F\x80\x03\xF0\x1F\x80\x03\xF0\x1F\x80\x03\xF0\x1F\x80\x03\xF0\x1F\x80\x03\xF0\x1F\x80\x03\xF0\x1F\x80\x03\xF0\x1F\xFF\xFF\xF0\x1F\xFF\xFF\xF0\x1F\xFF\xFF\xF0\x1F\xFF\xFF\xF0\x1F\xFF\xFF\xF0\x1F\x80\x03\xF0\x1F\x80\x03\xF0\x1F\x80\x03\xF0\x1F\x80\x03\xF0\x1F\x80\x03\xF0\x1F\x80\x03\xF0\x1F\x80\x03\xF0\x1F\x80\x03\xF0\x1F\x80\x03\xF0\x1F\x80\x03\xF0\x1F\x80\x03\xF0\x1F\x80\x03\xF0\x1F\x80\x03\xF0\x1F\x80\x03\xF0",
    /* 0x49 */ "\x00\x07\xE0\x00\x00\x07\xE0\x00\x00\x07\xE0\x00\x00\x07\xE0\x00\x00\x07\xE0\x00\x00\x07\xE0\x00\x00\x07\xE0\x00\x00\x07\xE0\x00\x00\x07\xE0\x00\x00\x07\xE0\x00\x00\x07\xE0\x00\x00\x07\xE0\x00\x00\x07\xE0\x00\x00\x07\xE0\x00\x00\x07\xE0\x00\x00\x07\xE0\x00\x00\x07\xE0\x00\x00\x07\xE0\x00\x00\x07\xE0\x00\x00\x07\xE0\x00\x00\x07\xE0\x00\x00\x07\xE0\x00\x00\x07\xE0\x00\x00\x07\xE0\x00\x00\x07\xE0\x00\x00\x07\xE0\x00\x00\x07\xE0\x00\x00\x07\xE0\x00\x00\x07\xE0\x00\x00\x07\xE0\x00\x00\x07\xE0\x00\x00\x07\xE0\x00",
    /* 0x4A */ "\x00\x00\x3F\x00\x00\x00\x3F\x00\x00\x00\x3F\x00\x00\x00\x3F\x00\x00\x00\x3F\x00\x00\x00\x3F\x00\x00\x00\x3F\x00\x00\x00\x3F\x00\x00\x00\x3F\x00\x00\x00\x3F\x00\x00\x00\x3F\x00\x00\x00\x3F\x00\x00\x00\x3F\x00\x00\x00\x3F\x00\x00\x00\x3F\x00\x00\x00\x3F\x00\x00\x00\x3F\x00\x00\x00\x3F\x00\x00\x00\x3F\x00\x00\x00\x3F\x00\x00\x00\x3F\x00\x00\x00\x3F\x00\x00\x00\x3F\x00\x00\x00\x3F\x00\x01\x80\x7F\x00\x07\xC0\x7E\x00\x0F\xF1\xFE\x00\x07\xFF\xFC\x00\x03\xFF\xF8\x00\x01\xFF\xF0\x00\x00\x7F\xE0\x00\x00\x06\x00\x00",
    /* 0x4B */ "\x07\xE0\x03\xF8\x07\xE0\x07\xF0\x07\xE0\x07\xE0\x07\xE0\x0F\xC0\x07\xE0\x1F\x80\x07\xE0\x3F\x80\x07\xE0\x7F\x00\x07\xE0\x7E\x00\x07\xE0\xFC\x00\x07\xE1\xF8\x00\x07\xE3\xF8\x00\x07\xE7\xF0\x00\x07\xE7\xE0\x00\x07\xEF\xF0\x00\x07\xFF\xF0\x00\x07\xFF\xF8\x00\x07\xFF\xF8\x00\x07\xFE\xFC\x00\x07\xFC\xFE\x00\x07\xFC\x7E\x00\x07\xF8\x3F\x00\x07\xF0\x3F\x00\x07\xE0\x1F\x80\x07\xE0\x1F\xC0\x07\xE0\x0F\xC0\x07\xE0\x0F\xE0\x07\xE0\x07\xE0\x07\xE0\x03\xF0\x07\xE0\x03\xF8\x07\xE0\x01\xF8\x07\xE0\x01\xFC\x07\xE0\x00\xFC",
    /* 0x4C */ "\x01\xF8\x00\x00\x01\xF8\x00\x00\x01\xF8\x00\x00\x01\xF8\x00\x00\x01\xF8\x00\x00\x01\xF8\x00\x00\x01\xF8\x00\x00\x01\xF8\x00\x00\x01\xF8\x00\x00\x01\xF8\x00\x00\x01\xF8\x00\x00\x01\xF8\x00\x00\x01\xF8\x00\x00\x01\xF8\x00\x00\x01\xF8\x00\x00\x01\xF8\x00\x00\x01\xF8\x00\x00\x01\xF8\x00\x00\x01\xF8\x00\x00\x01\xF8\x00\x00\x01\xF8\x00\x00\x01\xF8\x00\x00\x01\xF8\x00\x00\x01\xF8\x00\x00\x01\xF8\x00\x00\x01\xF8\x00\x00\x01\xF8\x00\x00\x01\xFF\xFF\xC0\x01\xFF\xFF\xE0\x01\xFF\xFF\xE0\x01\xFF\xFF\xE0\x01\xFF\xFF\xE0",
    /* 0x4D */ "\x7F\x00\x01\xFC\x7F\x00\x03\xFC\x7F\x00\x03\xFC\x7F\x80\x03\xFC\x7F\x80\x07\xFC\x7F\x80\x07\xFC\x7F\xC0\x0F\xFC\x7F\xC0\x0F\xFC\x7F\xC0\x0F\xFC\x7F\xE0\x1F\x7C\x7F\xE0\x1F\x7C\x7D\xF0\x1E\xFC\x7D\xF0\x3E\xFC\x7D\xF0\x3E\xFC\x7C\xF8\x3C\xFC\x7C\xF8\x7C\xFC\x7C\x78\x78\xFC\x7C\x7C\x78\xFC\x7C\x7C\xF8\xFC\x7C\x3C\xF0\xFC\x7C\x3E\xF0\xFC\x7C\x3F\xF0\xFC\x7C\x1F\xE0\xFC\x7C\x1F\xE0\xFC\x7C\x0F\xE0\xFC\x7C\x0F\xC0\xFC\x7C\x0F\xC0\xFC\x7C\x07\x80\xFC\x7C\x07\x80\xFC\x7C\x00\x00\xFC\x7C\x00\x00\xFC\x7C\x00\x00\xFC",
    /* 0x4E */ "\x1F\xC0\x03\xF0\x1F\xC0\x03\xF0\x1F\xE0\x03\xF0\x1F\xE0\x03\xF0\x1F\xF0\x03\xF0\x1F\xF0\x03\xF0\x1F\xF8\x03\xF0\x1F\xFC\x03\xF0\x1F\xFC\x03\xF0\x1F\x7E\x03\xF0\x1F\x3E\x03\xF0\x1F\xBF\x03\xF0\x1F\x9F\x03\xF0\x1F\x9F\x83\xF0\x1F\x8F\x83\xF0\x1F\x8F\xC3\xF0\x1F\x87\xE3\xF0\x1F\x87\xE3\xF0\x1F\x83\xF3\xF0\x1F\x81\xF3\xF0\x1F\x81\xFB\xF0\x1F\x80\xFB\xF0\x1F\x80\xFD\xF0\x1F\x80\x7F\xF0\x1F\x80\x7F\xF0\x1F\x80\x3F\xF0\x1F\x80\x3F\xF0\x1F\x80\x1F\xF0\x1F\x80\x0F\xF0\x1F\x80\x0F\xF0\x1F\x80\x07\xF0\x1F\x80\x07\xF0",
    /* 0x4F */ "\x00\x3F\xF8\x00\x00\xFF\xFE\x00\x03\xFF\xFF\x00\x07\xFF\xFF\xC0\x0F\xFC\x7F\xC0\x0F\xE0\x0F\xE0\x1F\xC0\x07\xF0\x1F\x80\x03\xF0\x3F\x80\x03\xF8\x3F\x00\x01\xF8\x3F\x00\x01\xF8\x7E\x00\x01\xFC\x7E\x00\x00\xFC\x7E\x00\x00\xFC\x7E\x00\x00\xFC\x7E\x00\x00\xFC\x7E\x00\x00\xFC\x7E\x00\x00\xFC\x7E\x00\x00\xFC\x7E\x00\x00\xFC\x7E\x00\x01\xFC\x3F\x00\x01\xF8\x3F\x00\x01\xF8\x3F\x80\x03\xF8\x1F\x80\x03\xF0\x1F\xC0\x07\xF0\x0F\xE0\x0F\xE0\x07\xFC\x7F\xC0\x07\xFF\xFF\x80\x01\xFF\xFF\x00\x00\xFF\xFE\x00\x00\x3F\xF8\x00",
    /* 0x50 */ "\x07\xFF\xF0\x00\x07\xFF\xFE\x00\x07\xFF\xFF\x80\x07\xFF\xFF\xC0\x07\xFF\xFF\xE0\x07\xE0\x1F\xE0\x07\xE0\x07\xF0\x07\xE0\x07\xF0\x07\xE0\x03\xF0\x07\xE0\x03\xF0\x07\xE0\x03\xF0\x07\xE0\x03\xF0\x07\xE0\x07\xF0\x07\xE0\x07\xE0\x07\xE0\x1F\xE0\x07\xFF\xFF\xC0\x07\xFF\xFF\xC0\x07\xFF\xFF\x00\x07\xFF\xFE\x00\x07\xFF\xF0\x00\x07\xE0\x00\x00\x07\xE0\x00\x00\x07\xE0\x00\x00\x07\xE0\x00\x00\x07\xE0\x00\x00\x07\xE0\x00\x00\x07\xE0\x00\x00\x07\xE0\x00\x00\x07\xE0\x00\x00\x07\xE0\x00\x00\x07\xE0\x00\x00\x07\xE0\x00\x00",
    /* 0x51 */ "\x0F\xFC\x7F\xC0\x0F\xE0\x0F\xE0\x1F\xC0\x07\xF0\x1F\x80\x03\xF0\x3F\x80\x03\xF8\x3F\x00\x01\xF8\x3F\x00\x01\xF8\x7E\x00\x01\xFC\x7E\x00\x00\xFC\x7E\x00\x00\xFC\x7E\x00\x00\xFC\x7E\x00\x00\xFC\x7E\x00\x00\xFC\x7E\x00\x00\xFC\x7E\x00\x00\xFC\x7E\x00\x00\xFC\x7E\x00\x01\xFC\x3F\x00\x01\xF8\x3F\x00\x01\xF8\x3F\x80\x03\xF8\x1F\x80\x03\xF0\x1F\xC0\x07\xF0\x0F\xE0\x0F\xE0\x07\xFC\x7F\xC0\x07\xFF\xFF\x80\x01\xFF\xFF\x00\x00\xFF\xFE\x00\x00\x3F\xF8\x00\x00\x07\xE0\x00\x00\x07\xF0\x00\x00\x03\xF8\x00\x00\x01\xFE\x00",
    /* 0x52 */ "\x07\xFF\xF8\x00\x07\xFF\xFF\x00\x07\xFF\xFF\x80\x07\xFF\xFF\xC0\x07\xFF\xFF\xE0\x07\xE0\x0F\xE0\x07\xE0\x07\xF0\x07\xE0\x03\xF0\x07\xE0\x03\xF0\x07\xE0\x03\xF0\x07\xE0\x03\xF0\x07\xE0\x03\xF0\x07\xE0\x07\xF0\x07\xE0\x0F\xE0\x07\xE0\x3F\xE0\x07\xFF\xFF\xC0\x07\xFF\xFF\xC0\x07\xFF\xFF\x00\x07\xFF\xFE\x00\x07\xFF\xFC\x00\x07\xE0\xFE\x00\x07\xE0\x7E\x00\x07\xE0\x7F\x00\x07\xE0\x3F\x00\x07\xE0\x3F\x80\x07\xE0\x1F\x80\x07\xE0\x1F\xC0\x07\xE0\x0F\xE0\x07\xE0\x07\xE0\x07\xE0\x07\xF0\x07\xE0\x03\xF0\x07\xE0\x03\xF8",
    /* 0x53 */ "\x00\x1F\xF8\x00\x00\x7F\xFE\x00\x00\xFF\xFF\x80\x01\xFF\xFF\xC0\x03\xFC\x3F\x80\x03\xF0\x07\x00\x07\xE0\x03\x00\x07\xE0\x00\x00\x07\xE0\x00\x00\x07\xE0\x00\x00\x07\xF0\x00\x00\x07\xFC\x00\x00\x03\xFF\x00\x00\x01\xFF\xE0\x00\x00\xFF\xF8\x00\x00\x7F\xFE\x00\x00\x3F\xFF\x00\x00\x07\xFF\x80\x00\x01\xFF\xC0\x00\x00\x7F\xC0\x00\x00\x1F\xE0\x00\x00\x0F\xE0\x00\x00\x07\xE0\x00\x00\x07\xE0\x01\x00\x07\xE0\x03\x80\x07\xE0\x07\xE0\x0F\xC0\x0F\xFC\x7F\xC0\x0F\xFF\xFF\x80\x07\xFF\xFF\x00\x01\xFF\xFE\x00\x00\x7F\xF8\x00",
    /* 0x54 */ "\x1F\xFF\xFF\xF0\x1F\xFF\xFF\xF0\x1F\xFF\xFF\xF0\x1F\xFF\xFF\xF0\x1F\xFF\xFF\xF0\x00\x0F\xC0\x00\x00\x0F\xC0\x00\x00\x0F\xC0\x00\x00\x0F\xC0\x00\x00\x0F\xC0\x00\x00\x0F\xC0\x00\x00\x0F\xC0\x00\x00\x0F\xC0\x00\x00\x0F\xC0\x00\x00\x0F\xC0\x00\x00\x0F\xC0\x00\x00\x0F\xC0\x00\x00\x0F\xC0\x00\x00\x0F\xC0\x00\x00\x0F\xC0\x00\x00\x0F\xC0\x00\x00\x0F\xC0\x00\x00\x0F\xC0\x00\x00\x0F\xC0\x00\x00\x0F\xC0\x00\x00\x0F\xC0\x00\x00\x0F\xC0\x00\x00\x0F\xC0\x00\x00\x0F\xC0\x00\x00\x0F\xC0\x00\x00\x0F\xC0\x00\x00\x0F\xC0\x00",
    /* 0x55 */ "\x1F\x80\x03\xF0\x1F\x80\x03\xF0\x1F\x80\x03\xF0\x1F\x80\x03\xF0\x1F\x80\x03\xF0\x1F\x80\x03\xF0\x1F\x80\x03\xF0\x1F\x80\x03\xF0\x1F\x80\x03\xF0\x1F\x80\x03\xF0\x1F\x80\x03\xF0\x1F\x80\x03\xF0\x1F\x80\x03\xF0\x1F\x80\x03\xF0\x1F\x80\x03\xF0\x1F\x80\x03\xF0\x1F\x80\x03\xF0\x1F\x80\x03\xF0\x1F\x80\x03\xF0\x1F\x80\x03\xF0\x1F\x80\x03\xF0\x1F\x80\x03\xF0\x0F\xC0\x07\xE0\x0F\xC0\x07\xE0\x0F\xE0\x0F\xE0\x07\xF0\x1F\xC0\x07\xFC\x7F\xC0\x03\xFF\xFF\x80\x01\xFF\xFF\x00\x00\xFF\xFE\x00\x00\x3F\xF8\x00\x00\x03\x00\x00",
    /* 0x56 */ "\x1F\x80\x00\xFC\x1F\x80\x01\xF8\x0F\xC0\x01\xF8\x0F\xC0\x01\xF8\x0F\xC0\x01\xF8\x0F\xE0\x03\xF0\x07\xE0\x03\xF0\x07\xE0\x03\xF0\x07\xE0\x07\xE0\x03\xF0\x07\xE0\x03\xF0\x07\xE0\x03\xF0\x07\xC0\x01\xF8\x0F\xC0\x01\xF8\x0F\xC0\x01\xF8\x0F\x80\x00\xF8\x0F\x80\x00\xFC\x1F\x80\x00\xFC\x1F\x00\x00\x7C\x1F\x00\x00\x7E\x3F\x00\x00\x7E\x3E\x00\x00\x3E\x3E\x00\x00\x3E\x3E\x00\x00\x3F\x7E\x00\x00\x3F\x7C\x00\x00\x1F\x7C\x00\x00\x1F\xFC\x00\x00\x1F\xF8\x00\x00\x0F\xF8\x00\x00\x0F\xF8\x00\x00\x0F\xF0\x00\x00\x07\xF0\x00",
    /* 0x57 */ "\xE0\x07\xE0\x07\xE0\x07\xE0\x07\xE0\x07\xE0\x07\xF0\x07\xF0\x07\xF0\x0F\xF0\x0F\xF0\x0F\xF0\x0F\xF0\x0F\xF0\x0F\xF0\x0F\xF8\x0F\xF0\x1F\xF8\x0F\xF8\x1F\xF8\x0F\xF8\x1E\xF8\x1F\xF8\x1E\x7C\x1F\xF8\x3E\x7C\x1F\xF8\x3E\x7C\x1F\xF8\x3E\x7C\x1F\xFC\x3C\x7C\x3F\xFC\x7C\x3E\x3F\xFC\x7C\x3E\x3F\x7C\x7C\x3E\x3E\x7C\x78\x3E\x3E\x7C\x78\x1F\x3E\x7E\xF8\x1F\x3E\x7E\xF8\x1F\x7E\x3E\xF0\x1F\x7C\x3E\xF0\x0F\x7C\x3F\xF0\x0F\xFC\x3F\xF0\x0F\xFC\x3F\xF0\x0F\xFC\x1F\xE0\x07\xF8\x1F\xE0\x07\xF8\x1F\xE0\x07\xF8\x1F\xE0\x07\xF8",
    /* 0x58 */ "\x1F\xC0\x07\xE0\x0F\xC0\x07\xE0\x07\xE0\x0F\xC0\x07\xF0\x0F\xC0\x03\xF0\x1F\x80\x03\xF8\x1F\x80\x01\xF8\x3F\x00\x01\xFC\x3F\x00\x00\xFC\x7E\x00\x00\xFE\x7E\x00\x00\x7E\xFC\x00\x00\x3F\xF8\x00\x00\x3F\xF8\x00\x00\x1F\xF0\x00\x00\x1F\xF0\x00\x00\x0F\xE0\x00\x00\x1F\xF0\x00\x00\x1F\xF0\x00\x00\x3F\xF8\x00\x00\x3F\xF8\x00\x00\x7E\xFC\x00\x00\xFC\xFC\x00\x00\xFC\x7E\x00\x01\xF8\x7F\x00\x01\xF8\x3F\x00\x03\xF0\x3F\x80\x03\xF0\x1F\x80\x07\xE0\x1F\xC0\x07\xE0\x0F\xC0\x0F\xC0\x0F\xE0\x1F\xC0\x07\xE0\x1F\x80\x03\xF0",
    /* 0x59 */ "\x1F\xC0\x03\xF0\x0F\xC0\x03\xF0\x0F\xE0\x07\xF0\x07\xE0\x07\xE0\x07\xE0\x07\xE0\x03\xF0\x0F\xC0\x03\xF0\x0F\xC0\x01\xF8\x1F\x80\x01\xF8\x1F\x80\x00\xFC\x3F\x00\x00\xFC\x3F\x00\x00\x7C\x3E\x00\x00\x7E\x7E\x00\x00\x3E\x7C\x00\x00\x3F\xFC\x00\x00\x1F\xF8\x00\x00\x1F\xF8\x00\x00\x0F\xF0\x00\x00\x0F\xF0\x00\x00\x07\xE0\x00\x00\x07\xE0\x00\x00\x07\xE0\x00\x00\x07\xE0\x00\x00\x07\xE0\x00\x00\x07\xE0\x00\x00\x07\xE0\x00\x00\x07\xE0\x00\x00\x07\xE0\x00\x00\x07\xE0\x00\x00\x07\xE0\x00\x00\x07\xE0\x00\x00\x07\xE0\x00",
    /* 0x5A */ "\x03\xFF\xFF\xE0\x03\xFF\xFF\xE0\x03\xFF\xFF\xE0\x03\xFF\xFF\xE0\x03\xFF\xFF\xC0\x00\x00\x1F\xC0\x00\x00\x1F\x80\x00\x00\x3F\x00\x00\x00\x7F\x00\x00\x00\x7E\x00\x00\x00\xFE\x00\x00\x01\xFC\x00\x00\x01\xF8\x00\x00\x03\xF8\x00\x00\x07\xF0\x00\x00\x07\xE0\x00\x00\x0F\xE0\x00\x00\x1F\xC0\x00\x00\x1F\x80\x00\x00\x3F\x80\x00\x00\x7F\x00\x00\x00\x7E\x00\x00\x00\xFE\x00\x00\x01\xFC\x00\x00\x01\xF8\x00\x00\x03\xF8\x00\x00\x07\xF0\x00\x00\x07\xFF\xFF\xE0\x0F\xFF\xFF\xE0\x0F\xFF\xFF\xE0\x0F\xFF\xFF\xE0\x0F\xFF\xFF\xE0",
    /* 0x5B */ "\x00\x07\x80\x00\x00\x07\x80\x00\x00\x07\x80\x00\x00\x07\x80\x00\x00\x07\x80\x00\x00\x07\x80\x00\x00\x07\x80\x00\x00\x07\x80\x00\x00\x07\x80\x00\x00\x07\x80\x00\x00\x07\x80\x00\x00\x07\x80\x00\x00\x07\x80\x00\x00\x07\x80\x00\x00\x07\x80\x00\x00\x07\x80\x00\x00\x07\x80\x00\x00\x07\x80\x00\x00\x07\x80\x00\x00\x07\x80\x00\x00\x07\x80\x00\x00\x07\x80\x00\x00\x07\x80\x00\x00\x07\x80\x00\x00\x07\x80\x00\x00\x07\x80\x00\x00\x07\x80\x00\x00\x07\x80\x00\x00\x07\x80\x00\x00\x07\x80\x00\x00\x07\x80\x00\x00\x07\x80\x00",
    /* 0x5C */ "\x00\x3C\x00\x00\x00\x3C\x00\x00\x00\x3C\x00\x00\x00\x1E\x00\x00\x00\x1E\x00\x00\x00\x1E\x00\x00\x00\x1E\x00\x00\x00\x0F\x00\x00\x00\x0F\x00\x00\x00\x0F\x00\x00\x00\x0F\x00\x00\x00\x07\x80\x00\x00\x07\x80\x00\x00\x07\x80\x00\x00\x03\xC0\x00\x00\x03\xC0\x00\x00\x03\xC0\x00\x00\x03\xC0\x00\x00\x01\xE0\x00\x00\x01\xE0\x00\x00\x01\xE0\x00\x00\x01\xE0\x00\x00\x00\xF0\x00\x00\x00\xF0\x00\x00\x00\xF0\x00\x00\x00\xF8\x00\x00\x00\x78\x00\x00\x00\x78\x00\x00\x00\x78\x00\x00\x00\x3C\x00\x00\x00\x3C\x00\x00\x00\x3C\x00",
    /* 0x5D */ "\x00\x01\xE0\x00\x00\x01\xE0\x00\x00\x01\xE0\x00\x00\x01\xE0\x00\x00\x01\xE0\x00\x00\x01\xE0\x00\x00\x01\xE0\x00\x00\x01\xE0\x00\x00\x01\xE0\x00\x00\x01\xE0\x00\x00\x01\xE0\x00\x00\x01\xE0\x00\x00\x01\xE0\x00\x00\x01\xE0\x00\x00\x01\xE0\x00\x00\x01\xE0\x00\x00\x01\xE0\x00\x00\x01\xE0\x00\x00\x01\xE0\x00\x00\x01\xE0\x00\x00\x01\xE0\x00\x00\x01\xE0\x00\x00\x01\xE0\x00\x00\x01\xE0\x00\x00\x01\xE0\x00\x00\x01\xE0\x00\x00\x01\xE0\x00\x00\x01\xE0\x00\x00\x01\xE0\x00\x00\x01\xE0\x00\x00\x01\xE0\x00\x00\x01\xE0\x00",
    /* 0x5E */ "\x00\x07\xE0\x00\x00\x0F\xE0\x00\x00\x0F\xE0\x00\x00\x0F\xF0\x00\x00\x1F\xF0\x00\x00\x1E\xF8\x00\x00\x1E\xF8\x00\x00\x3E\x78\x00\x00\x3C\x7C\x00\x00\x7C\x7C\x00\x00\x7C\x3E\x00\x00\x78\x3E\x00\x00\xF8\x3E\x00\x00\xF8\x1F\x00\x01\xF0\x1F\x00\x01\xF0\x0F\x80\x01\xF0\x0F\x80\x03\xE0\x0F\x80\x03\xE0\x07\xC0\x00\x00\x00\x00\x00\x00\x00\x00\x00\x00\x00\x00\x00\x00\x00\x00\x00\x00\x00\x00\x00\x00\x00\x00\x00\x00\x00\x00\x00\x00\x00\x00\x00\x00\x00\x00\x00\x00\x00\x00\x00\x00\x00\x00\x00\x00\x00\x00\x00\x00\x00\x00",
    /* 0x5F */ "\x00\x00\x00\x00\x00\x00\x00\x00\x00\x00\x00\x00\x00\x00\x00\x00\x00\x00\x00\x00\x00\x00\x00\x00\x00\x00\x00\x00\x00\x00\x00\x00\x00\x00\x00\x00\x00\x00\x00\x00\x00\x00\x00\x00\x00\x00\x00\x00\x00\x00\x00\x00\x00\x00\x00\x00\x00\x00\x00\x00\x00\x00\x00\x00\x0F\xFF\xFF\xF0\x0F\xFF\xFF\xF0\x0F\xFF\xFF\xF0\x00\x00\x00\x00\x00\x00\x00\x00\x00\x00\x00\x00\x00\x00\x00\x00\x00\x00\x00\x00\x00\x00\x00\x00\x00\x00\x00\x00\x00\x00\x00\x00\x00\x00\x00\x00\x00\x00\x00\x00\x00\x00\x00\x00\x00\x00\x00\x00\x00\x00\x00\x00",
    /* 0x60 */ "\x00\xFE\x00\x00\x00\x7F\x00\x00\x00\x3F\x80\x00\x00\x1F\xC0\x00\x00\x0F\xC0\x00\x00\x07\xC0\x00\x00\x03\x80\x00\x00\x00\x00\x00\x00\x00\x00\x00\x00\x00\x00\x00\x00\x00\x00\x00\x00\x00\x00\x00\x00\x00\x00\x00\x00\x00\x00\x00\x00\x00\x00\x00\x00\x00\x00\x00\x00\x00\x00\x00\x00\x00\x00\x00\x00\x00\x00\x00\x00\x00\x00\x00\x00\x00\x00\x00\x00\x00\x00\x00\x00\x00\x00\x00\x00\x00\x00\x00\x00\x00\x00\x00\x00\x00\x00\x00\x00\x00\x00\x00\x00\x00\x00\x00\x00\x00\x00\x00\x00\x00\x00\x00\x00\x00\x00\x00\x00\x00\x00\x00",
    /* 0x61 */ "\x00\x00\x00\x00\x00\x00\x00\x00\x00\x00\x00\x00\x00\x01\x80\x00\x00\x3F\xF8\x00\x00\xFF\xFC\x00\x03\xFF\xFE\x00\x03\xFF\xFF\x00\x01\xF8\xFF\x00\x00\xC0\x3F\x80\x00\x00\x1F\x80\x00\x00\x1F\x80\x00\x00\x1F\x80\x00\x03\xFF\x80\x00\x1F\xFF\x80\x00\x7F\xFF\x80\x01\xFF\x9F\x80\x03\xFC\x1F\x80\x03\xF0\x1F\x80\x07\xE0\x1F\x80\x07\xE0\x1F\x80\x07\xE0\x1F\x80\x07\xE0\x3F\x80\x07\xF9\xFF\x80\x03\xFF\xFF\x80\x03\xFF\xEF\x80\x01\xFF\xCF\x80\x00\xFF\x0F\x80\x00\x18\x00\x00\x00\x00\x00\x00\x00\x00\x00\x00\x00\x00\x00\x00",
    /* 0x62 */ "\x03\xF0\x00\x00\x03\xF0\x00\x00\x03\xF0\x00\x00\x03\xF0\x00\x00\x03\xF0\x00\x00\x03\xF0\x00\x00\x03\xF0\x00\x00\x03\xF0\x00\x00\x03\xF0\x30\x00\x03\xF1\xFE\x00\x03\xF7\xFF\x00\x03\xFF\xFF\x80\x03\xFF\xFF\xC0\x03\xFF\x3F\xE0\x03\xFC\x0F\xE0\x03\xF0\x07\xE0\x03\xF0\x07\xF0\x03\xF0\x03\xF0\x03\xF0\x03\xF0\x03\xF0\x03\xF0\x03\xF0\x03\xF0\x03\xF0\x03\xF0\x03\xF0\x03\xF0\x03\xF0\x03\xF0\x03\xF0\x07\xF0\x03\xF0\x07\xE0\x03\xF0\x07\xE0\x03\xF8\x0F\xE0\x03\xFE\x3F\xC0\x03\xFF\xFF\x80\x03\xFF\xFF\x80\x03\xE7\xFE\x00",
    /* 0x63 */ "\x00\x00\x00\x00\x00\x00\x00\x00\x00\x00\x00\x00\x00\x00\x60\x00\x00\x07\xFE\x00\x00\x1F\xFF\x00\x00\x3F\xFF\x80\x00\x7F\xFF\x00\x00\xFF\x8F\x00\x00\xFE\x02\x00\x01\xFC\x00\x00\x01\xF8\x00\x00\x03\xF8\x00\x00\x03\xF0\x00\x00\x03\xF0\x00\x00\x03\xF0\x00\x00\x03\xF0\x00\x00\x03\xF0\x00\x00\x03\xF0\x00\x00\x03\xF8\x00\x00\x01\xF8\x00\x00\x01\xFC\x00\x00\x01\xFE\x03\x00\x00\xFF\x8F\x80\x00\x7F\xFF\x80\x00\x3F\xFF\xC0\x00\x1F\xFF\x00\x00\x07\xFE\x00\x00\x00\xE0\x00\x00\x00\x00\x00\x00\x00\x00\x00\x00\x00\x00\x00",
    /* 0x64 */ "\x00\x00\x0F\xC0\x00\x00\x0F\xC0\x00\x00\x0F\xC0\x00\x00\x0F\xC0\x00\x00\x0F\xC0\x00\x00\x0F\xC0\x00\x00\x0F\xC0\x00\x00\x0F\xC0\x00\x06\x0F\xC0\x00\x3F\xCF\xC0\x00\xFF\xEF\xC0\x01\xFF\xFF\xC0\x03\xFF\xFF\xC0\x03\xFC\x7F\xC0\x07\xF0\x1F\xC0\x07\xE0\x0F\xC0\x07\xE0\x0F\xC0\x0F\xE0\x0F\xC0\x0F\xC0\x0F\xC0\x0F\xC0\x0F\xC0\x0F\xC0\x0F\xC0\x0F\xC0\x0F\xC0\x0F\xC0\x0F\xC0\x0F\xC0\x0F\xC0\x0F\xC0\x0F\xC0\x0F\xE0\x0F\xC0\x07\xE0\x0F\xC0\x07\xF0\x1F\xC0\x07\xFC\x7F\xC0\x03\xFF\xFF\xC0\x01\xFF\xFF\xC0\x00\xFF\xE7\xC0",
    /* 0x65 */ "\x00\x00\x00\x00\x00\x00\x00\x00\x00\x00\x00\x00\x00\x00\xC0\x00\x00\x0F\xFC\x00\x00\x1F\xFE\x00\x00\x7F\xFF\x00\x00\xFF\xFF\x80\x00\xFF\x1F\xC0\x01\xF8\x07\xC0\x01\xF0\x07\xE0\x03\xF0\x03\xE0\x03\xE0\x03\xE0\x03\xFF\xFF\xE0\x03\xFF\xFF\xE0\x07\xFF\xFF\xE0\x07\xFF\xFF\xE0\x03\xE0\x00\x00\x03\xF0\x00\x00\x03\xF0\x00\x00\x03\xF0\x00\x00\x03\xF8\x00\x00\x01\xFC\x01\x00\x00\xFF\x8F\x80\x00\xFF\xFF\x80\x00\x7F\xFF\xC0\x00\x1F\xFF\x80\x00\x0F\xFE\x00\x00\x00\xE0\x00\x00\x00\x00\x00\x00\x00\x00\x00\x00\x00\x00\x00",
    /* 0x66 */ "\x00\x03\xFF\x00\x00\x07\xFF\x00\x00\x07\xFF\x00\x00\x0F\xE0\x00\x00\x0F\xC0\x00\x00\x0F\xC0\x00\x00\x0F\xC0\x00\x00\x0F\xC0\x00\x00\x0F\xC0\x00\x00\x7F\xFE\x00\x00\xFF\xFE\x00\x00\xFF\xFE\x00\x00\xFF\xFE\x00\x00\x7F\xFC\x00\x00\x0F\xC0\x00\x00\x0F\xC0\x00\x00\x0F\xC0\x00\x00\x0F\xC0\x00\x00\x0F\xC0\x00\x00\x0F\xC0\x00\x00\x0F\xC0\x00\x00\x0F\xC0\x00\x00\x0F\xC0\x00\x00\x0F\xC0\x00\x00\x0F\xC0\x00\x00\x0F\xC0\x00\x00\x0F\xC0\x00\x00\x0F\xC0\x00\x00\x0F\xC0\x00\x00\x0F\xC0\x00\x00\x0F\xC0\x00\x00\x0F\xC0\x00",
    /* 0x67 */ "\x01\xFF\xFF\xF0\x01\xFF\xFF\xF0\x03\xF8\x3F\xF0\x07\xF0\x1F\x00\x07\xE0\x0F\x80\x07\xE0\x0F\x80\x07\xE0\x0F\x80\x07\xE0\x0F\x80\x07\xF0\x1F\x80\x03\xF0\x1F\x80\x01\xFC\x7F\x00\x01\xFF\xFF\x00\x00\x7F\xFE\x00\x00\xFF\xF8\x00\x01\xFF\xE0\x00\x01\xE0\x00\x00\x03\xE0\x00\x00\x03\xE0\x00\x00\x03\xF0\x00\x00\x03\xFF\xFF\x00\x01\xFF\xFF\xC0\x00\xFF\xFF\xE0\x00\xFF\xFF\xF0\x01\xFF\xFF\xF0\x03\xE0\x07\xF0\x07\xC0\x03\xF0\x07\xC0\x03\xF0\x07\xC0\x03\xF0\x07\xE0\x07\xE0\x07\xF8\x1F\xE0\x03\xFF\xFF\xC0\x01\xFF\xFF\x80",
    /* 0x68 */ "\x03\xF0\x00\x00\x03\xF0\x00\x00\x03\xF0\x00\x00\x03\xF0\x00\x00\x03\xF0\x00\x00\x03\xF0\x00\x00\x03\xF0\x00\x00\x03\xF0\x00\x00\x03\xF0\x30\x00\x03\xF1\xFF\x00\x03\xF3\xFF\x80\x03\xFF\xFF\x80\x03\xFF\xFF\xC0\x03\xFF\x1F\xC0\x03\xFC\x0F\xE0\x03\xF8\x07\xE0\x03\xF0\x07\xE0\x03\xF0\x07\xE0\x03\xF0\x07\xE0\x03\xF0\x07\xE0\x03\xF0\x07\xE0\x03\xF0\x07\xE0\x03\xF0\x07\xE0\x03\xF0\x07\xE0\x03\xF0\x07\xE0\x03\xF0\x07\xE0\x03\xF0\x07\xE0\x03\xF0\x07\xE0\x03\xF0\x07\xE0\x03\xF0\x07\xE0\x03\xF0\x07\xE0\x03\xF0\x07\xE0",
    /* 0x69 */ "\x00\x0F\xE0\x00\x00\x0F\xE0\x00\x00\x0F\xE0\x00\x00\x07\xC0\x00\x00\x03\x80\x00\x00\x00\x00\x00\x00\x00\x00\x00\x00\x00\x00\x00\x00\x00\x00\x00\x00\x0F\xC0\x00\x00\x0F\xC0\x00\x00\x0F\xC0\x00\x00\x0F\xC0\x00\x00\x0F\xC0\x00\x00\x0F\xC0\x00\x00\x0F\xC0\x00\x00\x0F\xC0\x00\x00\x0F\xC0\x00\x00\x0F\xC0\x00\x00\x0F\xC0\x00\x00\x0F\xC0\x00\x00\x0F\xC0\x00\x00\x0F\xC0\x00\x00\x0F\xC0\x00\x00\x0F\xC0\x00\x00\x0F\xC0\x00\x00\x0F\xC0\x00\x00\x0F\xC0\x00\x00\x0F\xC0\x00\x00\x0F\xC0\x00\x00\x0F\xC0\x00\x00\x0F\xC0\x00",
    /* 0x6A */ "\x00\x00\x00\x00\x00\x00\x00\x00\x00\x00\x00\x00\x00\x00\x00\x00\x00\x03\xF0\x00\x00\x03\xF0\x00\x00\x03\xF0\x00\x00\x03\xF0\x00\x00\x03\xF0\x00\x00\x03\xF0\x00\x00\x03\xF0\x00\x00\x03\xF0\x00\x00\x03\xF0\x00\x00\x03\xF0\x00\x00\x03\xF0\x00\x00\x03\xF0\x00\x00\x03\xF0\x00\x00\x03\xF0\x00\x00\x03\xF0\x00\x00\x03\xF0\x00\x00\x03\xF0\x00\x00\x03\xF0\x00\x00\x03\xF0\x00\x00\x03\xF0\x00\x00\x03\xF0\x00\x00\x03\xF0\x00\x00\x03\xF0\x00\x00\x03\xF0\x00\x00\x03\xF0\x00\x00\x03\xF0\x00\x00\x03\xF0\x00\x00\x03\xF0\x00",
    /* 0x6B */ "\x03\xF0\x00\x00\x03\xF0\x00\x00\x03\xF0\x00\x00\x03\xF0\x00\x00\x03\xF0\x00\x00\x03\xF0\x00\x00\x03\xF0\x00\x00\x03\xF0\x00\x00\x03\xF0\x00\x00\x03\xF0\x0F\xE0\x03\xF0\x0F\xC0\x03\xF0\x1F\x80\x03\xF0\x3F\x00\x03\xF0\x7F\x00\x03\xF0\xFE\x00\x03\xF0\xFC\x00\x03\xF1\xF8\x00\x03\xF3\xF0\x00\x03\xF7\xE0\x00\x03\xFF\xF0\x00\x03\xFF\xF0\x00\x03\xFF\xF8\x00\x03\xFF\xF8\x00\x03\xFE\xFC\x00\x03\xFC\x7E\x00\x03\xF8\x7E\x00\x03\xF0\x3F\x00\x03\xF0\x1F\x80\x03\xF0\x1F\x80\x03\xF0\x0F\xC0\x03\xF0\x0F\xE0\x03\xF0\x07\xE0",
    /* 0x6C */ "\x00\x07\xE0\x00\x00\x07\xE0\x00\x00\x07\xE0\x00\x00\x07\xE0\x00\x00\x07\xE0\x00\x00\x07\xE0\x00\x00\x07\xE0\x00\x00\x07\xE0\x00\x00\x07\xE0\x00\x00\x07\xE0\x00\x00\x07\xE0\x00\x00\x07\xE0\x00\x00\x07\xE0\x00\x00\x07\xE0\x00\x00\x07\xE0\x00\x00\x07\xE0\x00\x00\x07\xE0\x00\x00\x07\xE0\x00\x00\x07\xE0\x00\x00\x07\xE0\x00\x00\x07\xE0\x00\x00\x07\xE0\x00\x00\x07\xE0\x00\x00\x07\xE0\x00\x00\x07\xE0\x00\x00\x07\xE0\x00\x00\x07\xE0\x00\x00\x07\xE0\x00\x00\x07\xF0\x00\x00\x07\xF8\x00\x00\x03\xF8\x00\x00\x03\xFC\x00",
    /* 0x6D */ "\x00\x00\x00\x00\x00\x00\x00\x00\x00\x00\x00\x00\x00\x18\x00\x60\xF0\xFF\x03\xFC\xF3\xFF\x87\xFE\xF7\xFF\xDF\xFF\xFF\xFF\xFF\xFF\xFF\x9F\xFE\x7F\xFE\x0F\xF8\x3F\xFC\x07\xF0\x1F\xF8\x07\xE0\x1F\xF8\x07\xE0\x1F\xF8\x07\xE0\x1F\xF8\x07\xE0\x1F\xF8\x07\xE0\x1F\xF8\x07\xE0\x1F\xF8\x07\xE0\x1F\xF8\x07\xE0\x1F\xF8\x07\xE0\x1F\xF8\x07\xE0\x1F\xF8\x07\xE0\x1F\xF8\x07\xE0\x1F\xF8\x07\xE0\x1F\xF8\x07\xE0\x1F\xF8\x07\xE0\x1F\xF8\x07\xE0\x1F\xF8\x07\xE0\x1F\x00\x00\x00\x00\x00\x00\x00\x00\x00\x00\x00\x00\x00\x00\x00\x00",
    /* 0x6E */ "\x00\x00\x00\x00\x00\x00\x00\x00\x00\x00\x00\x00\x00\x00\x30\x00\x03\xE1\xFF\x00\x03\xE7\xFF\x80\x03\xEF\xFF\x80\x03\xFF\xFF\xC0\x03\xFF\x1F\xC0\x03\xFC\x0F\xE0\x03\xF8\x07\xE0\x03\xF0\x07\xE0\x03\xF0\x07\xE0\x03\xF0\x07\xE0\x03\xF0\x07\xE0\x03\xF0\x07\xE0\x03\xF0\x07\xE0\x03\xF0\x07\xE0\x03\xF0\x07\xE0\x03\xF0\x07\xE0\x03\xF0\x07\xE0\x03\xF0\x07\xE0\x03\xF0\x07\xE0\x03\xF0\x07\xE0\x03\xF0\x07\xE0\x03\xF0\x07\xE0\x03\xF0\x07\xE0\x03\xF0\x07\xE0\x00\x00\x00\x00\x00\x00\x00\x00\x00\x00\x00\x00\x00\x00\x00\x00",
    /* 0x6F */ "\x00\x00\x00\x00\x00\x00\x00\x00\x00\x00\x00\x00\x00\x03\x00\x00\x00\x1F\xF0\x00\x00\x7F\xFC\x00\x00\xFF\xFE\x00\x01\xFF\xFF\x00\x03\xFC\x7F\x80\x07\xF0\x1F\xC0\x07\xE0\x0F\xC0\x07\xE0\x0F\xC0\x0F\xC0\x07\xE0\x0F\xC0\x07\xE0\x0F\xC0\x07\xE0\x0F\xC0\x07\xE0\x0F\xC0\x07\xE0\x0F\xC0\x07\xE0\x0F\xC0\x07\xE0\x0F\xC0\x07\xE0\x07\xE0\x0F\xC0\x07\xE0\x0F\xC0\x07\xF0\x1F\xC0\x03\xFC\x7F\x80\x01\xFF\xFF\x00\x00\xFF\xFE\x00\x00\x7F\xFC\x00\x00\x1F\xF0\x00\x00\x03\x80\x00\x00\x00\x00\x00\x00\x00\x00\x00\x00\x00\x00\x00",
    /* 0x70 */ "\x03\xE7\xFF\x00\x03\xFF\xFF\x80\x03\xFF\xFF\xC0\x03\xFF\x3F\xE0\x03\xFC\x0F\xE0\x03\xF0\x07\xE0\x03\xF0\x07\xF0\x03\xF0\x03\xF0\x03\xF0\x03\xF0\x03\xF0\x03\xF0\x03\xF0\x03\xF0\x03\xF0\x03\xF0\x03\xF0\x03\xF0\x03\xF0\x03\xF0\x03\xF0\x07\xF0\x03\xF0\x07\xE0\x03\xF0\x07\xE0\x03\xF8\x0F\xE0\x03\xFE\x3F\xC0\x03\xFF\xFF\x80\x03\xFF\xFF\x80\x03\xF7\xFF\x00\x03\xF3\xFC\x00\x03\xF0\x60\x00\x03\xF0\x00\x00\x03\xF0\x00\x00\x03\xF0\x00\x00\x03\xF0\x00\x00\x03\xF0\x00\x00\x03\xF0\x00\x00\x03\xF0\x00\x00\x03\xF0\x00\x00",
    /* 0x71 */ "\x00\xFF\xF7\xC0\x01\xFF\xFF\xC0\x01\xFF\xFF\xC0\x03\xFC\x7F\xC0\x07\xF0\x1F\xC0\x07\xE0\x0F\xC0\x07\xE0\x0F\xC0\x0F\xE0\x0F\xC0\x0F\xC0\x0F\xC0\x0F\xC0\x0F\xC0\x0F\xC0\x0F\xC0\x0F\xC0\x0F\xC0\x0F\xC0\x0F\xC0\x0F\xC0\x0F\xC0\x0F\xC0\x0F\xC0\x0F\xE0\x0F\xC0\x07\xE0\x0F\xC0\x07\xF0\x1F\xC0\x07\xFC\x7F\xC0\x03\xFF\xFF\xC0\x01\xFF\xFF\xC0\x00\xFF\xEF\xC0\x00\x7F\x8F\xC0\x00\x04\x0F\xC0\x00\x00\x0F\xC0\x00\x00\x0F\xC0\x00\x00\x0F\xC0\x00\x00\x0F\xC0\x00\x00\x0F\xC0\x00\x00\x0F\xC0\x00\x00\x0F\xC0\x00\x00\x0F\xC0",
    /* 0x72 */ "\x00\x00\x00\x00\x00\x00\x00\x00\x00\x00\x00\x00\x00\x00\x03\x00\x00\x3E\x1F\x80\x00\x3E\x3F\x80\x00\x3E\x7F\x80\x00\x3E\xFF\x00\x00\x3F\xF9\x00\x00\x3F\xE0\x00\x00\x3F\xC0\x00\x00\x3F\x80\x00\x00\x3F\x00\x00\x00\x3F\x00\x00\x00\x3F\x00\x00\x00\x3F\x00\x00\x00\x3F\x00\x00\x00\x3F\x00\x00\x00\x3F\x00\x00\x00\x3F\x00\x00\x00\x3F\x00\x00\x00\x3F\x00\x00\x00\x3F\x00\x00\x00\x3F\x00\x00\x00\x3F\x00\x00\x00\x3F\x00\x00\x00\x3F\x00\x00\x00\x3F\x00\x00\x00\x00\x00\x00\x00\x00\x00\x00\x00\x00\x00\x00\x00\x00\x00\x00",
    /* 0x73 */ "\x00\x00\x00\x00\x00\x00\x00\x00\x00\x00\x00\x00\x00\x00\xC0\x00\x00\x0F\xFC\x00\x00\x3F\xFF\x00\x00\x7F\xFF\x80\x00\x7F\xFF\x80\x00\xFF\x1F\x00\x00\xFC\x06\x00\x00\xFC\x00\x00\x00\xFC\x00\x00\x00\xFE\x00\x00\x00\x7F\x80\x00\x00\x3F\xF0\x00\x00\x1F\xFC\x00\x00\x07\xFF\x00\x00\x01\xFF\x80\x00\x00\x3F\x80\x00\x00\x1F\xC0\x00\x00\x0F\xC0\x00\x40\x0F\xC0\x00\xF0\x1F\xC0\x00\xFC\x3F\xC0\x01\xFF\xFF\x80\x00\xFF\xFF\x00\x00\x7F\xFE\x00\x00\x1F\xFC\x00\x00\x01\x80\x00\x00\x00\x00\x00\x00\x00\x00\x00\x00\x00\x00\x00",
    /* 0x74 */ "\x00\x0F\x80\x00\x00\x0F\x80\x00\x00\x0F\x80\x00\x00\x0F\x80\x00\x00\x0F\x80\x00\x00\x0F\x80\x00\x00\x1F\x80\x00\x00\xFF\xFE\x00\x00\xFF\xFE\x00\x00\xFF\xFE\x00\x00\xFF\xFE\x00\x00\xFF\xFE\x00\x00\x1F\x80\x00\x00\x1F\x80\x00\x00\x1F\x80\x00\x00\x1F\x80\x00\x00\x1F\x80\x00\x00\x1F\x80\x00\x00\x1F\x80\x00\x00\x1F\x80\x00\x00\x1F\x80\x00\x00\x1F\x80\x00\x00\x1F\x80\x00\x00\x1F\x80\x00\x00\x1F\x80\x00\x00\x1F\xC0\x00\x00\x0F\xE2\x00\x00\x0F\xFE\x00\x00\x0F\xFE\x00\x00\x07\xFF\x00\x00\x03\xFF\x00\x00\x00\x30\x00",
    /* 0x75 */ "\x00\x00\x00\x00\x00\x00\x00\x00\x00\x00\x00\x00\x07\xE0\x0F\xC0\x07\xE0\x0F\xC0\x07\xE0\x0F\xC0\x07\xE0\x0F\xC0\x07\xE0\x0F\xC0\x07\xE0\x0F\xC0\x07\xE0\x0F\xC0\x07\xE0\x0F\xC0\x07\xE0\x0F\xC0\x07\xE0\x0F\xC0\x07\xE0\x0F\xC0\x07\xE0\x0F\xC0\x07\xE0\x0F\xC0\x07\xE0\x0F\xC0\x07\xE0\x0F\xC0\x07\xE0\x0F\xC0\x07\xE0\x0F\xC0\x07\xE0\x1F\xC0\x07\xF0\x3F\xC0\x03\xF8\xFF\xC0\x03\xFF\xFF\xC0\x03\xFF\xE7\xC0\x01\xFF\xC7\xC0\x00\xFF\x87\xC0\x00\x0C\x00\x00\x00\x00\x00\x00\x00\x00\x00\x00\x00\x00\x00\x00\x00\x00\x00\x00",
    /* 0x76 */ "\x00\x00\x00\x00\x00\x00\x00\x00\x00\x00\x00\x00\x00\x00\x00\x00\x0F\xC0\x07\xE0\x0F\xC0\x07\xE0\x0F\xC0\x07\xC0\x07\xE0\x0F\xC0\x07\xE0\x0F\xC0\x07\xE0\x0F\x80\x03\xF0\x1F\x80\x03\xF0\x1F\x80\x01\xF0\x1F\x00\x01\xF0\x3F\x00\x01\xF8\x3F\x00\x00\xF8\x3E\x00\x00\xF8\x3E\x00\x00\xFC\x7C\x00\x00\x7C\x7C\x00\x00\x7C\x7C\x00\x00\x7E\xF8\x00\x00\x3E\xF8\x00\x00\x3E\xF8\x00\x00\x3F\xF0\x00\x00\x1F\xF0\x00\x00\x1F\xF0\x00\x00\x1F\xE0\x00\x00\x0F\xE0\x00\x00\x00\x00\x00\x00\x00\x00\x00\x00\x00\x00\x00\x00\x00\x00\x00",
    /* 0x77 */ "\x00\x00\x00\x00\x00\x00\x00\x00\x00\x00\x00\x00\x00\x00\x00\x00\xF0\x07\xE0\x1F\xF0\x07\xE0\x1F\xF8\x0F\xE0\x1F\xF8\x0F\xE0\x1F\xF8\x0F\xF0\x3F\xF8\x0F\xF0\x3F\xFC\x1F\xF0\x3E\xFC\x1E\xF0\x3E\xFC\x1E\xF8\x3E\x7C\x1E\xF8\x7E\x7E\x3E\x78\x7C\x7E\x3C\x78\x7C\x7E\x3C\x7C\x7C\x3E\x3C\x7C\xFC\x3E\x7C\x3C\xF8\x3F\x78\x3C\xF8\x1F\x78\x3E\xF8\x1F\x78\x3E\xF8\x1F\xF8\x1F\xF0\x1F\xF0\x1F\xF0\x0F\xF0\x1F\xF0\x0F\xF0\x1F\xF0\x0F\xF0\x0F\xE0\x0F\xE0\x0F\xE0\x00\x00\x00\x00\x00\x00\x00\x00\x00\x00\x00\x00\x00\x00\x00\x00",
    /* 0x78 */ "\x00\x00\x00\x00\x00\x00\x00\x00\x00\x00\x00\x00\x00\x00\x00\x00\x07\xF0\x0F\xC0\x03\xF0\x0F\xC0\x01\xF8\x1F\x80\x01\xFC\x1F\x80\x00\xFC\x3F\x00\x00\x7E\x3E\x00\x00\x7E\x7E\x00\x00\x3F\x7C\x00\x00\x3F\xFC\x00\x00\x1F\xF8\x00\x00\x0F\xF8\x00\x00\x0F\xF0\x00\x00\x0F\xF0\x00\x00\x1F\xF0\x00\x00\x1F\xF8\x00\x00\x3E\xFC\x00\x00\x7E\xFC\x00\x00\x7C\x7E\x00\x00\xFC\x3F\x00\x01\xF8\x3F\x00\x01\xF8\x1F\x80\x03\xF0\x1F\xC0\x03\xF0\x0F\xC0\x07\xE0\x07\xE0\x00\x00\x00\x00\x00\x00\x00\x00\x00\x00\x00\x00\x00\x00\x00\x00",
    /* 0x79 */ "\x07\xC0\x07\xC0\x07\xE0\x0F\xC0\x07\xE0\x0F\xC0\x03\xE0\x0F\x80\x03\xF0\x1F\x80\x01\xF0\x1F\x80\x01\xF8\x1F\x00\x01\xF8\x3F\x00\x00\xF8\x3E\x00\x00\xFC\x3E\x00\x00\x7C\x3E\x00\x00\x7C\x7C\x00\x00\x7E\x7C\x00\x00\x3E\x7C\x00\x00\x3E\x78\x00\x00\x1E\xF8\x00\x00\x1F\xF8\x00\x00\x1F\xF0\x00\x00\x0F\xF0\x00\x00\x0F\xF0\x00\x00\x07\xE0\x00\x00\x07\xE0\x00\x00\x07\xE0\x00\x00\x07\xC0\x00\x00\x0F\xC0\x00\x00\x0F\x80\x00\x00\x1F\x80\x00\x02\x7F\x00\x00\x03\xFF\x00\x00\x03\xFE\x00\x00\x07\xFC\x00\x00\x07\xF8\x00\x00",
    /* 0x7A */ "\x00\x00\x00\x00\x00\x00\x00\x00\x00\x00\x00\x00\x00\x00\x00\x00\x00\xFF\xFF\x80\x00\xFF\xFF\x80\x00\xFF\xFF\x80\x00\xFF\xFF\x80\x00\xFF\xFF\x00\x00\x00\x7E\x00\x00\x00\x7E\x00\x00\x00\xFC\x00\x00\x01\xF8\x00\x00\x01\xF8\x00\x00\x03\xF0\x00\x00\x07\xE0\x00\x00\x07\xE0\x00\x00\x0F\xC0\x00\x00\x1F\x80\x00\x00\x1F\x00\x00\x00\x3F\x00\x00\x00\x7E\x00\x00\x00\xFC\x00\x00\x00\xFF\xFF\xC0\x01\xFF\xFF\xC0\x01\xFF\xFF\xC0\x01\xFF\xFF\xC0\x01\xFF\xFF\xC0\x00\x00\x00\x00\x00\x00\x00\x00\x00\x00\x00\x00\x00\x00\x00\x00",
    /* 0x7B */ "\x00\x07\xC0\x00\x00\x07\xC0\x00\x00\x07\xC0\x00\x00\x07\xC0\x00\x00\x07\xC0\x00\x00\x07\xC0\x00\x00\x07\xC0\x00\x00\x07\xC0\x00\x00\x07\xC0\x00\x00\x07\xC0\x00\x00\x07\xC0\x00\x00\x07\xC0\x00\x00\x1F\xC0\x00\x00\x7F\x80\x00\x00\x7F\x00\x00\x00\x7F\x00\x00\x00\x7F\x80\x00\x00\x1F\xC0\x00\x00\x07\xC0\x00\x00\x07\xC0\x00\x00\x07\xC0\x00\x00\x07\xC0\x00\x00\x07\xC0\x00\x00\x07\xC0\x00\x00\x07\xC0\x00\x00\x07\xC0\x00\x00\x07\xC0\x00\x00\x07\xC0\x00\x00\x07\xC0\x00\x00\x07\xC0\x00\x00\x07\xC0\x00\x00\x07\xC0\x00",
    /* 0x7C */ "\x00\x03\xC0\x00\x00\x03\xC0\x00\x00\x03\xC0\x00\x00\x03\xC0\x00\x00\x03\xC0\x00\x00\x03\xC0\x00\x00\x03\xC0\x00\x00\x03\xC0\x00\x00\x03\xC0\x00\x00\x03\xC0\x00\x00\x03\xC0\x00\x00\x03\xC0\x00\x00\x03\xC0\x00\x00\x03\xC0\x00\x00\x03\xC0\x00\x00\x03\xC0\x00\x00\x03\xC0\x00\x00\x03\xC0\x00\x00\x03\xC0\x00\x00\x03\xC0\x00\x00\x03\xC0\x00\x00\x03\xC0\x00\x00\x03\xC0\x00\x00\x03\xC0\x00\x00\x03\xC0\x00\x00\x03\xC0\x00\x00\x03\xC0\x00\x00\x03\xC0\x00\x00\x03\xC0\x00\x00\x03\xC0\x00\x00\x03\xC0\x00\x00\x03\xC0\x00",
    /* 0x7D */ "\x00\x03\xE0\x00\x00\x03\xE0\x00\x00\x03\xE0\x00\x00\x03\xE0\x00\x00\x03\xE0\x00\x00\x03\xE0\x00\x00\x03\xE0\x00\x00\x03\xE0\x00\x00\x03\xE0\x00\x00\x03\xE0\x00\x00\x03\xE0\x00\x00\x03\xE0\x00\x00\x03\xF0\x00\x00\x01\xFE\x00\x00\x00\xFE\x00\x00\x00\xFE\x00\x00\x01\xFE\x00\x00\x03\xF0\x00\x00\x03\xE0\x00\x00\x03\xE0\x00\x00\x03\xE0\x00\x00\x03\xE0\x00\x00\x03\xE0\x00\x00\x03\xE0\x00\x00\x03\xE0\x00\x00\x03\xE0\x00\x00\x03\xE0\x00\x00\x03\xE0\x00\x00\x03\xE0\x00\x00\x03\xE0\x00\x00\x03\xE0\x00\x00\x03\xE0\x00",
    /* 0x7E */ "\x00\x00\x00\x00\x00\x00\x00\x00\x00\x00\x00\x00\x00\x00\x00\x00\x00\x00\x00\x00\x00\x38\x00\x00\x00\xFE\x00\x00\x01\xFF\x81\x80\x03\xFF\xC3\xE0\x07\xFF\xFF\xC0\x07\xC7\xFF\xC0\x03\x83\xFF\x80\x01\x00\xFF\x00\x00\x00\x3C\x00\x00\x00\x00\x00\x00\x00\x00\x00\x00\x00\x00\x00\x00\x00\x00\x00\x00\x00\x00\x00\x00\x00\x00\x00\x00\x00\x00\x00\x00\x00\x00\x00\x00\x00\x00\x00\x00\x00\x00\x00\x00\x00\x00\x00\x00\x00\x00\x00\x00\x00\x00\x00\x00\x00\x00\x00\x00\x00\x00\x00\x00\x00\x00\x00\x00\x00\x00\x00\x00\x00\x00\x00",
};

/* ---- 48×48（渲染字号 66px）---- */
static const char GK_ASCII_T48[GK_ASCII_COUNT][288] = {
    /* 0x20 */ "\x00\x00\x00\x00\x00\x00\x00\x00\x00\x00\x00\x00\x00\x00\x00\x00\x00\x00\x00\x00\x00\x00\x00\x00\x00\x00\x00\x00\x00\x00\x00\x00\x00\x00\x00\x00\x00\x00\x00\x00\x00\x00\x00\x00\x00\x00\x00\x00\x00\x00\x00\x00\x00\x00\x00\x00\x00\x00\x00\x00\x00\x00\x00\x00\x00\x00\x00\x00\x00\x00\x00\x00\x00\x00\x00\x00\x00\x00\x00\x00\x00\x00\x00\x00\x00\x00\x00\x00\x00\x00\x00\x00\x00\x00\x00\x00\x00\x00\x00\x00\x00\x00\x00\x00\x00\x00\x00\x00\x00\x00\x00\x00\x00\x00\x00\x00\x00\x00\x00\x00\x00\x00\x00\x00\x00\x00\x00\x00\x00\x00\x00\x00\x00\x00\x00\x00\x00\x00\x00\x00\x00\x00\x00\x00\x00\x00\x00\x00\x00\x00\x00\x00\x00\x00\x00\x00\x00\x00\x00\x00\x00\x00\x00\x00\x00\x00\x00\x00\x00\x00\x00\x00\x00\x00\x00\x00\x00\x00\x00\x00\x00\x00\x00\x00\x00\x00\x00\x00\x00\x00\x00\x00\x00\x00\x00\x00\x00\x00\x00\x00\x00\x00\x00\x00\x00\x00\x00\x00\x00\x00\x00\x00\x00\x00\x00\x00\x00\x00\x00\x00\x00\x00\x00\x00\x00\x00\x00\x00\x00\x00\x00\x00\x00\x00\x00\x00\x00\x00\x00\x00\x00\x00\x00\x00\x00\x00\x00\x00\x00\x00\x00\x00\x00\x00\x00\x00\x00\x00\x00\x00\x00\x00\x00\x00\x00\x00\x00\x00\x00\x00\x00\x00\x00\x00\x00\x00\x00\x00\x00\x00\x00\x00\x00\x00\x00\x00\x00\x00",
    /* 0x21 */ "\x00\x00\x1F\xF0\x00\x00\x00\x00\x1F\xF0\x00\x00\x00\x00\x1F\xF0\x00\x00\x00\x00\x1F\xF0\x00\x00\x00\x00\x1F\xF0\x00\x00\x00\x00\x1F\xF0\x00\x00\x00\x00\x1F\xF0\x00\x00\x00\x00\x1F\xF0\x00\x00\x00\x00\x1F\xF0\x00\x00\x00\x00\x0F\xE0\x00\x00\x00\x00\x0F\xE0\x00\x00\x00\x00\x0F\xE0\x00\x00\x00\x00\x0F\xE0\x00\x00\x00\x00\x0F\xE0\x00\x00\x00\x00\x0F\xE0\x00\x00\x00\x00\x0F\xE0\x00\x00\x00\x00\x0F\xE0\x00\x00\x00\x00\x0F\xE0\x00\x00\x00\x00\x0F\xE0\x00\x00\x00\x00\x0F\xE0\x00\x00\x00\x00\x0F\xE0\x00\x00\x00\x00\x0F\xE0\x00\x00\x00\x00\x0F\xE0\x00\x00\x00\x00\x0F\xE0\x00\x00\x00\x00\x0F\xE0\x00\x00\x00\x00\x0F\xE0\x00\x00\x00\x00\x0F\xE0\x00\x00\x00\x00\x0F\xE0\x00\x00\x00\x00\x0F\xE0\x00\x00\x00\x00\x0F\xE0\x00\x00\x00\x00\x07\xE0\x00\x00\x00\x00\x07\xC0\x00\x00\x00\x00\x00\x00\x00\x00\x00\x00\x00\x00\x00\x00\x00\x00\x00\x00\x00\x00\x00\x00\x00\x00\x00\x00\x00\x00\x00\x00\x00\x00\x00\x00\x07\xC0\x00\x00\x00\x00\x0F\xE0\x00\x00\x00\x00\x1F\xF0\x00\x00\x00\x00\x3F\xF8\x00\x00\x00\x00\x3F\xF8\x00\x00\x00\x00\x3F\xF8\x00\x00\x00\x00\x3F\xF8\x00\x00\x00\x00\x3F\xF8\x00\x00\x00\x00\x3F\xF8\x00\x00\x00\x00\x1F\xF0\x00\x00\x00\x00\x0F\xE0\x00\x00",
    /* 0x22 */ "\x00\x0F\xF8\x1F\xF0\x00\x00\x0F\xF8\x1F\xF0\x00\x00\x0F\xF8\x1F\xF0\x00\x00\x0F\xF8\x1F\xF0\x00\x00\x0F\xF8\x1F\xF0\x00\x00\x0F\xF8\x1F\xF0\x00\x00\x0F\xF8\x1F\xF0\x00\x00\x0F\xF8\x1F\xF0\x00\x00\x0F\xF8\x1F\xF0\x00\x00\x0F\xF0\x0F\xF0\x00\x00\x07\xF0\x0F\xE0\x00\x00\x07\xF0\x0F\xE0\x00\x00\x07\xF0\x0F\xE0\x00\x00\x07\xF0\x0F\xE0\x00\x00\x07\xF0\x0F\xE0\x00\x00\x07\xF0\x0F\xE0\x00\x00\x07\xF0\x0F\xE0\x00\x00\x07\xE0\x07\xC0\x00\x00\x03\xE0\x07\xC0\x00\x00\x03\xE0\x07\xC0\x00\x00\x00\x00\x00\x00\x00\x00\x00\x00\x00\x00\x00\x00\x00\x00\x00\x00\x00\x00\x00\x00\x00\x00\x00\x00\x00\x00\x00\x00\x00\x00\x00\x00\x00\x00\x00\x00\x00\x00\x00\x00\x00\x00\x00\x00\x00\x00\x00\x00\x00\x00\x00\x00\x00\x00\x00\x00\x00\x00\x00\x00\x00\x00\x00\x00\x00\x00\x00\x00\x00\x00\x00\x00\x00\x00\x00\x00\x00\x00\x00\x00\x00\x00\x00\x00\x00\x00\x00\x00\x00\x00\x00\x00\x00\x00\x00\x00\x00\x00\x00\x00\x00\x00\x00\x00\x00\x00\x00\x00\x00\x00\x00\x00\x00\x00\x00\x00\x00\x00\x00\x00\x00\x00\x00\x00\x00\x00\x00\x00\x00\x00\x00\x00\x00\x00\x00\x00\x00\x00\x00\x00\x00\x00\x00\x00\x00\x00\x00\x00\x00\x00\x00\x00\x00\x00\x00\x00\x00\x00\x00\x00\x00\x00\x00\x00\x00\x00\x00",
    /* 0x23 */ "\x00\x00\x7E\x00\xF8\x00\x00\x00\x7E\x01\xF8\x00\x00\x00\x7E\x01\xF8\x00\x00\x00\x7C\x01\xF8\x00\x00\x00\x7C\x01\xF8\x00\x00\x00\x7C\x01\xF0\x00\x00\x00\x7C\x01\xF0\x00\x00\x00\x7C\x01\xF0\x00\x00\x00\xFC\x01\xF0\x00\x00\x00\xFC\x03\xF0\x00\x00\x00\xFC\x03\xF0\x00\x00\x00\xF8\x03\xF0\x00\x00\x00\xF8\x03\xF0\x00\x00\x7F\xFF\xFF\xFF\x80\x00\x7F\xFF\xFF\xFF\x80\x00\x7F\xFF\xFF\xFF\x80\x00\x7F\xFF\xFF\xFF\x80\x00\x7F\xFF\xFF\xFF\x80\x00\x7F\xFF\xFF\xFF\x80\x00\x01\xF0\x07\xE0\x00\x00\x01\xF0\x07\xE0\x00\x00\x01\xF0\x07\xC0\x00\x00\x01\xF0\x07\xC0\x00\x00\x03\xF0\x07\xC0\x00\x00\x03\xF0\x07\xC0\x00\x00\x03\xF0\x0F\xC0\x00\x00\x03\xF0\x0F\xC0\x00\x00\x03\xE0\x0F\xC0\x00\x00\xFF\xFF\xFF\xFF\x00\x00\xFF\xFF\xFF\xFF\x00\x00\xFF\xFF\xFF\xFF\x00\x00\xFF\xFF\xFF\xFF\x00\x00\xFF\xFF\xFF\xFF\x00\x00\xFF\xFF\xFF\xFF\x00\x00\x07\xE0\x1F\x80\x00\x00\x07\xE0\x1F\x80\x00\x00\x07\xC0\x1F\x80\x00\x00\x07\xC0\x1F\x00\x00\x00\x07\xC0\x1F\x00\x00\x00\x07\xC0\x1F\x00\x00\x00\x0F\xC0\x1F\x00\x00\x00\x0F\xC0\x1F\x00\x00\x00\x0F\xC0\x3F\x00\x00\x00\x0F\xC0\x3F\x00\x00\x00\x0F\x80\x3F\x00\x00\x00\x0F\x80\x3F\x00\x00\x00\x0F\x80\x3E\x00\x00\x00\x0F\x80\x3E\x00\x00",
    /* 0x24 */ "\x00\x00\x7F\xFF\x00\x00\x00\x00\xFF\xFF\xC0\x00\x00\x03\xFF\xFF\xE0\x00\x00\x07\xFF\xFF\xF0\x00\x00\x0F\xFF\xFF\xF8\x00\x00\x0F\xFF\xFF\xFC\x00\x00\x1F\xFE\x1F\xF8\x00\x00\x1F\xF8\x03\xF0\x00\x00\x3F\xF0\x01\xE0\x00\x00\x3F\xE0\x00\xC0\x00\x00\x3F\xE0\x00\x00\x00\x00\x3F\xE0\x00\x00\x00\x00\x3F\xE0\x00\x00\x00\x00\x3F\xE0\x00\x00\x00\x00\x3F\xE0\x00\x00\x00\x00\x3F\xF0\x00\x00\x00\x00\x3F\xF8\x00\x00\x00\x00\x1F\xFC\x00\x00\x00\x00\x1F\xFF\x00\x00\x00\x00\x0F\xFF\xC0\x00\x00\x00\x07\xFF\xF0\x00\x00\x00\x03\xFF\xFC\x00\x00\x00\x01\xFF\xFE\x00\x00\x00\x00\xFF\xFF\x80\x00\x00\x00\x3F\xFF\xC0\x00\x00\x00\x0F\xFF\xE0\x00\x00\x00\x03\xFF\xF0\x00\x00\x00\x01\xFF\xF8\x00\x00\x00\x00\x7F\xF8\x00\x00\x00\x00\x1F\xFC\x00\x00\x00\x00\x0F\xFC\x00\x00\x00\x00\x07\xFE\x00\x00\x00\x00\x07\xFE\x00\x00\x00\x00\x03\xFE\x00\x00\x00\x00\x03\xFE\x00\x00\x00\x00\x03\xFE\x00\x00\x00\x00\x03\xFE\x00\x00\x08\x00\x03\xFE\x00\x00\x1C\x00\x07\xFC\x00\x00\x3F\x00\x07\xFC\x00\x00\x3F\x80\x0F\xFC\x00\x00\x7F\xF8\x7F\xF8\x00\x00\xFF\xFF\xFF\xF8\x00\x00\x7F\xFF\xFF\xF0\x00\x00\x3F\xFF\xFF\xE0\x00\x00\x1F\xFF\xFF\xC0\x00\x00\x07\xFF\xFF\x80\x00\x00\x01\xFF\xFE\x00\x00",
    /* 0x25 */ "\xFF\xF8\x00\x00\x7E\x00\xFF\xFC\x00\x00\x7C\x00\xFF\xFE\x00\x00\xFC\x00\xF8\xFF\x00\x00\xF8\x00\xE0\x3F\x00\x01\xF8\x00\xE0\x3F\x80\x01\xF0\x00\xC0\x1F\x80\x03\xF0\x00\xC0\x1F\x80\x03\xE0\x00\xC0\x1F\xC0\x07\xE0\x00\x80\x0F\xC0\x07\xC0\x00\x80\x0F\xC0\x0F\x80\x00\x80\x0F\xC0\x1F\x80\x00\x80\x0F\xC0\x1F\x00\x00\x80\x0F\xC0\x3F\x00\x00\x80\x0F\xC0\x3E\x00\x00\x80\x0F\xC0\x7E\x00\x00\x80\x0F\xC0\x7C\x00\x00\x80\x0F\xC0\xFC\x00\x00\xC0\x1F\xC0\xF8\x03\xF8\xC0\x1F\x81\xF8\x0F\xFE\xC0\x1F\x81\xF0\x1F\xFF\xE0\x3F\x83\xF0\x3F\xFF\xE0\x3F\x03\xE0\x7F\xFF\xF8\xFF\x07\xE0\xFF\x1F\xFF\xFE\x07\xC0\xFC\x07\xFF\xFC\x0F\xC1\xFC\x07\xFF\xF8\x0F\x81\xF8\x03\x7F\xF0\x1F\x81\xF8\x03\x1F\xC0\x1F\x03\xF8\x03\x00\x00\x3F\x03\xF0\x01\x00\x00\x3E\x03\xF0\x01\x00\x00\x7E\x03\xF0\x01\x00\x00\x7C\x03\xF0\x01\x00\x00\xF8\x03\xF0\x01\x00\x01\xF8\x03\xF0\x01\x00\x01\xF0\x03\xF0\x01\x00\x03\xF0\x03\xF0\x01\x00\x03\xE0\x03\xF0\x01\x00\x07\xE0\x03\xF8\x03\x00\x07\xC0\x01\xF8\x03\x00\x0F\xC0\x01\xF8\x03\x00\x0F\x80\x01\xFC\x07\x00\x1F\x80\x00\xFC\x07\x00\x1F\x00\x00\xFF\x1F\x00\x3F\x00\x00\x7F\xFF\x00\x3E\x00\x00\x3F\xFF\x00\x7E\x00\x00\x1F\xFF\x00\x7C\x00\x00\x0F\xFE",
    /* 0x26 */ "\x00\x07\xFF\xF0\x00\x00\x00\x1F\xFF\xF8\x00\x00\x00\x1F\xFF\xF8\x00\x00\x00\x3F\xFF\xFC\x00\x00\x00\x7F\xC3\xFC\x00\x00\x00\x7F\x81\xFE\x00\x00\x00\xFF\x00\xFE\x00\x00\x00\xFF\x00\xFE\x00\x00\x00\xFE\x00\xFE\x00\x00\x00\xFE\x00\xFE\x00\x00\x00\xFE\x00\xFE\x00\x00\x00\xFE\x01\xFE\x00\x00\x00\xFE\x01\xFC\x00\x00\x00\xFF\x03\xFC\x00\x00\x00\xFF\x07\xF8\x00\x00\x00\x7F\x0F\xF8\x00\x00\x00\x7F\xBF\xF0\x00\x00\x00\x7F\xFF\xE0\x00\x00\x00\x3F\xFF\xC0\x00\x00\x00\x3F\xFF\x80\x00\x00\x00\x1F\xFF\x00\x00\x00\x00\x3F\xFC\x00\x07\xF8\x00\x7F\xF8\x00\x07\xF8\x00\xFF\xF8\x00\x07\xF8\x01\xFF\xFC\x00\x0F\xF0\x03\xFF\xFE\x00\x0F\xF0\x07\xFF\xFF\x00\x0F\xF0\x0F\xFF\xFF\x80\x1F\xE0\x0F\xFC\xFF\xC0\x1F\xE0\x1F\xF8\x7F\xE0\x3F\xC0\x1F\xF0\x7F\xF0\x3F\xC0\x3F\xE0\x3F\xF8\x7F\x80\x3F\xE0\x1F\xFC\xFF\x80\x3F\xE0\x0F\xFF\xFF\x00\x3F\xE0\x07\xFF\xFF\x00\x3F\xE0\x03\xFF\xFE\x00\x3F\xE0\x01\xFF\xFC\x00\x3F\xF0\x00\xFF\xFC\x00\x3F\xF0\x00\x7F\xFE\x00\x1F\xF8\x00\x7F\xFF\x80\x1F\xFC\x00\xFF\xFF\xE0\x1F\xFF\x87\xFF\xFF\xFC\x0F\xFF\xFF\xFF\xFF\xFC\x07\xFF\xFF\xFF\xFF\xF8\x03\xFF\xFF\xFE\x7F\xF8\x01\xFF\xFF\xFC\x1F\xF8\x00\xFF\xFF\xF0\x07\xF8\x00\x3F\xFF\xC0\x01\xF0",
    /* 0x27 */ "\x00\x00\x1F\xF0\x00\x00\x00\x00\x1F\xF0\x00\x00\x00\x00\x1F\xF0\x00\x00\x00\x00\x1F\xF0\x00\x00\x00\x00\x1F\xF0\x00\x00\x00\x00\x1F\xF0\x00\x00\x00\x00\x1F\xF0\x00\x00\x00\x00\x1F\xF0\x00\x00\x00\x00\x1F\xF0\x00\x00\x00\x00\x1F\xE0\x00\x00\x00\x00\x0F\xE0\x00\x00\x00\x00\x0F\xE0\x00\x00\x00\x00\x0F\xE0\x00\x00\x00\x00\x0F\xE0\x00\x00\x00\x00\x0F\xE0\x00\x00\x00\x00\x0F\xE0\x00\x00\x00\x00\x0F\xE0\x00\x00\x00\x00\x0F\xC0\x00\x00\x00\x00\x07\xC0\x00\x00\x00\x00\x07\xC0\x00\x00\x00\x00\x00\x00\x00\x00\x00\x00\x00\x00\x00\x00\x00\x00\x00\x00\x00\x00\x00\x00\x00\x00\x00\x00\x00\x00\x00\x00\x00\x00\x00\x00\x00\x00\x00\x00\x00\x00\x00\x00\x00\x00\x00\x00\x00\x00\x00\x00\x00\x00\x00\x00\x00\x00\x00\x00\x00\x00\x00\x00\x00\x00\x00\x00\x00\x00\x00\x00\x00\x00\x00\x00\x00\x00\x00\x00\x00\x00\x00\x00\x00\x00\x00\x00\x00\x00\x00\x00\x00\x00\x00\x00\x00\x00\x00\x00\x00\x00\x00\x00\x00\x00\x00\x00\x00\x00\x00\x00\x00\x00\x00\x00\x00\x00\x00\x00\x00\x00\x00\x00\x00\x00\x00\x00\x00\x00\x00\x00\x00\x00\x00\x00\x00\x00\x00\x00\x00\x00\x00\x00\x00\x00\x00\x00\x00\x00\x00\x00\x00\x00\x00\x00\x00\x00\x00\x00\x00\x00\x00\x00\x00\x00\x00\x00\x00\x00\x00\x00",
    /* 0x28 */ "\x00\x00\x03\xF8\x00\x00\x00\x00\x03\xF8\x00\x00\x00\x00\x03\xF8\x00\x00\x00\x00\x07\xF0\x00\x00\x00\x00\x07\xF0\x00\x00\x00\x00\x07\xF0\x00\x00\x00\x00\x0F\xE0\x00\x00\x00\x00\x0F\xE0\x00\x00\x00\x00\x0F\xE0\x00\x00\x00\x00\x0F\xE0\x00\x00\x00\x00\x1F\xC0\x00\x00\x00\x00\x1F\xC0\x00\x00\x00\x00\x1F\xC0\x00\x00\x00\x00\x1F\xC0\x00\x00\x00\x00\x1F\xC0\x00\x00\x00\x00\x3F\xC0\x00\x00\x00\x00\x3F\x80\x00\x00\x00\x00\x3F\x80\x00\x00\x00\x00\x3F\x80\x00\x00\x00\x00\x3F\x80\x00\x00\x00\x00\x3F\x80\x00\x00\x00\x00\x3F\x80\x00\x00\x00\x00\x3F\x80\x00\x00\x00\x00\x3F\x80\x00\x00\x00\x00\x3F\x80\x00\x00\x00\x00\x3F\x80\x00\x00\x00\x00\x3F\x80\x00\x00\x00\x00\x3F\x80\x00\x00\x00\x00\x3F\x80\x00\x00\x00\x00\x3F\x80\x00\x00\x00\x00\x3F\x80\x00\x00\x00\x00\x3F\x80\x00\x00\x00\x00\x3F\xC0\x00\x00\x00\x00\x1F\xC0\x00\x00\x00\x00\x1F\xC0\x00\x00\x00\x00\x1F\xC0\x00\x00\x00\x00\x1F\xC0\x00\x00\x00\x00\x1F\xC0\x00\x00\x00\x00\x0F\xE0\x00\x00\x00\x00\x0F\xE0\x00\x00\x00\x00\x0F\xE0\x00\x00\x00\x00\x0F\xE0\x00\x00\x00\x00\x07\xF0\x00\x00\x00\x00\x07\xF0\x00\x00\x00\x00\x07\xF0\x00\x00\x00\x00\x03\xF0\x00\x00\x00\x00\x03\xF8\x00\x00\x00\x00\x03\xF8\x00\x00",
    /* 0x29 */ "\x00\x00\x1F\xC0\x00\x00\x00\x00\x1F\xC0\x00\x00\x00\x00\x1F\xC0\x00\x00\x00\x00\x0F\xE0\x00\x00\x00\x00\x0F\xE0\x00\x00\x00\x00\x0F\xE0\x00\x00\x00\x00\x07\xF0\x00\x00\x00\x00\x07\xF0\x00\x00\x00\x00\x07\xF0\x00\x00\x00\x00\x07\xF0\x00\x00\x00\x00\x03\xF8\x00\x00\x00\x00\x03\xF8\x00\x00\x00\x00\x03\xF8\x00\x00\x00\x00\x03\xF8\x00\x00\x00\x00\x03\xF8\x00\x00\x00\x00\x03\xFC\x00\x00\x00\x00\x03\xFC\x00\x00\x00\x00\x01\xFC\x00\x00\x00\x00\x01\xFC\x00\x00\x00\x00\x01\xFC\x00\x00\x00\x00\x01\xFC\x00\x00\x00\x00\x01\xFC\x00\x00\x00\x00\x01\xFC\x00\x00\x00\x00\x01\xFC\x00\x00\x00\x00\x01\xFC\x00\x00\x00\x00\x01\xFC\x00\x00\x00\x00\x01\xFC\x00\x00\x00\x00\x01\xFC\x00\x00\x00\x00\x01\xFC\x00\x00\x00\x00\x01\xFC\x00\x00\x00\x00\x01\xFC\x00\x00\x00\x00\x03\xFC\x00\x00\x00\x00\x03\xFC\x00\x00\x00\x00\x03\xF8\x00\x00\x00\x00\x03\xF8\x00\x00\x00\x00\x03\xF8\x00\x00\x00\x00\x03\xF8\x00\x00\x00\x00\x03\xF8\x00\x00\x00\x00\x07\xF0\x00\x00\x00\x00\x07\xF0\x00\x00\x00\x00\x07\xF0\x00\x00\x00\x00\x07\xF0\x00\x00\x00\x00\x0F\xE0\x00\x00\x00\x00\x0F\xE0\x00\x00\x00\x00\x0F\xE0\x00\x00\x00\x00\x1F\xC0\x00\x00\x00\x00\x1F\xC0\x00\x00\x00\x00\x1F\xC0\x00\x00",
    /* 0x2A */ "\x00\x00\x07\xC0\x00\x00\x00\x00\x0F\xC0\x00\x00\x00\x00\x0F\xC0\x00\x00\x00\x00\x0F\xC0\x00\x00\x00\x0F\x0F\xC1\xE0\x00\x00\x1F\xFF\xFF\xE0\x00\x00\x1F\xFF\xFF\xF0\x00\x00\x1F\xFF\xFF\xF0\x00\x00\x1F\xFF\xFF\xF0\x00\x00\x07\xFF\xFF\x80\x00\x00\x01\xFF\xFE\x00\x00\x00\x00\x3F\xF8\x00\x00\x00\x00\x3F\xF8\x00\x00\x00\x00\x7F\xFC\x00\x00\x00\x00\xFF\xFC\x00\x00\x00\x00\xFF\xFE\x00\x00\x00\x01\xFC\xFE\x00\x00\x00\x01\xF8\x7F\x00\x00\x00\x03\xF8\x3F\x80\x00\x00\x03\xF0\x1F\x00\x00\x00\x00\xE0\x0E\x00\x00\x00\x00\x40\x04\x00\x00\x00\x00\x00\x00\x00\x00\x00\x00\x00\x00\x00\x00\x00\x00\x00\x00\x00\x00\x00\x00\x00\x00\x00\x00\x00\x00\x00\x00\x00\x00\x00\x00\x00\x00\x00\x00\x00\x00\x00\x00\x00\x00\x00\x00\x00\x00\x00\x00\x00\x00\x00\x00\x00\x00\x00\x00\x00\x00\x00\x00\x00\x00\x00\x00\x00\x00\x00\x00\x00\x00\x00\x00\x00\x00\x00\x00\x00\x00\x00\x00\x00\x00\x00\x00\x00\x00\x00\x00\x00\x00\x00\x00\x00\x00\x00\x00\x00\x00\x00\x00\x00\x00\x00\x00\x00\x00\x00\x00\x00\x00\x00\x00\x00\x00\x00\x00\x00\x00\x00\x00\x00\x00\x00\x00\x00\x00\x00\x00\x00\x00\x00\x00\x00\x00\x00\x00\x00\x00\x00\x00\x00\x00\x00\x00\x00\x00\x00\x00\x00\x00\x00\x00\x00\x00\x00\x00",
    /* 0x2B */ "\x00\x00\x00\x00\x00\x00\x00\x00\x00\x00\x00\x00\x00\x00\x00\x00\x00\x00\x00\x00\x0F\xE0\x00\x00\x00\x00\x0F\xE0\x00\x00\x00\x00\x0F\xE0\x00\x00\x00\x00\x0F\xE0\x00\x00\x00\x00\x0F\xE0\x00\x00\x00\x00\x0F\xE0\x00\x00\x00\x00\x0F\xE0\x00\x00\x00\x00\x0F\xE0\x00\x00\x00\x00\x0F\xE0\x00\x00\x00\x00\x0F\xE0\x00\x00\x00\x00\x0F\xE0\x00\x00\x00\x00\x0F\xE0\x00\x00\x00\x00\x0F\xE0\x00\x00\x00\x00\x0F\xE0\x00\x00\x00\x00\x0F\xE0\x00\x00\x01\xFF\xFF\xFF\xFF\x00\x01\xFF\xFF\xFF\xFF\x00\x01\xFF\xFF\xFF\xFF\x00\x01\xFF\xFF\xFF\xFF\x00\x01\xFF\xFF\xFF\xFF\x00\x01\xFF\xFF\xFF\xFF\x00\x00\x00\x0F\xE0\x00\x00\x00\x00\x0F\xE0\x00\x00\x00\x00\x0F\xE0\x00\x00\x00\x00\x0F\xE0\x00\x00\x00\x00\x0F\xE0\x00\x00\x00\x00\x0F\xE0\x00\x00\x00\x00\x0F\xE0\x00\x00\x00\x00\x0F\xE0\x00\x00\x00\x00\x0F\xE0\x00\x00\x00\x00\x0F\xE0\x00\x00\x00\x00\x0F\xE0\x00\x00\x00\x00\x0F\xE0\x00\x00\x00\x00\x0F\xE0\x00\x00\x00\x00\x0F\xE0\x00\x00\x00\x00\x00\x00\x00\x00\x00\x00\x00\x00\x00\x00\x00\x00\x00\x00\x00\x00\x00\x00\x00\x00\x00\x00\x00\x00\x00\x00\x00\x00\x00\x00\x00\x00\x00\x00\x00\x00\x00\x00\x00\x00\x00\x00\x00\x00\x00\x00\x00\x00\x00\x00\x00\x00\x00\x00\x00\x00\x00\x00",
    /* 0x2C */ "\x00\x00\x00\x00\x00\x00\x00\x00\x00\x00\x00\x00\x00\x00\x00\x00\x00\x00\x00\x00\x00\x00\x00\x00\x00\x00\x00\x00\x00\x00\x00\x00\x00\x00\x00\x00\x00\x00\x00\x00\x00\x00\x00\x00\x00\x00\x00\x00\x00\x00\x00\x00\x00\x00\x00\x00\x00\x00\x00\x00\x00\x00\x00\x00\x00\x00\x00\x00\x07\xC0\x00\x00\x00\x00\x0F\xF0\x00\x00\x00\x00\x1F\xF0\x00\x00\x00\x00\x3F\xF8\x00\x00\x00\x00\x3F\xF8\x00\x00\x00\x00\x3F\xFC\x00\x00\x00\x00\x3F\xFC\x00\x00\x00\x00\x3F\xFC\x00\x00\x00\x00\x1F\xFC\x00\x00\x00\x00\x0F\xFC\x00\x00\x00\x00\x07\xFC\x00\x00\x00\x00\x00\xFC\x00\x00\x00\x00\x00\xFC\x00\x00\x00\x00\x01\xF8\x00\x00\x00\x00\x01\xF8\x00\x00\x00\x00\x03\xF8\x00\x00\x00\x00\x03\xF0\x00\x00\x00\x00\x07\xF0\x00\x00\x00\x00\x1F\xE0\x00\x00\x00\x00\x3F\xC0\x00\x00\x00\x00\x7F\xC0\x00\x00\x00\x00\x7F\x80\x00\x00\x00\x00\x3E\x00\x00\x00\x00\x00\x3C\x00\x00\x00\x00\x00\x30\x00\x00\x00\x00\x00\x00\x00\x00\x00\x00\x00\x00\x00\x00\x00\x00\x00\x00\x00\x00\x00\x00\x00\x00\x00\x00\x00\x00\x00\x00\x00\x00\x00\x00\x00\x00\x00\x00\x00\x00\x00\x00\x00\x00\x00\x00\x00\x00\x00\x00\x00\x00\x00\x00\x00\x00\x00\x00\x00\x00\x00\x00\x00\x00\x00\x00\x00\x00\x00\x00\x00\x00\x00\x00\x00",
    /* 0x2D */ "\x00\x00\x00\x00\x00\x00\x00\x00\x00\x00\x00\x00\x00\x00\x00\x00\x00\x00\x00\x00\x00\x00\x00\x00\x00\x00\x00\x00\x00\x00\x00\x00\x00\x00\x00\x00\x00\x00\x00\x00\x00\x00\x00\x00\x00\x00\x00\x00\x00\x00\x00\x00\x00\x00\x00\x00\x00\x00\x00\x00\x00\x00\x00\x00\x00\x00\x00\x00\x00\x00\x00\x00\x00\x00\x00\x00\x00\x00\x00\x01\xFF\xFF\x80\x00\x00\x01\xFF\xFF\x80\x00\x00\x01\xFF\xFF\x80\x00\x00\x01\xFF\xFF\x80\x00\x00\x01\xFF\xFF\x80\x00\x00\x01\xFF\xFF\x80\x00\x00\x00\x00\x00\x00\x00\x00\x00\x00\x00\x00\x00\x00\x00\x00\x00\x00\x00\x00\x00\x00\x00\x00\x00\x00\x00\x00\x00\x00\x00\x00\x00\x00\x00\x00\x00\x00\x00\x00\x00\x00\x00\x00\x00\x00\x00\x00\x00\x00\x00\x00\x00\x00\x00\x00\x00\x00\x00\x00\x00\x00\x00\x00\x00\x00\x00\x00\x00\x00\x00\x00\x00\x00\x00\x00\x00\x00\x00\x00\x00\x00\x00\x00\x00\x00\x00\x00\x00\x00\x00\x00\x00\x00\x00\x00\x00\x00\x00\x00\x00\x00\x00\x00\x00\x00\x00\x00\x00\x00\x00\x00\x00\x00\x00\x00\x00\x00\x00\x00\x00\x00\x00\x00\x00\x00\x00\x00\x00\x00\x00\x00\x00\x00\x00\x00\x00\x00\x00\x00\x00\x00\x00\x00\x00\x00\x00\x00\x00\x00\x00\x00\x00\x00\x00\x00\x00\x00\x00\x00\x00\x00\x00\x00\x00\x00\x00\x00\x00\x00\x00\x00\x00\x00\x00",
    /* 0x2E */ "\x00\x00\x00\x00\x00\x00\x00\x00\x00\x00\x00\x00\x00\x00\x00\x00\x00\x00\x00\x00\x00\x00\x00\x00\x00\x00\x00\x00\x00\x00\x00\x00\x00\x00\x00\x00\x00\x00\x00\x00\x00\x00\x00\x00\x00\x00\x00\x00\x00\x00\x00\x00\x00\x00\x00\x00\x00\x00\x00\x00\x00\x00\x00\x00\x00\x00\x00\x00\x00\x00\x00\x00\x00\x00\x00\x00\x00\x00\x00\x00\x00\x00\x00\x00\x00\x00\x00\x00\x00\x00\x00\x00\x00\x00\x00\x00\x00\x00\x00\x00\x00\x00\x00\x00\x00\x00\x00\x00\x00\x00\x07\xC0\x00\x00\x00\x00\x0F\xE0\x00\x00\x00\x00\x1F\xF0\x00\x00\x00\x00\x3F\xF8\x00\x00\x00\x00\x3F\xF8\x00\x00\x00\x00\x3F\xF8\x00\x00\x00\x00\x3F\xF8\x00\x00\x00\x00\x3F\xF8\x00\x00\x00\x00\x3F\xF8\x00\x00\x00\x00\x1F\xF0\x00\x00\x00\x00\x0F\xE0\x00\x00\x00\x00\x07\xC0\x00\x00\x00\x00\x00\x00\x00\x00\x00\x00\x00\x00\x00\x00\x00\x00\x00\x00\x00\x00\x00\x00\x00\x00\x00\x00\x00\x00\x00\x00\x00\x00\x00\x00\x00\x00\x00\x00\x00\x00\x00\x00\x00\x00\x00\x00\x00\x00\x00\x00\x00\x00\x00\x00\x00\x00\x00\x00\x00\x00\x00\x00\x00\x00\x00\x00\x00\x00\x00\x00\x00\x00\x00\x00\x00\x00\x00\x00\x00\x00\x00\x00\x00\x00\x00\x00\x00\x00\x00\x00\x00\x00\x00\x00\x00\x00\x00\x00\x00\x00\x00\x00\x00\x00\x00\x00\x00\x00\x00\x00",
    /* 0x2F */ "\x00\x00\x00\x1F\x80\x00\x00\x00\x00\x3F\x00\x00\x00\x00\x00\x3F\x00\x00\x00\x00\x00\x3F\x00\x00\x00\x00\x00\x3F\x00\x00\x00\x00\x00\x7E\x00\x00\x00\x00\x00\x7E\x00\x00\x00\x00\x00\x7E\x00\x00\x00\x00\x00\x7E\x00\x00\x00\x00\x00\xFC\x00\x00\x00\x00\x00\xFC\x00\x00\x00\x00\x00\xFC\x00\x00\x00\x00\x01\xF8\x00\x00\x00\x00\x01\xF8\x00\x00\x00\x00\x01\xF8\x00\x00\x00\x00\x01\xF8\x00\x00\x00\x00\x03\xF0\x00\x00\x00\x00\x03\xF0\x00\x00\x00\x00\x03\xF0\x00\x00\x00\x00\x03\xF0\x00\x00\x00\x00\x07\xE0\x00\x00\x00\x00\x07\xE0\x00\x00\x00\x00\x07\xE0\x00\x00\x00\x00\x07\xE0\x00\x00\x00\x00\x0F\xC0\x00\x00\x00\x00\x0F\xC0\x00\x00\x00\x00\x0F\xC0\x00\x00\x00\x00\x1F\x80\x00\x00\x00\x00\x1F\x80\x00\x00\x00\x00\x1F\x80\x00\x00\x00\x00\x1F\x80\x00\x00\x00\x00\x3F\x00\x00\x00\x00\x00\x3F\x00\x00\x00\x00\x00\x3F\x00\x00\x00\x00\x00\x3F\x00\x00\x00\x00\x00\x7E\x00\x00\x00\x00\x00\x7E\x00\x00\x00\x00\x00\x7E\x00\x00\x00\x00\x00\x7E\x00\x00\x00\x00\x00\xFC\x00\x00\x00\x00\x00\xFC\x00\x00\x00\x00\x00\xFC\x00\x00\x00\x00\x00\xFC\x00\x00\x00\x00\x01\xF8\x00\x00\x00\x00\x01\xF8\x00\x00\x00\x00\x01\xF8\x00\x00\x00\x00\x03\xF0\x00\x00\x00\x00\x03\xF0\x00\x00\x00",
    /* 0x30 */ "\x00\x00\x7F\xFE\x00\x00\x00\x00\xFF\xFF\x00\x00\x00\x01\xFF\xFF\xC0\x00\x00\x03\xFF\xFF\xC0\x00\x00\x07\xFF\xFF\xE0\x00\x00\x0F\xFF\xFF\xF0\x00\x00\x0F\xFC\x3F\xF8\x00\x00\x1F\xF0\x0F\xF8\x00\x00\x1F\xE0\x07\xF8\x00\x00\x3F\xE0\x07\xFC\x00\x00\x3F\xC0\x03\xFC\x00\x00\x7F\xC0\x03\xFE\x00\x00\x7F\x80\x01\xFE\x00\x00\x7F\x80\x01\xFE\x00\x00\x7F\x80\x01\xFE\x00\x00\x7F\x80\x01\xFE\x00\x00\xFF\x80\x01\xFF\x00\x00\xFF\x00\x00\xFF\x00\x00\xFF\x00\x00\xFF\x00\x00\xFF\x00\x00\xFF\x00\x00\xFF\x00\x00\xFF\x00\x00\xFF\x00\x00\xFF\x00\x00\xFF\x00\x00\xFF\x00\x00\xFF\x00\x00\xFF\x00\x00\xFF\x00\x00\xFF\x00\x00\xFF\x00\x00\xFF\x00\x00\xFF\x00\x00\xFF\x00\x00\xFF\x00\x00\xFF\x00\x00\xFF\x00\x00\xFF\x00\x00\xFF\x00\x00\xFF\x00\x00\xFF\x00\x00\xFF\x00\x00\xFF\x00\x00\xFF\x00\x00\x7F\x80\x01\xFE\x00\x00\x7F\x80\x01\xFE\x00\x00\x7F\x80\x01\xFE\x00\x00\x7F\x80\x01\xFE\x00\x00\x7F\xC0\x01\xFE\x00\x00\x3F\xC0\x03\xFC\x00\x00\x3F\xC0\x03\xFC\x00\x00\x3F\xE0\x07\xFC\x00\x00\x1F\xF0\x0F\xF8\x00\x00\x1F\xF8\x1F\xF8\x00\x00\x0F\xFE\x7F\xF0\x00\x00\x0F\xFF\xFF\xF0\x00\x00\x07\xFF\xFF\xE0\x00\x00\x03\xFF\xFF\xC0\x00\x00\x01\xFF\xFF\x80\x00\x00\x00\xFF\xFF\x00\x00",
    /* 0x31 */ "\x00\x00\x03\xFC\x00\x00\x00\x00\x1F\xFC\x00\x00\x00\x00\x7F\xFC\x00\x00\x00\x07\xFF\xFC\x00\x00\x00\x07\xFF\xFC\x00\x00\x00\x07\xFF\xFC\x00\x00\x00\x07\xFF\xFC\x00\x00\x00\x07\xFF\xFC\x00\x00\x00\x07\xFF\xFC\x00\x00\x00\x00\x07\xFC\x00\x00\x00\x00\x07\xFC\x00\x00\x00\x00\x07\xFC\x00\x00\x00\x00\x07\xFC\x00\x00\x00\x00\x07\xFC\x00\x00\x00\x00\x07\xFC\x00\x00\x00\x00\x07\xFC\x00\x00\x00\x00\x07\xFC\x00\x00\x00\x00\x07\xFC\x00\x00\x00\x00\x07\xFC\x00\x00\x00\x00\x07\xFC\x00\x00\x00\x00\x07\xFC\x00\x00\x00\x00\x07\xFC\x00\x00\x00\x00\x07\xFC\x00\x00\x00\x00\x07\xFC\x00\x00\x00\x00\x07\xFC\x00\x00\x00\x00\x07\xFC\x00\x00\x00\x00\x07\xFC\x00\x00\x00\x00\x07\xFC\x00\x00\x00\x00\x07\xFC\x00\x00\x00\x00\x07\xFC\x00\x00\x00\x00\x07\xFC\x00\x00\x00\x00\x07\xFC\x00\x00\x00\x00\x07\xFC\x00\x00\x00\x00\x07\xFC\x00\x00\x00\x00\x07\xFC\x00\x00\x00\x00\x07\xFC\x00\x00\x00\x00\x07\xFC\x00\x00\x00\x00\x07\xFC\x00\x00\x00\x00\x07\xFC\x00\x00\x00\x00\x07\xFC\x00\x00\x00\x00\x07\xFC\x00\x00\x00\x00\x07\xFC\x00\x00\x00\x1F\xFF\xFF\xFF\x00\x00\x1F\xFF\xFF\xFF\x00\x00\x1F\xFF\xFF\xFF\x00\x00\x1F\xFF\xFF\xFF\x00\x00\x1F\xFF\xFF\xFF\x00\x00\x1F\xFF\xFF\xFF\x00",
    /* 0x32 */ "\x00\x01\xFF\xFE\x00\x00\x00\x07\xFF\xFF\x00\x00\x00\x0F\xFF\xFF\x80\x00\x00\x1F\xFF\xFF\xC0\x00\x00\x7F\xFF\xFF\xE0\x00\x00\xFF\xFF\xFF\xF0\x00\x00\xFF\xE0\xFF\xF0\x00\x00\x7F\x80\x3F\xF8\x00\x00\x3E\x00\x1F\xF8\x00\x00\x1C\x00\x0F\xFC\x00\x00\x08\x00\x0F\xFC\x00\x00\x00\x00\x07\xFC\x00\x00\x00\x00\x07\xFC\x00\x00\x00\x00\x07\xFC\x00\x00\x00\x00\x07\xFC\x00\x00\x00\x00\x07\xFC\x00\x00\x00\x00\x07\xFC\x00\x00\x00\x00\x07\xFC\x00\x00\x00\x00\x0F\xF8\x00\x00\x00\x00\x0F\xF8\x00\x00\x00\x00\x0F\xF8\x00\x00\x00\x00\x1F\xF0\x00\x00\x00\x00\x1F\xF0\x00\x00\x00\x00\x3F\xF0\x00\x00\x00\x00\x3F\xE0\x00\x00\x00\x00\x7F\xE0\x00\x00\x00\x00\xFF\xC0\x00\x00\x00\x00\xFF\x80\x00\x00\x00\x01\xFF\x80\x00\x00\x00\x03\xFF\x00\x00\x00\x00\x07\xFE\x00\x00\x00\x00\x0F\xFC\x00\x00\x00\x00\x0F\xFC\x00\x00\x00\x00\x1F\xF8\x00\x00\x00\x00\x3F\xF0\x00\x00\x00\x00\x7F\xE0\x00\x00\x00\x00\xFF\xC0\x00\x00\x00\x01\xFF\x80\x00\x00\x00\x03\xFF\x00\x00\x00\x00\x07\xFE\x00\x00\x00\x00\x0F\xFC\x00\x00\x00\x00\x1F\xF8\x00\x00\x00\x00\x3F\xFF\xFF\xFF\x00\x00\x7F\xFF\xFF\xFF\x00\x00\xFF\xFF\xFF\xFF\x00\x00\xFF\xFF\xFF\xFF\x00\x00\xFF\xFF\xFF\xFF\x00\x00\xFF\xFF\xFF\xFF\x00",
    /* 0x33 */ "\x00\x03\xFF\xFE\x00\x00\x00\x07\xFF\xFF\x80\x00\x00\x1F\xFF\xFF\xC0\x00\x00\x3F\xFF\xFF\xE0\x00\x00\xFF\xFF\xFF\xF0\x00\x00\xFF\xFF\xFF\xF0\x00\x00\x7F\xE0\x7F\xF8\x00\x00\x3F\x80\x1F\xF8\x00\x00\x1E\x00\x0F\xFC\x00\x00\x1C\x00\x0F\xFC\x00\x00\x00\x00\x07\xFC\x00\x00\x00\x00\x07\xFC\x00\x00\x00\x00\x07\xFC\x00\x00\x00\x00\x07\xFC\x00\x00\x00\x00\x07\xFC\x00\x00\x00\x00\x0F\xF8\x00\x00\x00\x00\x0F\xF8\x00\x00\x00\x00\x1F\xF8\x00\x00\x00\x00\x3F\xF0\x00\x00\x00\x00\x7F\xE0\x00\x00\x00\x03\xFF\xC0\x00\x00\x00\xFF\xFF\x80\x00\x00\x00\xFF\xFF\x00\x00\x00\x00\xFF\xFC\x00\x00\x00\x00\xFF\xFE\x00\x00\x00\x00\xFF\xFF\x80\x00\x00\x00\xFF\xFF\xE0\x00\x00\x00\x03\xFF\xF0\x00\x00\x00\x00\x3F\xF8\x00\x00\x00\x00\x1F\xF8\x00\x00\x00\x00\x07\xFC\x00\x00\x00\x00\x07\xFC\x00\x00\x00\x00\x03\xFE\x00\x00\x00\x00\x03\xFE\x00\x00\x00\x00\x03\xFE\x00\x00\x00\x00\x03\xFE\x00\x00\x00\x00\x03\xFE\x00\x00\x00\x00\x03\xFE\x00\x00\x30\x00\x07\xFE\x00\x00\x78\x00\x07\xFE\x00\x00\xFC\x00\x0F\xFC\x00\x01\xFF\x00\x1F\xFC\x00\x01\xFF\xE0\xFF\xF8\x00\x01\xFF\xFF\xFF\xF8\x00\x00\xFF\xFF\xFF\xF0\x00\x00\x7F\xFF\xFF\xE0\x00\x00\x3F\xFF\xFF\xC0\x00\x00\x0F\xFF\xFF\x00\x00",
    /* 0x34 */ "\x00\x00\x00\xFF\xE0\x00\x00\x00\x01\xFF\xE0\x00\x00\x00\x01\xFF\xE0\x00\x00\x00\x03\xFF\xE0\x00\x00\x00\x03\xFF\xE0\x00\x00\x00\x07\xFF\xE0\x00\x00\x00\x0F\xFF\xE0\x00\x00\x00\x0F\xFF\xE0\x00\x00\x00\x1F\xDF\xE0\x00\x00\x00\x3F\xDF\xE0\x00\x00\x00\x3F\x9F\xE0\x00\x00\x00\x7F\x9F\xE0\x00\x00\x00\x7F\x1F\xE0\x00\x00\x00\xFF\x1F\xE0\x00\x00\x01\xFE\x1F\xE0\x00\x00\x01\xFE\x1F\xE0\x00\x00\x03\xFC\x1F\xE0\x00\x00\x07\xFC\x1F\xE0\x00\x00\x07\xF8\x1F\xE0\x00\x00\x0F\xF0\x1F\xE0\x00\x00\x0F\xF0\x1F\xE0\x00\x00\x1F\xE0\x1F\xE0\x00\x00\x3F\xE0\x1F\xE0\x00\x00\x3F\xC0\x1F\xE0\x00\x00\x7F\x80\x1F\xE0\x00\x00\xFF\x80\x1F\xE0\x00\x00\xFF\x00\x1F\xE0\x00\x01\xFE\x00\x1F\xE0\x00\x01\xFE\x00\x1F\xE0\x00\x03\xFF\xFF\xFF\xFF\x80\x03\xFF\xFF\xFF\xFF\x80\x03\xFF\xFF\xFF\xFF\x80\x03\xFF\xFF\xFF\xFF\x80\x03\xFF\xFF\xFF\xFF\x80\x03\xFF\xFF\xFF\xFF\x80\x03\xFF\xFF\xFF\xFF\x80\x00\x00\x00\x1F\xE0\x00\x00\x00\x00\x1F\xE0\x00\x00\x00\x00\x1F\xE0\x00\x00\x00\x00\x1F\xE0\x00\x00\x00\x00\x1F\xE0\x00\x00\x00\x00\x1F\xE0\x00\x00\x00\x00\x1F\xE0\x00\x00\x00\x00\x1F\xE0\x00\x00\x00\x00\x1F\xE0\x00\x00\x00\x00\x1F\xE0\x00\x00\x00\x00\x1F\xE0\x00\x00\x00\x00\x1F\xE0\x00",
    /* 0x35 */ "\x00\x0F\xFF\xFF\xFC\x00\x00\x0F\xFF\xFF\xFC\x00\x00\x0F\xFF\xFF\xFC\x00\x00\x0F\xFF\xFF\xFC\x00\x00\x0F\xFF\xFF\xFC\x00\x00\x0F\xFF\xFF\xFC\x00\x00\x0F\xF0\x00\x00\x00\x00\x1F\xE0\x00\x00\x00\x00\x1F\xE0\x00\x00\x00\x00\x1F\xE0\x00\x00\x00\x00\x1F\xE0\x00\x00\x00\x00\x1F\xE0\x00\x00\x00\x00\x1F\xE0\x00\x00\x00\x00\x1F\xE0\x00\x00\x00\x00\x1F\xE0\x00\x00\x00\x00\x1F\xE0\x00\x00\x00\x00\x1F\xE7\xF8\x00\x00\x00\x1F\xFF\xFF\x00\x00\x00\x1F\xFF\xFF\xC0\x00\x00\x1F\xFF\xFF\xE0\x00\x00\x1F\xFF\xFF\xF0\x00\x00\x1F\xFF\xFF\xF8\x00\x00\x1F\xE0\x7F\xFC\x00\x00\x07\x80\x1F\xFC\x00\x00\x02\x00\x0F\xFE\x00\x00\x00\x00\x07\xFE\x00\x00\x00\x00\x03\xFE\x00\x00\x00\x00\x03\xFF\x00\x00\x00\x00\x01\xFF\x00\x00\x00\x00\x01\xFF\x00\x00\x00\x00\x01\xFF\x00\x00\x00\x00\x01\xFF\x00\x00\x00\x00\x01\xFF\x00\x00\x00\x00\x01\xFF\x00\x00\x00\x00\x01\xFF\x00\x00\x00\x00\x03\xFF\x00\x00\x00\x00\x03\xFE\x00\x00\x30\x00\x03\xFE\x00\x00\x78\x00\x07\xFE\x00\x00\x7E\x00\x0F\xFC\x00\x00\xFF\x00\x1F\xFC\x00\x01\xFF\xF0\xFF\xF8\x00\x01\xFF\xFF\xFF\xF0\x00\x00\xFF\xFF\xFF\xF0\x00\x00\x7F\xFF\xFF\xE0\x00\x00\x1F\xFF\xFF\xC0\x00\x00\x0F\xFF\xFF\x00\x00\x00\x01\xFF\xFC\x00\x00",
    /* 0x36 */ "\x00\x00\x1F\xFF\xC0\x00\x00\x00\x7F\xFF\xF0\x00\x00\x00\xFF\xFF\xF8\x00\x00\x01\xFF\xFF\xFC\x00\x00\x03\xFF\xFF\xFE\x00\x00\x07\xFF\xFF\xFC\x00\x00\x07\xFF\x03\xF8\x00\x00\x0F\xFC\x00\xF0\x00\x00\x1F\xF8\x00\x70\x00\x00\x1F\xF0\x00\x00\x00\x00\x3F\xE0\x00\x00\x00\x00\x3F\xE0\x00\x00\x00\x00\x3F\xC0\x00\x00\x00\x00\x7F\xC0\x00\x00\x00\x00\x7F\x80\x00\x00\x00\x00\x7F\x80\x00\x00\x00\x00\x7F\x80\x00\x00\x00\x00\x7F\x80\x00\x00\x00\x00\xFF\x81\xFE\x00\x00\x00\xFF\x07\xFF\x80\x00\x00\xFF\x1F\xFF\xE0\x00\x00\xFF\x3F\xFF\xF0\x00\x00\xFF\x7F\xFF\xF8\x00\x00\xFF\xFF\xFF\xFC\x00\x00\xFF\xFC\x1F\xFC\x00\x00\xFF\xF0\x07\xFE\x00\x00\xFF\xE0\x03\xFE\x00\x00\xFF\xC0\x01\xFE\x00\x00\xFF\x80\x01\xFF\x00\x00\xFF\x00\x00\xFF\x00\x00\xFF\x00\x00\xFF\x00\x00\xFF\x80\x00\xFF\x00\x00\xFF\x80\x00\xFF\x00\x00\x7F\x80\x00\xFF\x00\x00\x7F\x80\x00\xFF\x00\x00\x7F\x80\x00\xFF\x00\x00\x7F\xC0\x00\xFF\x00\x00\x3F\xC0\x01\xFF\x00\x00\x3F\xE0\x01\xFE\x00\x00\x1F\xE0\x03\xFE\x00\x00\x1F\xF0\x03\xFE\x00\x00\x1F\xF8\x07\xFC\x00\x00\x0F\xFE\x1F\xFC\x00\x00\x07\xFF\xFF\xF8\x00\x00\x03\xFF\xFF\xF0\x00\x00\x03\xFF\xFF\xF0\x00\x00\x00\xFF\xFF\xE0\x00\x00\x00\x7F\xFF\x80\x00",
    /* 0x37 */ "\x00\xFF\xFF\xFF\xFF\x00\x00\xFF\xFF\xFF\xFF\x00\x00\xFF\xFF\xFF\xFF\x00\x00\xFF\xFF\xFF\xFF\x00\x00\xFF\xFF\xFF\xFF\x00\x00\xFF\xFF\xFF\xFF\x00\x00\xFF\xFF\xFF\xFE\x00\x00\x00\x00\x03\xFC\x00\x00\x00\x00\x07\xF8\x00\x00\x00\x00\x07\xF8\x00\x00\x00\x00\x0F\xF0\x00\x00\x00\x00\x1F\xE0\x00\x00\x00\x00\x1F\xE0\x00\x00\x00\x00\x3F\xC0\x00\x00\x00\x00\x7F\x80\x00\x00\x00\x00\x7F\x80\x00\x00\x00\x00\xFF\x00\x00\x00\x00\x00\xFF\x00\x00\x00\x00\x01\xFE\x00\x00\x00\x00\x01\xFE\x00\x00\x00\x00\x01\xFC\x00\x00\x00\x00\x03\xFC\x00\x00\x00\x00\x03\xFC\x00\x00\x00\x00\x07\xF8\x00\x00\x00\x00\x07\xF8\x00\x00\x00\x00\x07\xF8\x00\x00\x00\x00\x0F\xF8\x00\x00\x00\x00\x0F\xF0\x00\x00\x00\x00\x0F\xF0\x00\x00\x00\x00\x1F\xF0\x00\x00\x00\x00\x1F\xF0\x00\x00\x00\x00\x1F\xE0\x00\x00\x00\x00\x1F\xE0\x00\x00\x00\x00\x1F\xE0\x00\x00\x00\x00\x3F\xE0\x00\x00\x00\x00\x3F\xE0\x00\x00\x00\x00\x3F\xE0\x00\x00\x00\x00\x3F\xE0\x00\x00\x00\x00\x3F\xC0\x00\x00\x00\x00\x3F\xC0\x00\x00\x00\x00\x7F\xC0\x00\x00\x00\x00\x7F\xC0\x00\x00\x00\x00\x7F\xC0\x00\x00\x00\x00\x7F\xC0\x00\x00\x00\x00\x7F\xC0\x00\x00\x00\x00\x7F\xC0\x00\x00\x00\x00\x7F\xC0\x00\x00\x00\x00\x7F\xC0\x00\x00",
    /* 0x38 */ "\x00\x01\xFF\xFF\x80\x00\x00\x03\xFF\xFF\xC0\x00\x00\x07\xFF\xFF\xE0\x00\x00\x0F\xFF\xFF\xF0\x00\x00\x0F\xFC\x1F\xF8\x00\x00\x1F\xF0\x0F\xF8\x00\x00\x1F\xE0\x07\xF8\x00\x00\x3F\xE0\x03\xFC\x00\x00\x3F\xC0\x03\xFC\x00\x00\x3F\xC0\x01\xFC\x00\x00\x3F\xC0\x01\xFC\x00\x00\x3F\xC0\x01\xFC\x00\x00\x3F\xC0\x01\xFC\x00\x00\x3F\xE0\x01\xFC\x00\x00\x3F\xE0\x03\xFC\x00\x00\x1F\xF0\x03\xF8\x00\x00\x1F\xF8\x03\xF8\x00\x00\x0F\xFC\x07\xF0\x00\x00\x07\xFF\x0F\xF0\x00\x00\x03\xFF\xCF\xE0\x00\x00\x03\xFF\xFF\xC0\x00\x00\x00\xFF\xFF\x80\x00\x00\x00\x7F\xFF\x00\x00\x00\x00\xFF\xFF\x80\x00\x00\x03\xFF\xFF\xC0\x00\x00\x07\xFF\xFF\xF0\x00\x00\x0F\xF0\xFF\xF8\x00\x00\x1F\xE0\x3F\xF8\x00\x00\x3F\xC0\x1F\xFC\x00\x00\x3F\x80\x07\xFE\x00\x00\x7F\x80\x03\xFE\x00\x00\x7F\x80\x01\xFE\x00\x00\xFF\x00\x01\xFF\x00\x00\xFF\x00\x00\xFF\x00\x00\xFF\x00\x00\xFF\x00\x00\xFF\x00\x00\xFF\x00\x00\xFF\x00\x00\xFF\x00\x00\xFF\x00\x00\xFF\x00\x00\xFF\x80\x01\xFF\x00\x00\xFF\x80\x01\xFF\x00\x00\x7F\xC0\x03\xFE\x00\x00\x7F\xF0\x07\xFE\x00\x00\x3F\xFC\x1F\xFC\x00\x00\x1F\xFF\xFF\xF8\x00\x00\x0F\xFF\xFF\xF0\x00\x00\x07\xFF\xFF\xE0\x00\x00\x03\xFF\xFF\xC0\x00\x00\x00\xFF\xFF\x00\x00",
    /* 0x39 */ "\x00\x00\xFF\xFC\x00\x00\x00\x03\xFF\xFF\x00\x00\x00\x07\xFF\xFF\x80\x00\x00\x0F\xFF\xFF\xC0\x00\x00\x1F\xFF\xFF\xE0\x00\x00\x1F\xFF\xFF\xF0\x00\x00\x3F\xF8\x7F\xF0\x00\x00\x3F\xE0\x1F\xF8\x00\x00\x7F\xC0\x0F\xF8\x00\x00\x7F\xC0\x07\xFC\x00\x00\xFF\x80\x03\xFC\x00\x00\xFF\x80\x03\xFE\x00\x00\xFF\x00\x03\xFE\x00\x00\xFF\x00\x01\xFE\x00\x00\xFF\x00\x01\xFE\x00\x00\xFF\x00\x01\xFE\x00\x00\xFF\x00\x01\xFF\x00\x00\xFF\x00\x00\xFF\x00\x00\xFF\x00\x00\xFF\x00\x00\xFF\x80\x01\xFF\x00\x00\xFF\x80\x01\xFF\x00\x00\x7F\x80\x03\xFF\x00\x00\x7F\xC0\x07\xFF\x00\x00\x7F\xE0\x0F\xFF\x00\x00\x3F\xF8\x3F\xFF\x00\x00\x1F\xFF\xFF\xFF\x00\x00\x1F\xFF\xFE\xFF\x00\x00\x0F\xFF\xFC\xFF\x00\x00\x07\xFF\xF8\xFF\x00\x00\x01\xFF\xE0\xFF\x00\x00\x00\x7F\x81\xFF\x00\x00\x00\x00\x01\xFE\x00\x00\x00\x00\x01\xFE\x00\x00\x00\x00\x01\xFE\x00\x00\x00\x00\x01\xFE\x00\x00\x00\x00\x03\xFC\x00\x00\x00\x00\x03\xFC\x00\x00\x00\x00\x07\xFC\x00\x00\x00\x00\x07\xF8\x00\x00\x04\x00\x0F\xF8\x00\x00\x0E\x00\x1F\xF0\x00\x00\x1F\x80\x3F\xF0\x00\x00\x1F\xE1\xFF\xE0\x00\x00\x3F\xFF\xFF\xE0\x00\x00\x7F\xFF\xFF\xC0\x00\x00\x3F\xFF\xFF\x80\x00\x00\x1F\xFF\xFF\x00\x00\x00\x0F\xFF\xFC\x00\x00",
    /* 0x3A */ "\x00\x00\x00\x00\x00\x00\x00\x00\x00\x00\x00\x00\x00\x00\x00\x00\x00\x00\x00\x00\x00\x00\x00\x00\x00\x00\x00\x00\x00\x00\x00\x00\x07\xC0\x00\x00\x00\x00\x0F\xE0\x00\x00\x00\x00\x1F\xF0\x00\x00\x00\x00\x3F\xF8\x00\x00\x00\x00\x3F\xF8\x00\x00\x00\x00\x3F\xF8\x00\x00\x00\x00\x3F\xF8\x00\x00\x00\x00\x3F\xF8\x00\x00\x00\x00\x3F\xF8\x00\x00\x00\x00\x1F\xF0\x00\x00\x00\x00\x0F\xE0\x00\x00\x00\x00\x07\xC0\x00\x00\x00\x00\x00\x00\x00\x00\x00\x00\x00\x00\x00\x00\x00\x00\x00\x00\x00\x00\x00\x00\x00\x00\x00\x00\x00\x00\x00\x00\x00\x00\x00\x00\x00\x00\x00\x00\x00\x00\x00\x00\x00\x00\x00\x00\x00\x00\x00\x00\x00\x00\x00\x00\x00\x00\x00\x00\x00\x00\x00\x00\x00\x00\x00\x00\x00\x00\x00\x00\x00\x00\x00\x00\x00\x00\x00\x00\x00\x00\x00\x00\x00\x00\x00\x00\x00\x00\x07\xC0\x00\x00\x00\x00\x0F\xE0\x00\x00\x00\x00\x1F\xF0\x00\x00\x00\x00\x3F\xF8\x00\x00\x00\x00\x3F\xF8\x00\x00\x00\x00\x3F\xF8\x00\x00\x00\x00\x3F\xF8\x00\x00\x00\x00\x3F\xF8\x00\x00\x00\x00\x3F\xF8\x00\x00\x00\x00\x1F\xF0\x00\x00\x00\x00\x0F\xE0\x00\x00\x00\x00\x07\xC0\x00\x00\x00\x00\x00\x00\x00\x00\x00\x00\x00\x00\x00\x00\x00\x00\x00\x00\x00\x00\x00\x00\x00\x00\x00\x00\x00\x00\x00\x00\x00\x00",
    /* 0x3B */ "\x00\x00\x1F\xF0\x00\x00\x00\x00\x3F\xF8\x00\x00\x00\x00\x3F\xF8\x00\x00\x00\x00\x3F\xF8\x00\x00\x00\x00\x3F\xF8\x00\x00\x00\x00\x3F\xF8\x00\x00\x00\x00\x3F\xF8\x00\x00\x00\x00\x1F\xF0\x00\x00\x00\x00\x0F\xE0\x00\x00\x00\x00\x07\xC0\x00\x00\x00\x00\x00\x00\x00\x00\x00\x00\x00\x00\x00\x00\x00\x00\x00\x00\x00\x00\x00\x00\x00\x00\x00\x00\x00\x00\x00\x00\x00\x00\x00\x00\x00\x00\x00\x00\x00\x00\x00\x00\x00\x00\x00\x00\x00\x00\x00\x00\x00\x00\x00\x00\x00\x00\x00\x00\x00\x00\x00\x00\x00\x00\x00\x00\x00\x00\x00\x00\x00\x00\x00\x00\x00\x00\x00\x00\x00\x00\x00\x00\x00\x00\x00\x00\x00\x00\x07\xC0\x00\x00\x00\x00\x0F\xF0\x00\x00\x00\x00\x1F\xF0\x00\x00\x00\x00\x3F\xF8\x00\x00\x00\x00\x3F\xF8\x00\x00\x00\x00\x3F\xFC\x00\x00\x00\x00\x3F\xFC\x00\x00\x00\x00\x3F\xFC\x00\x00\x00\x00\x1F\xFC\x00\x00\x00\x00\x0F\xFC\x00\x00\x00\x00\x07\xFC\x00\x00\x00\x00\x00\xFC\x00\x00\x00\x00\x00\xFC\x00\x00\x00\x00\x01\xFC\x00\x00\x00\x00\x01\xF8\x00\x00\x00\x00\x03\xF8\x00\x00\x00\x00\x03\xF0\x00\x00\x00\x00\x07\xF0\x00\x00\x00\x00\x1F\xE0\x00\x00\x00\x00\x3F\xE0\x00\x00\x00\x00\x7F\xC0\x00\x00\x00\x00\x7F\x80\x00\x00\x00\x00\x3E\x00\x00\x00\x00\x00\x3C\x00\x00\x00",
    /* 0x3C */ "\x00\x00\x00\x00\x00\x00\x00\x00\x00\x00\x00\x00\x00\x00\x00\x00\x00\x00\x00\x00\x00\x00\x00\x00\x00\x00\x00\x00\x03\x80\x00\x00\x00\x00\x0F\x80\x00\x00\x00\x00\x7F\x80\x00\x00\x00\x01\xFF\x80\x00\x00\x00\x0F\xFF\x80\x00\x00\x00\x7F\xFF\x80\x00\x00\x01\xFF\xFF\x80\x00\x00\x0F\xFF\xFE\x00\x00\x00\x3F\xFF\xF0\x00\x00\x01\xFF\xFF\xC0\x00\x00\x07\xFF\xFE\x00\x00\x00\x3F\xFF\xF0\x00\x00\x01\xFF\xFF\x80\x00\x00\x01\xFF\xFC\x00\x00\x00\x01\xFF\xF0\x00\x00\x00\x01\xFF\x80\x00\x00\x00\x01\xFF\x80\x00\x00\x00\x01\xFF\xF0\x00\x00\x00\x01\xFF\xFE\x00\x00\x00\x00\xFF\xFF\x80\x00\x00\x00\x3F\xFF\xF0\x00\x00\x00\x07\xFF\xFE\x00\x00\x00\x00\xFF\xFF\xC0\x00\x00\x00\x3F\xFF\xF8\x00\x00\x00\x07\xFF\xFF\x00\x00\x00\x01\xFF\xFF\x80\x00\x00\x00\x3F\xFF\x80\x00\x00\x00\x0F\xFF\x80\x00\x00\x00\x01\xFF\x80\x00\x00\x00\x00\x7F\x80\x00\x00\x00\x00\x0F\x80\x00\x00\x00\x00\x01\x80\x00\x00\x00\x00\x00\x00\x00\x00\x00\x00\x00\x00\x00\x00\x00\x00\x00\x00\x00\x00\x00\x00\x00\x00\x00\x00\x00\x00\x00\x00\x00\x00\x00\x00\x00\x00\x00\x00\x00\x00\x00\x00\x00\x00\x00\x00\x00\x00\x00\x00\x00\x00\x00\x00\x00\x00\x00\x00\x00\x00\x00\x00\x00\x00\x00\x00\x00\x00\x00\x00\x00\x00",
    /* 0x3D */ "\x00\x00\x00\x00\x00\x00\x00\x00\x00\x00\x00\x00\x00\x00\x00\x00\x00\x00\x00\x00\x00\x00\x00\x00\x00\x00\x00\x00\x00\x00\x00\x00\x00\x00\x00\x00\x01\xFF\xFF\xFF\xFF\x00\x01\xFF\xFF\xFF\xFF\x00\x01\xFF\xFF\xFF\xFF\x00\x01\xFF\xFF\xFF\xFF\x00\x01\xFF\xFF\xFF\xFF\x00\x01\xFF\xFF\xFF\xFF\x00\x00\x00\x00\x00\x00\x00\x00\x00\x00\x00\x00\x00\x00\x00\x00\x00\x00\x00\x00\x00\x00\x00\x00\x00\x00\x00\x00\x00\x00\x00\x00\x00\x00\x00\x00\x00\x00\x00\x00\x00\x00\x00\x00\x00\x00\x00\x00\x00\x00\x00\x00\x00\x00\x00\x00\x00\x00\x00\x00\x00\x00\x00\x00\x00\x00\x00\x01\xFF\xFF\xFF\xFF\x00\x01\xFF\xFF\xFF\xFF\x00\x01\xFF\xFF\xFF\xFF\x00\x01\xFF\xFF\xFF\xFF\x00\x01\xFF\xFF\xFF\xFF\x00\x01\xFF\xFF\xFF\xFF\x00\x00\x00\x00\x00\x00\x00\x00\x00\x00\x00\x00\x00\x00\x00\x00\x00\x00\x00\x00\x00\x00\x00\x00\x00\x00\x00\x00\x00\x00\x00\x00\x00\x00\x00\x00\x00\x00\x00\x00\x00\x00\x00\x00\x00\x00\x00\x00\x00\x00\x00\x00\x00\x00\x00\x00\x00\x00\x00\x00\x00\x00\x00\x00\x00\x00\x00\x00\x00\x00\x00\x00\x00\x00\x00\x00\x00\x00\x00\x00\x00\x00\x00\x00\x00\x00\x00\x00\x00\x00\x00\x00\x00\x00\x00\x00\x00\x00\x00\x00\x00\x00\x00\x00\x00\x00\x00\x00\x00\x00\x00\x00\x00\x00\x00",
    /* 0x3E */ "\x00\x00\x00\x00\x00\x00\x00\x00\x00\x00\x00\x00\x00\x00\x00\x00\x00\x00\x00\x00\x00\x00\x00\x00\x01\x80\x00\x00\x00\x00\x01\xF0\x00\x00\x00\x00\x01\xFC\x00\x00\x00\x00\x01\xFF\x80\x00\x00\x00\x01\xFF\xE0\x00\x00\x00\x01\xFF\xFC\x00\x00\x00\x01\xFF\xFF\x80\x00\x00\x00\xFF\xFF\xE0\x00\x00\x00\x1F\xFF\xFC\x00\x00\x00\x03\xFF\xFF\x00\x00\x00\x00\x7F\xFF\xE0\x00\x00\x00\x1F\xFF\xF8\x00\x00\x00\x03\xFF\xFF\x00\x00\x00\x00\x7F\xFF\x80\x00\x00\x00\x0F\xFF\x80\x00\x00\x00\x01\xFF\x80\x00\x00\x00\x03\xFF\x80\x00\x00\x00\x0F\xFF\x80\x00\x00\x00\x7F\xFF\x80\x00\x00\x03\xFF\xFF\x00\x00\x00\x1F\xFF\xF8\x00\x00\x00\xFF\xFF\xE0\x00\x00\x07\xFF\xFF\x00\x00\x00\x1F\xFF\xF8\x00\x00\x00\xFF\xFF\xE0\x00\x00\x01\xFF\xFF\x00\x00\x00\x01\xFF\xFC\x00\x00\x00\x01\xFF\xE0\x00\x00\x00\x01\xFF\x80\x00\x00\x00\x01\xFC\x00\x00\x00\x00\x01\xF0\x00\x00\x00\x00\x01\x80\x00\x00\x00\x00\x00\x00\x00\x00\x00\x00\x00\x00\x00\x00\x00\x00\x00\x00\x00\x00\x00\x00\x00\x00\x00\x00\x00\x00\x00\x00\x00\x00\x00\x00\x00\x00\x00\x00\x00\x00\x00\x00\x00\x00\x00\x00\x00\x00\x00\x00\x00\x00\x00\x00\x00\x00\x00\x00\x00\x00\x00\x00\x00\x00\x00\x00\x00\x00\x00\x00\x00\x00\x00\x00\x00\x00",
    /* 0x3F */ "\x00\x03\xFF\xFF\x80\x00\x00\x07\xFF\xFF\xC0\x00\x00\x0F\xFF\xFF\xE0\x00\x00\x1F\xFF\xFF\xE0\x00\x00\x3F\xFF\xFF\xF0\x00\x00\x1F\xF0\x7F\xF0\x00\x00\x0F\xC0\x3F\xF8\x00\x00\x07\x00\x1F\xF8\x00\x00\x02\x00\x0F\xF8\x00\x00\x00\x00\x0F\xF8\x00\x00\x00\x00\x0F\xF8\x00\x00\x00\x00\x0F\xF8\x00\x00\x00\x00\x0F\xF8\x00\x00\x00\x00\x0F\xF8\x00\x00\x00\x00\x1F\xF0\x00\x00\x00\x00\x3F\xF0\x00\x00\x00\x00\x3F\xE0\x00\x00\x00\x00\x7F\xC0\x00\x00\x00\x00\xFF\xC0\x00\x00\x00\x01\xFF\x80\x00\x00\x00\x01\xFF\x00\x00\x00\x00\x03\xFE\x00\x00\x00\x00\x07\xFC\x00\x00\x00\x00\x0F\xF8\x00\x00\x00\x00\x0F\xF8\x00\x00\x00\x00\x1F\xF0\x00\x00\x00\x00\x1F\xE0\x00\x00\x00\x00\x1F\xE0\x00\x00\x00\x00\x1F\xE0\x00\x00\x00\x00\x3F\xC0\x00\x00\x00\x00\x3F\xC0\x00\x00\x00\x00\x3F\xC0\x00\x00\x00\x00\x1F\xC0\x00\x00\x00\x00\x00\x00\x00\x00\x00\x00\x00\x00\x00\x00\x00\x00\x00\x00\x00\x00\x00\x00\x00\x00\x00\x00\x00\x00\x00\x00\x00\x00\x00\x00\x0F\x80\x00\x00\x00\x00\x1F\xC0\x00\x00\x00\x00\x3F\xE0\x00\x00\x00\x00\x7F\xF0\x00\x00\x00\x00\x7F\xF0\x00\x00\x00\x00\x7F\xF0\x00\x00\x00\x00\x7F\xF0\x00\x00\x00\x00\x7F\xF0\x00\x00\x00\x00\x7F\xF0\x00\x00\x00\x00\x3F\xE0\x00\x00",
    /* 0x40 */ "\x01\xFF\xE0\x00\x1F\xFC\x03\xFF\x00\x00\x07\xFE\x07\xFC\x00\x00\x01\xFF\x0F\xF8\x00\x00\x00\xFF\x1F\xF0\x00\x00\x00\x7F\x3F\xC0\x00\x00\x00\x3F\x7F\x80\x00\x00\x00\x1F\xFF\x00\x00\x00\x00\x0F\xFE\x00\x00\x00\x00\x0F\xFE\x00\x00\x00\x00\x07\xFC\x00\x07\xE0\x00\x07\xF8\x00\x1F\xF9\xF8\x03\xF8\x00\x7F\xFD\xF8\x03\xF0\x00\xFF\xFF\xF8\x03\xF0\x01\xFF\xFF\xF0\x03\xE0\x03\xFF\xFF\xF0\x01\xE0\x03\xFE\x1F\xF0\x01\xE0\x07\xF8\x0F\xF0\x01\xC0\x0F\xF0\x07\xF0\x01\xC0\x0F\xF0\x07\xE0\x01\xC0\x1F\xE0\x07\xE0\x01\xC0\x1F\xC0\x07\xE0\x01\x80\x1F\xC0\x0F\xE0\x01\x80\x3F\xC0\x0F\xE0\x01\x80\x3F\x80\x0F\xC0\x03\x80\x3F\x80\x0F\xC0\x03\x80\x3F\x80\x0F\xC0\x03\x80\x3F\x80\x0F\xC0\x07\x80\x3F\x80\x1F\xC0\x07\x80\x3F\x80\x1F\xC0\x0F\x80\x3F\xC0\x3F\xC0\x0F\x80\x3F\xC0\x7F\xC0\x1F\x80\x1F\xF1\xFF\xC0\x3F\xC0\x1F\xFF\xFF\xF0\xFF\xC0\x1F\xFF\xF7\xFF\xFF\xC0\x0F\xFF\xE7\xFF\xFE\xC0\x07\xFF\xC3\xFF\xFC\xE0\x03\xFF\x83\xFF\xF8\xE0\x00\xFC\x00\xFF\xE0\xF0\x00\x00\x00\x3F\x80\xF0\x00\x00\x00\x00\x00\xF8\x00\x00\x00\x00\x00\xFC\x00\x00\x00\x00\x00\xFE\x00\x00\x00\x00\x00\xFF\x00\x00\x00\x00\x00\x7F\x80\x00\x00\x00\x00\x3F\xC0\x00\x00\x00\x00\x3F\xF0\x00\x00\x60\x00",
    /* 0x41 */ "\x00\x00\x3F\xF8\x00\x00\x00\x00\x3F\xFC\x00\x00\x00\x00\x7F\xFC\x00\x00\x00\x00\x7F\xFC\x00\x00\x00\x00\x7F\xFE\x00\x00\x00\x00\xFF\xFE\x00\x00\x00\x00\xFE\xFE\x00\x00\x00\x00\xFE\xFE\x00\x00\x00\x01\xFE\xFF\x00\x00\x00\x01\xFC\xFF\x00\x00\x00\x01\xFC\x7F\x00\x00\x00\x03\xFC\x7F\x80\x00\x00\x03\xFC\x7F\x80\x00\x00\x03\xF8\x7F\x80\x00\x00\x07\xF8\x3F\xC0\x00\x00\x07\xF8\x3F\xC0\x00\x00\x07\xF8\x3F\xC0\x00\x00\x07\xF0\x1F\xE0\x00\x00\x0F\xF0\x1F\xE0\x00\x00\x0F\xF0\x1F\xE0\x00\x00\x0F\xE0\x1F\xF0\x00\x00\x1F\xE0\x0F\xF0\x00\x00\x1F\xE0\x0F\xF0\x00\x00\x1F\xE0\x0F\xF8\x00\x00\x3F\xC0\x07\xF8\x00\x00\x3F\xC0\x07\xF8\x00\x00\x3F\xC0\x07\xFC\x00\x00\x7F\xC0\x07\xFC\x00\x00\x7F\xFF\xFF\xFC\x00\x00\x7F\xFF\xFF\xFC\x00\x00\xFF\xFF\xFF\xFE\x00\x00\xFF\xFF\xFF\xFE\x00\x00\xFF\xFF\xFF\xFE\x00\x01\xFF\xFF\xFF\xFF\x00\x01\xFF\xFF\xFF\xFF\x00\x01\xFE\x00\x00\xFF\x00\x03\xFE\x00\x00\xFF\x80\x03\xFE\x00\x00\xFF\x80\x03\xFC\x00\x00\xFF\x80\x07\xFC\x00\x00\x7F\xC0\x07\xFC\x00\x00\x7F\xC0\x07\xFC\x00\x00\x7F\xC0\x0F\xF8\x00\x00\x3F\xE0\x0F\xF8\x00\x00\x3F\xE0\x0F\xF8\x00\x00\x3F\xE0\x0F\xF0\x00\x00\x3F\xF0\x1F\xF0\x00\x00\x1F\xF0\x1F\xF0\x00\x00\x1F\xF0",
    /* 0x42 */ "\x01\xFF\xFF\xFC\x00\x00\x01\xFF\xFF\xFF\x80\x00\x01\xFF\xFF\xFF\xE0\x00\x01\xFF\xFF\xFF\xF8\x00\x01\xFF\xFF\xFF\xFC\x00\x01\xFF\xFF\xFF\xFC\x00\x01\xFF\xFF\xFF\xFE\x00\x01\xFF\x00\x3F\xFE\x00\x01\xFF\x00\x07\xFF\x00\x01\xFF\x00\x03\xFF\x00\x01\xFF\x00\x01\xFF\x00\x01\xFF\x00\x01\xFF\x00\x01\xFF\x00\x01\xFF\x00\x01\xFF\x00\x01\xFF\x00\x01\xFF\x00\x01\xFF\x00\x01\xFF\x00\x01\xFE\x00\x01\xFF\x00\x03\xFE\x00\x01\xFF\x00\x07\xFE\x00\x01\xFF\x00\x0F\xFC\x00\x01\xFF\x00\x7F\xF8\x00\x01\xFF\xFF\xFF\xF0\x00\x01\xFF\xFF\xFF\xE0\x00\x01\xFF\xFF\xFF\xC0\x00\x01\xFF\xFF\xFF\xF0\x00\x01\xFF\xFF\xFF\xFC\x00\x01\xFF\xFF\xFF\xFE\x00\x01\xFF\xFF\xFF\xFF\x00\x01\xFF\x00\x0F\xFF\x80\x01\xFF\x00\x01\xFF\x80\x01\xFF\x00\x00\xFF\xC0\x01\xFF\x00\x00\x7F\xC0\x01\xFF\x00\x00\x7F\xE0\x01\xFF\x00\x00\x3F\xE0\x01\xFF\x00\x00\x3F\xE0\x01\xFF\x00\x00\x3F\xE0\x01\xFF\x00\x00\x3F\xE0\x01\xFF\x00\x00\x3F\xE0\x01\xFF\x00\x00\x7F\xE0\x01\xFF\x00\x00\x7F\xC0\x01\xFF\x00\x00\xFF\xC0\x01\xFF\x00\x03\xFF\xC0\x01\xFF\x00\x3F\xFF\x80\x01\xFF\xFF\xFF\xFF\x80\x01\xFF\xFF\xFF\xFF\x00\x01\xFF\xFF\xFF\xFE\x00\x01\xFF\xFF\xFF\xF8\x00\x01\xFF\xFF\xFF\xF0\x00\x01\xFF\xFF\xFF\xC0\x00",
    /* 0x43 */ "\x00\x00\x3F\xFF\xFC\x00\x00\x00\xFF\xFF\xFE\x00\x00\x01\xFF\xFF\xFF\x80\x00\x03\xFF\xFF\xFF\xC0\x00\x07\xFF\xFF\xFF\xC0\x00\x0F\xFF\xC1\xFF\x80\x00\x1F\xFE\x00\x7F\x00\x00\x3F\xF8\x00\x1E\x00\x00\x3F\xF0\x00\x0E\x00\x00\x7F\xE0\x00\x00\x00\x00\x7F\xC0\x00\x00\x00\x00\xFF\xC0\x00\x00\x00\x00\xFF\x80\x00\x00\x00\x01\xFF\x80\x00\x00\x00\x01\xFF\x00\x00\x00\x00\x01\xFF\x00\x00\x00\x00\x01\xFF\x00\x00\x00\x00\x03\xFE\x00\x00\x00\x00\x03\xFE\x00\x00\x00\x00\x03\xFE\x00\x00\x00\x00\x03\xFE\x00\x00\x00\x00\x03\xFE\x00\x00\x00\x00\x03\xFE\x00\x00\x00\x00\x03\xFE\x00\x00\x00\x00\x03\xFE\x00\x00\x00\x00\x03\xFE\x00\x00\x00\x00\x03\xFE\x00\x00\x00\x00\x03\xFE\x00\x00\x00\x00\x03\xFE\x00\x00\x00\x00\x03\xFE\x00\x00\x00\x00\x01\xFF\x00\x00\x00\x00\x01\xFF\x00\x00\x00\x00\x01\xFF\x00\x00\x00\x00\x01\xFF\x80\x00\x00\x00\x00\xFF\x80\x00\x00\x00\x00\xFF\xC0\x00\x00\x00\x00\xFF\xC0\x00\x00\x00\x00\x7F\xE0\x00\x02\x00\x00\x7F\xF0\x00\x07\x00\x00\x3F\xF8\x00\x1F\x80\x00\x1F\xFE\x00\x3F\xC0\x00\x0F\xFF\xC3\xFF\xE0\x00\x0F\xFF\xFF\xFF\xE0\x00\x07\xFF\xFF\xFF\xC0\x00\x01\xFF\xFF\xFF\x80\x00\x00\xFF\xFF\xFF\x00\x00\x00\x7F\xFF\xFC\x00\x00\x00\x0F\xFF\xF0\x00",
    /* 0x44 */ "\x03\xFF\xFF\xC0\x00\x00\x03\xFF\xFF\xFC\x00\x00\x03\xFF\xFF\xFF\x00\x00\x03\xFF\xFF\xFF\xC0\x00\x03\xFF\xFF\xFF\xE0\x00\x03\xFF\xFF\xFF\xF0\x00\x03\xFF\xFF\xFF\xF8\x00\x03\xFE\x01\xFF\xFC\x00\x03\xFE\x00\x3F\xFE\x00\x03\xFE\x00\x0F\xFE\x00\x03\xFE\x00\x07\xFF\x00\x03\xFE\x00\x03\xFF\x00\x03\xFE\x00\x01\xFF\x80\x03\xFE\x00\x00\xFF\x80\x03\xFE\x00\x00\xFF\xC0\x03\xFE\x00\x00\x7F\xC0\x03\xFE\x00\x00\x7F\xC0\x03\xFE\x00\x00\x7F\xC0\x03\xFE\x00\x00\x7F\xC0\x03\xFE\x00\x00\x3F\xE0\x03\xFE\x00\x00\x3F\xE0\x03\xFE\x00\x00\x3F\xE0\x03\xFE\x00\x00\x3F\xE0\x03\xFE\x00\x00\x3F\xE0\x03\xFE\x00\x00\x3F\xE0\x03\xFE\x00\x00\x3F\xE0\x03\xFE\x00\x00\x3F\xE0\x03\xFE\x00\x00\x3F\xE0\x03\xFE\x00\x00\x3F\xE0\x03\xFE\x00\x00\x7F\xE0\x03\xFE\x00\x00\x7F\xC0\x03\xFE\x00\x00\x7F\xC0\x03\xFE\x00\x00\x7F\xC0\x03\xFE\x00\x00\xFF\xC0\x03\xFE\x00\x00\xFF\x80\x03\xFE\x00\x01\xFF\x80\x03\xFE\x00\x01\xFF\x80\x03\xFE\x00\x03\xFF\x00\x03\xFE\x00\x07\xFF\x00\x03\xFE\x00\x1F\xFE\x00\x03\xFE\x00\x7F\xFC\x00\x03\xFE\x07\xFF\xFC\x00\x03\xFF\xFF\xFF\xF8\x00\x03\xFF\xFF\xFF\xF0\x00\x03\xFF\xFF\xFF\xE0\x00\x03\xFF\xFF\xFF\x80\x00\x03\xFF\xFF\xFE\x00\x00\x03\xFF\xFF\xF8\x00\x00",
    /* 0x45 */ "\x00\x3F\xFF\xFF\xFF\x00\x00\x3F\xFF\xFF\xFF\x00\x00\x3F\xFF\xFF\xFF\x00\x00\x3F\xFF\xFF\xFF\x00\x00\x3F\xFF\xFF\xFF\x00\x00\x3F\xFF\xFF\xFF\x00\x00\x3F\xFF\xFF\xFF\x00\x00\x3F\xE0\x00\x00\x00\x00\x3F\xE0\x00\x00\x00\x00\x3F\xE0\x00\x00\x00\x00\x3F\xE0\x00\x00\x00\x00\x3F\xE0\x00\x00\x00\x00\x3F\xE0\x00\x00\x00\x00\x3F\xE0\x00\x00\x00\x00\x3F\xE0\x00\x00\x00\x00\x3F\xE0\x00\x00\x00\x00\x3F\xE0\x00\x00\x00\x00\x3F\xE0\x00\x00\x00\x00\x3F\xE0\x00\x00\x00\x00\x3F\xE0\x00\x00\x00\x00\x3F\xFF\xFF\xF0\x00\x00\x3F\xFF\xFF\xF0\x00\x00\x3F\xFF\xFF\xF0\x00\x00\x3F\xFF\xFF\xF0\x00\x00\x3F\xFF\xFF\xF0\x00\x00\x3F\xFF\xFF\xF0\x00\x00\x3F\xFF\xFF\xF0\x00\x00\x3F\xE0\x00\x00\x00\x00\x3F\xE0\x00\x00\x00\x00\x3F\xE0\x00\x00\x00\x00\x3F\xE0\x00\x00\x00\x00\x3F\xE0\x00\x00\x00\x00\x3F\xE0\x00\x00\x00\x00\x3F\xE0\x00\x00\x00\x00\x3F\xE0\x00\x00\x00\x00\x3F\xE0\x00\x00\x00\x00\x3F\xE0\x00\x00\x00\x00\x3F\xE0\x00\x00\x00\x00\x3F\xE0\x00\x00\x00\x00\x3F\xE0\x00\x00\x00\x00\x3F\xE0\x00\x00\x00\x00\x3F\xE0\x00\x00\x00\x00\x3F\xFF\xFF\xFF\x00\x00\x3F\xFF\xFF\xFF\x00\x00\x3F\xFF\xFF\xFF\x00\x00\x3F\xFF\xFF\xFF\x00\x00\x3F\xFF\xFF\xFF\x00\x00\x3F\xFF\xFF\xFF\x00",
    /* 0x46 */ "\x00\x1F\xFF\xFF\xFF\x80\x00\x1F\xFF\xFF\xFF\x80\x00\x1F\xFF\xFF\xFF\x80\x00\x1F\xFF\xFF\xFF\x80\x00\x1F\xFF\xFF\xFF\x80\x00\x1F\xFF\xFF\xFF\x80\x00\x1F\xF0\x00\x00\x00\x00\x1F\xF0\x00\x00\x00\x00\x1F\xF0\x00\x00\x00\x00\x1F\xF0\x00\x00\x00\x00\x1F\xF0\x00\x00\x00\x00\x1F\xF0\x00\x00\x00\x00\x1F\xF0\x00\x00\x00\x00\x1F\xF0\x00\x00\x00\x00\x1F\xF0\x00\x00\x00\x00\x1F\xF0\x00\x00\x00\x00\x1F\xF0\x00\x00\x00\x00\x1F\xF0\x00\x00\x00\x00\x1F\xF0\x00\x00\x00\x00\x1F\xF0\x00\x00\x00\x00\x1F\xF0\x00\x00\x00\x00\x1F\xFF\xFF\xFC\x00\x00\x1F\xFF\xFF\xFC\x00\x00\x1F\xFF\xFF\xFC\x00\x00\x1F\xFF\xFF\xFC\x00\x00\x1F\xFF\xFF\xFC\x00\x00\x1F\xFF\xFF\xFC\x00\x00\x1F\xFF\xFF\xFC\x00\x00\x1F\xF0\x00\x00\x00\x00\x1F\xF0\x00\x00\x00\x00\x1F\xF0\x00\x00\x00\x00\x1F\xF0\x00\x00\x00\x00\x1F\xF0\x00\x00\x00\x00\x1F\xF0\x00\x00\x00\x00\x1F\xF0\x00\x00\x00\x00\x1F\xF0\x00\x00\x00\x00\x1F\xF0\x00\x00\x00\x00\x1F\xF0\x00\x00\x00\x00\x1F\xF0\x00\x00\x00\x00\x1F\xF0\x00\x00\x00\x00\x1F\xF0\x00\x00\x00\x00\x1F\xF0\x00\x00\x00\x00\x1F\xF0\x00\x00\x00\x00\x1F\xF0\x00\x00\x00\x00\x1F\xF0\x00\x00\x00\x00\x1F\xF0\x00\x00\x00\x00\x1F\xF0\x00\x00\x00\x00\x1F\xF0\x00\x00\x00",
    /* 0x47 */ "\x00\x00\xFF\xFF\xFC\x00\x00\x01\xFF\xFF\xFE\x00\x00\x07\xFF\xFF\xFF\x80\x00\x0F\xFF\xFF\xFF\xC0\x00\x1F\xFF\xFF\xFF\xC0\x00\x3F\xFF\x83\xFF\x80\x00\x7F\xFC\x00\x7F\x00\x00\x7F\xF0\x00\x1E\x00\x00\xFF\xE0\x00\x0C\x00\x01\xFF\xC0\x00\x00\x00\x01\xFF\x80\x00\x00\x00\x03\xFF\x00\x00\x00\x00\x03\xFE\x00\x00\x00\x00\x03\xFE\x00\x00\x00\x00\x07\xFC\x00\x00\x00\x00\x07\xFC\x00\x00\x00\x00\x07\xFC\x00\x00\x00\x00\x0F\xFC\x00\x00\x00\x00\x0F\xF8\x00\x00\x00\x00\x0F\xF8\x00\x00\x00\x00\x0F\xF8\x00\x00\x00\x00\x0F\xF8\x00\x3F\xFF\xE0\x0F\xF8\x00\x3F\xFF\xE0\x0F\xF8\x00\x3F\xFF\xE0\x0F\xF8\x00\x3F\xFF\xE0\x0F\xF8\x00\x3F\xFF\xE0\x0F\xF8\x00\x3F\xFF\xE0\x0F\xF8\x00\x3F\xFF\xE0\x0F\xF8\x00\x00\x1F\xE0\x0F\xFC\x00\x00\x1F\xE0\x07\xFC\x00\x00\x1F\xE0\x07\xFC\x00\x00\x1F\xE0\x07\xFC\x00\x00\x1F\xE0\x07\xFE\x00\x00\x1F\xE0\x03\xFE\x00\x00\x1F\xE0\x03\xFF\x00\x00\x1F\xE0\x01\xFF\x00\x00\x1F\xE0\x01\xFF\x80\x00\x1F\xE0\x00\xFF\xC0\x00\x1F\xE0\x00\xFF\xF0\x00\x1F\xE0\x00\x7F\xFC\x00\x7F\xE0\x00\x3F\xFF\x83\xFF\xE0\x00\x1F\xFF\xFF\xFF\xE0\x00\x0F\xFF\xFF\xFF\xE0\x00\x07\xFF\xFF\xFF\xC0\x00\x03\xFF\xFF\xFF\x00\x00\x00\xFF\xFF\xFE\x00\x00\x00\x3F\xFF\xF0\x00",
    /* 0x48 */ "\x07\xFC\x00\x00\x7F\xC0\x07\xFC\x00\x00\x7F\xC0\x07\xFC\x00\x00\x7F\xC0\x07\xFC\x00\x00\x7F\xC0\x07\xFC\x00\x00\x7F\xC0\x07\xFC\x00\x00\x7F\xC0\x07\xFC\x00\x00\x7F\xC0\x07\xFC\x00\x00\x7F\xC0\x07\xFC\x00\x00\x7F\xC0\x07\xFC\x00\x00\x7F\xC0\x07\xFC\x00\x00\x7F\xC0\x07\xFC\x00\x00\x7F\xC0\x07\xFC\x00\x00\x7F\xC0\x07\xFC\x00\x00\x7F\xC0\x07\xFC\x00\x00\x7F\xC0\x07\xFC\x00\x00\x7F\xC0\x07\xFC\x00\x00\x7F\xC0\x07\xFC\x00\x00\x7F\xC0\x07\xFC\x00\x00\x7F\xC0\x07\xFF\xFF\xFF\xFF\xC0\x07\xFF\xFF\xFF\xFF\xC0\x07\xFF\xFF\xFF\xFF\xC0\x07\xFF\xFF\xFF\xFF\xC0\x07\xFF\xFF\xFF\xFF\xC0\x07\xFF\xFF\xFF\xFF\xC0\x07\xFF\xFF\xFF\xFF\xC0\x07\xFC\x00\x00\x7F\xC0\x07\xFC\x00\x00\x7F\xC0\x07\xFC\x00\x00\x7F\xC0\x07\xFC\x00\x00\x7F\xC0\x07\xFC\x00\x00\x7F\xC0\x07\xFC\x00\x00\x7F\xC0\x07\xFC\x00\x00\x7F\xC0\x07\xFC\x00\x00\x7F\xC0\x07\xFC\x00\x00\x7F\xC0\x07\xFC\x00\x00\x7F\xC0\x07\xFC\x00\x00\x7F\xC0\x07\xFC\x00\x00\x7F\xC0\x07\xFC\x00\x00\x7F\xC0\x07\xFC\x00\x00\x7F\xC0\x07\xFC\x00\x00\x7F\xC0\x07\xFC\x00\x00\x7F\xC0\x07\xFC\x00\x00\x7F\xC0\x07\xFC\x00\x00\x7F\xC0\x07\xFC\x00\x00\x7F\xC0\x07\xFC\x00\x00\x7F\xC0\x07\xFC\x00\x00\x7F\xC0\x07\xFC\x00\x00\x7F\xC0",
    /* 0x49 */ "\x00\x00\x1F\xF0\x00\x00\x00\x00\x1F\xF0\x00\x00\x00\x00\x1F\xF0\x00\x00\x00\x00\x1F\xF0\x00\x00\x00\x00\x1F\xF0\x00\x00\x00\x00\x1F\xF0\x00\x00\x00\x00\x1F\xF0\x00\x00\x00\x00\x1F\xF0\x00\x00\x00\x00\x1F\xF0\x00\x00\x00\x00\x1F\xF0\x00\x00\x00\x00\x1F\xF0\x00\x00\x00\x00\x1F\xF0\x00\x00\x00\x00\x1F\xF0\x00\x00\x00\x00\x1F\xF0\x00\x00\x00\x00\x1F\xF0\x00\x00\x00\x00\x1F\xF0\x00\x00\x00\x00\x1F\xF0\x00\x00\x00\x00\x1F\xF0\x00\x00\x00\x00\x1F\xF0\x00\x00\x00\x00\x1F\xF0\x00\x00\x00\x00\x1F\xF0\x00\x00\x00\x00\x1F\xF0\x00\x00\x00\x00\x1F\xF0\x00\x00\x00\x00\x1F\xF0\x00\x00\x00\x00\x1F\xF0\x00\x00\x00\x00\x1F\xF0\x00\x00\x00\x00\x1F\xF0\x00\x00\x00\x00\x1F\xF0\x00\x00\x00\x00\x1F\xF0\x00\x00\x00\x00\x1F\xF0\x00\x00\x00\x00\x1F\xF0\x00\x00\x00\x00\x1F\xF0\x00\x00\x00\x00\x1F\xF0\x00\x00\x00\x00\x1F\xF0\x00\x00\x00\x00\x1F\xF0\x00\x00\x00\x00\x1F\xF0\x00\x00\x00\x00\x1F\xF0\x00\x00\x00\x00\x1F\xF0\x00\x00\x00\x00\x1F\xF0\x00\x00\x00\x00\x1F\xF0\x00\x00\x00\x00\x1F\xF0\x00\x00\x00\x00\x1F\xF0\x00\x00\x00\x00\x1F\xF0\x00\x00\x00\x00\x1F\xF0\x00\x00\x00\x00\x1F\xF0\x00\x00\x00\x00\x1F\xF0\x00\x00\x00\x00\x1F\xF0\x00\x00\x00\x00\x1F\xF0\x00\x00",
    /* 0x4A */ "\x00\x00\x00\x1F\xF0\x00\x00\x00\x00\x1F\xF0\x00\x00\x00\x00\x1F\xF0\x00\x00\x00\x00\x1F\xF0\x00\x00\x00\x00\x1F\xF0\x00\x00\x00\x00\x1F\xF0\x00\x00\x00\x00\x1F\xF0\x00\x00\x00\x00\x1F\xF0\x00\x00\x00\x00\x1F\xF0\x00\x00\x00\x00\x1F\xF0\x00\x00\x00\x00\x1F\xF0\x00\x00\x00\x00\x1F\xF0\x00\x00\x00\x00\x1F\xF0\x00\x00\x00\x00\x1F\xF0\x00\x00\x00\x00\x1F\xF0\x00\x00\x00\x00\x1F\xF0\x00\x00\x00\x00\x1F\xF0\x00\x00\x00\x00\x1F\xF0\x00\x00\x00\x00\x1F\xF0\x00\x00\x00\x00\x1F\xF0\x00\x00\x00\x00\x1F\xF0\x00\x00\x00\x00\x1F\xF0\x00\x00\x00\x00\x1F\xF0\x00\x00\x00\x00\x1F\xF0\x00\x00\x00\x00\x1F\xF0\x00\x00\x00\x00\x1F\xF0\x00\x00\x00\x00\x1F\xF0\x00\x00\x00\x00\x1F\xF0\x00\x00\x00\x00\x1F\xF0\x00\x00\x00\x00\x1F\xF0\x00\x00\x00\x00\x1F\xF0\x00\x00\x00\x00\x1F\xF0\x00\x00\x00\x00\x1F\xF0\x00\x00\x00\x00\x1F\xF0\x00\x00\x00\x00\x1F\xF0\x00\x00\x00\x00\x1F\xF0\x00\x00\x00\x00\x1F\xF0\x00\x00\x18\x00\x3F\xE0\x00\x00\x3C\x00\x3F\xE0\x00\x00\xFE\x00\x7F\xE0\x00\x01\xFF\x00\xFF\xC0\x00\x01\xFF\xC3\xFF\xC0\x00\x01\xFF\xFF\xFF\xC0\x00\x00\xFF\xFF\xFF\x80\x00\x00\x7F\xFF\xFF\x00\x00\x00\x3F\xFF\xFE\x00\x00\x00\x0F\xFF\xFC\x00\x00\x00\x07\xFF\xF0\x00\x00",
    /* 0x4B */ "\x01\xFF\x00\x00\xFF\xC0\x01\xFF\x00\x01\xFF\x80\x01\xFF\x00\x01\xFF\x00\x01\xFF\x00\x03\xFF\x00\x01\xFF\x00\x07\xFE\x00\x01\xFF\x00\x0F\xFC\x00\x01\xFF\x00\x1F\xF8\x00\x01\xFF\x00\x1F\xF0\x00\x01\xFF\x00\x3F\xF0\x00\x01\xFF\x00\x7F\xE0\x00\x01\xFF\x00\xFF\xC0\x00\x01\xFF\x00\xFF\x80\x00\x01\xFF\x01\xFF\x00\x00\x01\xFF\x03\xFF\x00\x00\x01\xFF\x07\xFE\x00\x00\x01\xFF\x0F\xFC\x00\x00\x01\xFF\x0F\xF8\x00\x00\x01\xFF\x1F\xF8\x00\x00\x01\xFF\x3F\xF0\x00\x00\x01\xFF\x7F\xF8\x00\x00\x01\xFF\x7F\xF8\x00\x00\x01\xFF\xFF\xFC\x00\x00\x01\xFF\xFF\xFE\x00\x00\x01\xFF\xFF\xFE\x00\x00\x01\xFF\xFF\xFF\x00\x00\x01\xFF\xFD\xFF\x00\x00\x01\xFF\xFC\xFF\x80\x00\x01\xFF\xF8\xFF\xC0\x00\x01\xFF\xF0\x7F\xC0\x00\x01\xFF\xE0\x7F\xE0\x00\x01\xFF\xC0\x3F\xE0\x00\x01\xFF\xC0\x3F\xF0\x00\x01\xFF\x80\x1F\xF8\x00\x01\xFF\x00\x0F\xF8\x00\x01\xFF\x00\x0F\xFC\x00\x01\xFF\x00\x07\xFC\x00\x01\xFF\x00\x07\xFE\x00\x01\xFF\x00\x03\xFE\x00\x01\xFF\x00\x03\xFF\x00\x01\xFF\x00\x01\xFF\x80\x01\xFF\x00\x00\xFF\x80\x01\xFF\x00\x00\xFF\xC0\x01\xFF\x00\x00\x7F\xC0\x01\xFF\x00\x00\x7F\xE0\x01\xFF\x00\x00\x3F\xF0\x01\xFF\x00\x00\x3F\xF0\x01\xFF\x00\x00\x1F\xF8\x01\xFF\x00\x00\x0F\xF8",
    /* 0x4C */ "\x00\x1F\xF0\x00\x00\x00\x00\x1F\xF0\x00\x00\x00\x00\x1F\xF0\x00\x00\x00\x00\x1F\xF0\x00\x00\x00\x00\x1F\xF0\x00\x00\x00\x00\x1F\xF0\x00\x00\x00\x00\x1F\xF0\x00\x00\x00\x00\x1F\xF0\x00\x00\x00\x00\x1F\xF0\x00\x00\x00\x00\x1F\xF0\x00\x00\x00\x00\x1F\xF0\x00\x00\x00\x00\x1F\xF0\x00\x00\x00\x00\x1F\xF0\x00\x00\x00\x00\x1F\xF0\x00\x00\x00\x00\x1F\xF0\x00\x00\x00\x00\x1F\xF0\x00\x00\x00\x00\x1F\xF0\x00\x00\x00\x00\x1F\xF0\x00\x00\x00\x00\x1F\xF0\x00\x00\x00\x00\x1F\xF0\x00\x00\x00\x00\x1F\xF0\x00\x00\x00\x00\x1F\xF0\x00\x00\x00\x00\x1F\xF0\x00\x00\x00\x00\x1F\xF0\x00\x00\x00\x00\x1F\xF0\x00\x00\x00\x00\x1F\xF0\x00\x00\x00\x00\x1F\xF0\x00\x00\x00\x00\x1F\xF0\x00\x00\x00\x00\x1F\xF0\x00\x00\x00\x00\x1F\xF0\x00\x00\x00\x00\x1F\xF0\x00\x00\x00\x00\x1F\xF0\x00\x00\x00\x00\x1F\xF0\x00\x00\x00\x00\x1F\xF0\x00\x00\x00\x00\x1F\xF0\x00\x00\x00\x00\x1F\xF0\x00\x00\x00\x00\x1F\xF0\x00\x00\x00\x00\x1F\xF0\x00\x00\x00\x00\x1F\xF0\x00\x00\x00\x00\x1F\xF0\x00\x00\x00\x00\x1F\xF0\x00\x00\x00\x00\x1F\xF0\x00\x00\x00\x00\x1F\xFF\xFF\xFF\x00\x00\x1F\xFF\xFF\xFF\x00\x00\x1F\xFF\xFF\xFF\x00\x00\x1F\xFF\xFF\xFF\x00\x00\x1F\xFF\xFF\xFF\x00\x00\x1F\xFF\xFF\xFF\x00",
    /* 0x4D */ "\x3F\xF8\x00\x00\x1F\xF8\x3F\xF8\x00\x00\x3F\xF8\x3F\xF8\x00\x00\x3F\xF8\x3F\xFC\x00\x00\x3F\xF8\x3F\xFC\x00\x00\x7F\xF8\x3F\xFC\x00\x00\x7F\xF8\x3F\xFE\x00\x00\xFF\xF8\x3F\xFE\x00\x00\xFF\xF8\x3F\xFE\x00\x00\xFF\xF8\x3F\xFF\x00\x01\xFF\xF8\x3F\xFF\x00\x01\xFF\xF8\x3F\xFF\x00\x01\xFB\xF8\x3F\xBF\x80\x03\xFB\xF8\x3F\xBF\x80\x03\xFB\xF8\x3F\xBF\xC0\x03\xF3\xF8\x3F\x9F\xC0\x07\xF3\xF8\x3F\x9F\xC0\x07\xF7\xF8\x3F\xDF\xE0\x07\xE7\xF8\x3F\xCF\xE0\x0F\xE7\xF8\x3F\xCF\xE0\x0F\xE7\xF8\x3F\xCF\xF0\x0F\xC7\xF8\x3F\xC7\xF0\x1F\xC7\xF8\x3F\xC7\xF0\x1F\xC7\xF8\x3F\xC3\xF8\x1F\x87\xF8\x3F\xC3\xF8\x3F\x87\xF8\x3F\xC3\xF8\x3F\x87\xF8\x3F\xC1\xFC\x3F\x07\xF8\x3F\xC1\xFC\x7F\x07\xF8\x3F\xC1\xFC\x7E\x07\xF8\x3F\xC0\xFE\x7E\x07\xF8\x3F\xC0\xFE\xFE\x07\xF8\x3F\xC0\xFE\xFC\x07\xF8\x3F\xC0\x7F\xFC\x07\xF8\x3F\xC0\x7F\xFC\x07\xF8\x3F\xC0\x3F\xF8\x07\xF8\x3F\xC0\x3F\xF8\x07\xF8\x3F\xC0\x3F\xF8\x07\xF8\x3F\xC0\x1F\xF0\x07\xF8\x3F\xC0\x1F\xF0\x07\xF8\x3F\xC0\x1F\xF0\x07\xF8\x3F\xC0\x0F\xE0\x07\xF8\x3F\xC0\x0F\xE0\x07\xF8\x3F\xC0\x0F\xC0\x07\xF8\x3F\xC0\x00\x00\x07\xF8\x3F\xC0\x00\x00\x07\xF8\x3F\xC0\x00\x00\x07\xF8\x3F\xC0\x00\x00\x07\xF8\x3F\xC0\x00\x00\x07\xF8",
    /* 0x4E */ "\x07\xFE\x00\x00\x7F\xC0\x07\xFF\x00\x00\x7F\xC0\x07\xFF\x00\x00\x7F\xC0\x07\xFF\x80\x00\x7F\xC0\x07\xFF\x80\x00\x7F\xC0\x07\xFF\xC0\x00\x7F\xC0\x07\xFF\xE0\x00\x7F\xC0\x07\xFF\xE0\x00\x7F\xC0\x07\xFF\xF0\x00\x7F\xC0\x07\xFF\xF0\x00\x7F\xC0\x07\xFF\xF8\x00\x7F\xC0\x07\xFF\xF8\x00\x7F\xC0\x07\xFB\xFC\x00\x7F\xC0\x07\xFB\xFC\x00\x7F\xC0\x07\xF9\xFE\x00\x7F\xC0\x07\xF9\xFE\x00\x7F\xC0\x07\xF8\xFF\x00\x7F\xC0\x07\xF8\xFF\x00\x7F\xC0\x07\xF8\x7F\x80\x7F\xC0\x07\xFC\x7F\x80\x7F\xC0\x07\xFC\x3F\xC0\x7F\xC0\x07\xFC\x3F\xE0\x7F\xC0\x07\xFC\x1F\xE0\x7F\xC0\x07\xFC\x1F\xF0\x7F\xC0\x07\xFC\x0F\xF0\x7F\xC0\x07\xFC\x0F\xF8\x7F\xC0\x07\xFC\x07\xF8\x7F\xC0\x07\xFC\x07\xFC\x7F\xC0\x07\xFC\x03\xFC\x7F\xC0\x07\xFC\x01\xFE\x7F\xC0\x07\xFC\x01\xFE\x3F\xC0\x07\xFC\x00\xFF\x3F\xC0\x07\xFC\x00\xFF\x3F\xC0\x07\xFC\x00\x7F\x3F\xC0\x07\xFC\x00\x7F\xBF\xC0\x07\xFC\x00\x3F\xBF\xC0\x07\xFC\x00\x3F\xFF\xC0\x07\xFC\x00\x1F\xFF\xC0\x07\xFC\x00\x1F\xFF\xC0\x07\xFC\x00\x0F\xFF\xC0\x07\xFC\x00\x0F\xFF\xC0\x07\xFC\x00\x07\xFF\xC0\x07\xFC\x00\x07\xFF\xC0\x07\xFC\x00\x03\xFF\xC0\x07\xFC\x00\x03\xFF\xC0\x07\xFC\x00\x01\xFF\xC0\x07\xFC\x00\x00\xFF\xC0\x07\xFC\x00\x00\xFF\xC0",
    /* 0x4F */ "\x00\x07\xFF\xFF\xC0\x00\x00\x0F\xFF\xFF\xE0\x00\x00\x3F\xFF\xFF\xF8\x00\x00\x7F\xFF\xFF\xFC\x00\x00\xFF\xFF\xFF\xFE\x00\x01\xFF\xF8\x3F\xFF\x00\x01\xFF\xC0\x07\xFF\x00\x03\xFF\x80\x03\xFF\x80\x07\xFF\x00\x01\xFF\xC0\x07\xFE\x00\x00\xFF\xC0\x0F\xFC\x00\x00\x7F\xE0\x0F\xF8\x00\x00\x3F\xE0\x0F\xF8\x00\x00\x3F\xE0\x1F\xF0\x00\x00\x3F\xF0\x1F\xF0\x00\x00\x1F\xF0\x1F\xF0\x00\x00\x1F\xF0\x1F\xF0\x00\x00\x1F\xF0\x3F\xE0\x00\x00\x0F\xF8\x3F\xE0\x00\x00\x0F\xF8\x3F\xE0\x00\x00\x0F\xF8\x3F\xE0\x00\x00\x0F\xF8\x3F\xE0\x00\x00\x0F\xF8\x3F\xE0\x00\x00\x0F\xF8\x3F\xE0\x00\x00\x0F\xF8\x3F\xE0\x00\x00\x0F\xF8\x3F\xE0\x00\x00\x0F\xF8\x3F\xE0\x00\x00\x0F\xF8\x3F\xE0\x00\x00\x0F\xF8\x3F\xE0\x00\x00\x0F\xF8\x3F\xE0\x00\x00\x1F\xF8\x1F\xF0\x00\x00\x1F\xF0\x1F\xF0\x00\x00\x1F\xF0\x1F\xF0\x00\x00\x1F\xF0\x1F\xF8\x00\x00\x3F\xF0\x0F\xF8\x00\x00\x3F\xE0\x0F\xFC\x00\x00\x7F\xE0\x0F\xFC\x00\x00\x7F\xE0\x07\xFE\x00\x00\xFF\xC0\x03\xFF\x00\x01\xFF\x80\x03\xFF\x80\x03\xFF\x80\x01\xFF\xC0\x0F\xFF\x00\x00\xFF\xF8\x3F\xFF\x00\x00\xFF\xFF\xFF\xFE\x00\x00\x7F\xFF\xFF\xFC\x00\x00\x3F\xFF\xFF\xF8\x00\x00\x0F\xFF\xFF\xE0\x00\x00\x07\xFF\xFF\xC0\x00\x00\x01\xFF\xFF\x00\x00",
    /* 0x50 */ "\x00\xFF\xFF\xFE\x00\x00\x00\xFF\xFF\xFF\xC0\x00\x00\xFF\xFF\xFF\xF0\x00\x00\xFF\xFF\xFF\xF8\x00\x00\xFF\xFF\xFF\xFC\x00\x00\xFF\xFF\xFF\xFE\x00\x00\xFF\xFF\xFF\xFF\x00\x00\xFF\x80\x1F\xFF\x80\x00\xFF\x80\x03\xFF\x80\x00\xFF\x80\x01\xFF\x80\x00\xFF\x80\x00\xFF\xC0\x00\xFF\x80\x00\x7F\xC0\x00\xFF\x80\x00\x7F\xC0\x00\xFF\x80\x00\x7F\xC0\x00\xFF\x80\x00\x7F\xC0\x00\xFF\x80\x00\x7F\xC0\x00\xFF\x80\x00\x7F\xC0\x00\xFF\x80\x00\x7F\xC0\x00\xFF\x80\x00\x7F\xC0\x00\xFF\x80\x00\xFF\xC0\x00\xFF\x80\x00\xFF\x80\x00\xFF\x80\x01\xFF\x80\x00\xFF\x80\x07\xFF\x80\x00\xFF\x80\x3F\xFF\x00\x00\xFF\xFF\xFF\xFE\x00\x00\xFF\xFF\xFF\xFC\x00\x00\xFF\xFF\xFF\xFC\x00\x00\xFF\xFF\xFF\xF0\x00\x00\xFF\xFF\xFF\xE0\x00\x00\xFF\xFF\xFF\x80\x00\x00\xFF\xFF\xF8\x00\x00\x00\xFF\x80\x00\x00\x00\x00\xFF\x80\x00\x00\x00\x00\xFF\x80\x00\x00\x00\x00\xFF\x80\x00\x00\x00\x00\xFF\x80\x00\x00\x00\x00\xFF\x80\x00\x00\x00\x00\xFF\x80\x00\x00\x00\x00\xFF\x80\x00\x00\x00\x00\xFF\x80\x00\x00\x00\x00\xFF\x80\x00\x00\x00\x00\xFF\x80\x00\x00\x00\x00\xFF\x80\x00\x00\x00\x00\xFF\x80\x00\x00\x00\x00\xFF\x80\x00\x00\x00\x00\xFF\x80\x00\x00\x00\x00\xFF\x80\x00\x00\x00\x00\xFF\x80\x00\x00\x00",
    /* 0x51 */ "\x01\xFF\xF0\x1F\xFF\x00\x03\xFF\xC0\x07\xFF\x80\x03\xFF\x00\x03\xFF\x80\x07\xFE\x00\x00\xFF\xC0\x07\xFE\x00\x00\xFF\xC0\x0F\xFC\x00\x00\x7F\xE0\x0F\xF8\x00\x00\x3F\xE0\x1F\xF8\x00\x00\x3F\xF0\x1F\xF0\x00\x00\x1F\xF0\x1F\xF0\x00\x00\x1F\xF0\x1F\xF0\x00\x00\x1F\xF0\x1F\xF0\x00\x00\x1F\xF0\x3F\xE0\x00\x00\x0F\xF8\x3F\xE0\x00\x00\x0F\xF8\x3F\xE0\x00\x00\x0F\xF8\x3F\xE0\x00\x00\x0F\xF8\x3F\xE0\x00\x00\x0F\xF8\x3F\xE0\x00\x00\x0F\xF8\x3F\xE0\x00\x00\x0F\xF8\x3F\xE0\x00\x00\x0F\xF8\x3F\xE0\x00\x00\x0F\xF8\x3F\xE0\x00\x00\x0F\xF8\x3F\xE0\x00\x00\x0F\xF8\x3F\xE0\x00\x00\x0F\xF8\x3F\xF0\x00\x00\x1F\xF8\x1F\xF0\x00\x00\x1F\xF0\x1F\xF0\x00\x00\x1F\xF0\x1F\xF0\x00\x00\x1F\xF0\x1F\xF8\x00\x00\x3F\xF0\x0F\xF8\x00\x00\x3F\xE0\x0F\xFC\x00\x00\x7F\xE0\x0F\xFC\x00\x00\x7F\xE0\x07\xFE\x00\x00\xFF\xC0\x03\xFF\x00\x01\xFF\x80\x03\xFF\x80\x03\xFF\x80\x01\xFF\xC0\x07\xFF\x00\x00\xFF\xF8\x3F\xFE\x00\x00\xFF\xFF\xFF\xFE\x00\x00\x7F\xFF\xFF\xFC\x00\x00\x3F\xFF\xFF\xF8\x00\x00\x0F\xFF\xFF\xE0\x00\x00\x07\xFF\xFF\xC0\x00\x00\x01\xFF\xFF\x00\x00\x00\x00\x1F\xF8\x00\x00\x00\x00\x0F\xFC\x00\x00\x00\x00\x0F\xFC\x00\x00\x00\x00\x07\xFF\x00\x00\x00\x00\x03\xFF\xC0\x00",
    /* 0x52 */ "\x00\xFF\xFF\xFF\x00\x00\x00\xFF\xFF\xFF\xE0\x00\x00\xFF\xFF\xFF\xF8\x00\x00\xFF\xFF\xFF\xFC\x00\x00\xFF\xFF\xFF\xFE\x00\x00\xFF\xFF\xFF\xFF\x00\x00\xFF\xFF\xFF\xFF\x80\x00\xFF\x80\x0F\xFF\xC0\x00\xFF\x80\x01\xFF\xC0\x00\xFF\x80\x00\xFF\xC0\x00\xFF\x80\x00\x7F\xE0\x00\xFF\x80\x00\x7F\xE0\x00\xFF\x80\x00\x3F\xE0\x00\xFF\x80\x00\x3F\xE0\x00\xFF\x80\x00\x3F\xE0\x00\xFF\x80\x00\x3F\xE0\x00\xFF\x80\x00\x3F\xE0\x00\xFF\x80\x00\x7F\xE0\x00\xFF\x80\x00\x7F\xC0\x00\xFF\x80\x00\xFF\xC0\x00\xFF\x80\x01\xFF\xC0\x00\xFF\x80\x03\xFF\xC0\x00\xFF\x80\x3F\xFF\x80\x00\xFF\xFF\xFF\xFF\x00\x00\xFF\xFF\xFF\xFF\x00\x00\xFF\xFF\xFF\xFE\x00\x00\xFF\xFF\xFF\xF8\x00\x00\xFF\xFF\xFF\xF0\x00\x00\xFF\xFF\xFF\xC0\x00\x00\xFF\xFF\xFF\xC0\x00\x00\xFF\x80\xFF\xC0\x00\x00\xFF\x80\x7F\xE0\x00\x00\xFF\x80\x3F\xE0\x00\x00\xFF\x80\x3F\xF0\x00\x00\xFF\x80\x1F\xF0\x00\x00\xFF\x80\x1F\xF8\x00\x00\xFF\x80\x0F\xFC\x00\x00\xFF\x80\x0F\xFC\x00\x00\xFF\x80\x07\xFE\x00\x00\xFF\x80\x07\xFE\x00\x00\xFF\x80\x03\xFF\x00\x00\xFF\x80\x03\xFF\x00\x00\xFF\x80\x01\xFF\x80\x00\xFF\x80\x00\xFF\xC0\x00\xFF\x80\x00\xFF\xC0\x00\xFF\x80\x00\x7F\xE0\x00\xFF\x80\x00\x7F\xE0\x00\xFF\x80\x00\x3F\xF0",
    /* 0x53 */ "\x00\x01\xFF\xFF\xE0\x00\x00\x07\xFF\xFF\xF0\x00\x00\x0F\xFF\xFF\xFC\x00\x00\x1F\xFF\xFF\xFE\x00\x00\x3F\xFF\xFF\xFE\x00\x00\x3F\xFC\x1F\xFC\x00\x00\x7F\xE0\x03\xFC\x00\x00\x7F\xC0\x00\xF8\x00\x00\xFF\xC0\x00\x30\x00\x00\xFF\x80\x00\x00\x00\x00\xFF\x80\x00\x00\x00\x00\xFF\x80\x00\x00\x00\x00\xFF\x80\x00\x00\x00\x00\xFF\xC0\x00\x00\x00\x00\xFF\xC0\x00\x00\x00\x00\xFF\xE0\x00\x00\x00\x00\x7F\xF8\x00\x00\x00\x00\x7F\xFF\x00\x00\x00\x00\x3F\xFF\xC0\x00\x00\x00\x3F\xFF\xF0\x00\x00\x00\x1F\xFF\xFE\x00\x00\x00\x0F\xFF\xFF\x80\x00\x00\x07\xFF\xFF\xC0\x00\x00\x01\xFF\xFF\xF0\x00\x00\x00\xFF\xFF\xF8\x00\x00\x00\x1F\xFF\xFC\x00\x00\x00\x07\xFF\xFE\x00\x00\x00\x01\xFF\xFE\x00\x00\x00\x00\x7F\xFF\x00\x00\x00\x00\x0F\xFF\x00\x00\x00\x00\x07\xFF\x80\x00\x00\x00\x03\xFF\x80\x00\x00\x00\x01\xFF\x80\x00\x00\x00\x00\xFF\x80\x00\x00\x00\x00\xFF\x80\x00\x00\x00\x00\xFF\x80\x00\x10\x00\x00\xFF\x80\x00\x38\x00\x00\xFF\x80\x00\x7C\x00\x01\xFF\x00\x00\xFF\x00\x03\xFF\x00\x01\xFF\xC0\x07\xFF\x00\x03\xFF\xF8\x3F\xFE\x00\x03\xFF\xFF\xFF\xFC\x00\x01\xFF\xFF\xFF\xFC\x00\x00\x7F\xFF\xFF\xF8\x00\x00\x3F\xFF\xFF\xE0\x00\x00\x0F\xFF\xFF\xC0\x00\x00\x01\xFF\xFF\x00\x00",
    /* 0x54 */ "\x07\xFF\xFF\xFF\xFF\xC0\x07\xFF\xFF\xFF\xFF\xC0\x07\xFF\xFF\xFF\xFF\xC0\x07\xFF\xFF\xFF\xFF\xC0\x07\xFF\xFF\xFF\xFF\xC0\x07\xFF\xFF\xFF\xFF\xC0\x07\xFF\xFF\xFF\xFF\xC0\x00\x00\x1F\xF0\x00\x00\x00\x00\x1F\xF0\x00\x00\x00\x00\x1F\xF0\x00\x00\x00\x00\x1F\xF0\x00\x00\x00\x00\x1F\xF0\x00\x00\x00\x00\x1F\xF0\x00\x00\x00\x00\x1F\xF0\x00\x00\x00\x00\x1F\xF0\x00\x00\x00\x00\x1F\xF0\x00\x00\x00\x00\x1F\xF0\x00\x00\x00\x00\x1F\xF0\x00\x00\x00\x00\x1F\xF0\x00\x00\x00\x00\x1F\xF0\x00\x00\x00\x00\x1F\xF0\x00\x00\x00\x00\x1F\xF0\x00\x00\x00\x00\x1F\xF0\x00\x00\x00\x00\x1F\xF0\x00\x00\x00\x00\x1F\xF0\x00\x00\x00\x00\x1F\xF0\x00\x00\x00\x00\x1F\xF0\x00\x00\x00\x00\x1F\xF0\x00\x00\x00\x00\x1F\xF0\x00\x00\x00\x00\x1F\xF0\x00\x00\x00\x00\x1F\xF0\x00\x00\x00\x00\x1F\xF0\x00\x00\x00\x00\x1F\xF0\x00\x00\x00\x00\x1F\xF0\x00\x00\x00\x00\x1F\xF0\x00\x00\x00\x00\x1F\xF0\x00\x00\x00\x00\x1F\xF0\x00\x00\x00\x00\x1F\xF0\x00\x00\x00\x00\x1F\xF0\x00\x00\x00\x00\x1F\xF0\x00\x00\x00\x00\x1F\xF0\x00\x00\x00\x00\x1F\xF0\x00\x00\x00\x00\x1F\xF0\x00\x00\x00\x00\x1F\xF0\x00\x00\x00\x00\x1F\xF0\x00\x00\x00\x00\x1F\xF0\x00\x00\x00\x00\x1F\xF0\x00\x00\x00\x00\x1F\xF0\x00\x00",
    /* 0x55 */ "\x07\xFC\x00\x00\x7F\xC0\x07\xFC\x00\x00\x7F\xC0\x07\xFC\x00\x00\x7F\xC0\x07\xFC\x00\x00\x7F\xC0\x07\xFC\x00\x00\x7F\xC0\x07\xFC\x00\x00\x7F\xC0\x07\xFC\x00\x00\x7F\xC0\x07\xFC\x00\x00\x7F\xC0\x07\xFC\x00\x00\x7F\xC0\x07\xFC\x00\x00\x7F\xC0\x07\xFC\x00\x00\x7F\xC0\x07\xFC\x00\x00\x7F\xC0\x07\xFC\x00\x00\x7F\xC0\x07\xFC\x00\x00\x7F\xC0\x07\xFC\x00\x00\x7F\xC0\x07\xFC\x00\x00\x7F\xC0\x07\xFC\x00\x00\x7F\xC0\x07\xFC\x00\x00\x7F\xC0\x07\xFC\x00\x00\x7F\xC0\x07\xFC\x00\x00\x7F\xC0\x07\xFC\x00\x00\x7F\xC0\x07\xFC\x00\x00\x7F\xC0\x07\xFC\x00\x00\x7F\xC0\x07\xFC\x00\x00\x7F\xC0\x07\xFC\x00\x00\x7F\xC0\x07\xFC\x00\x00\x7F\xC0\x07\xFC\x00\x00\x7F\xC0\x07\xFC\x00\x00\x7F\xC0\x07\xFC\x00\x00\x7F\xC0\x07\xFC\x00\x00\x7F\xC0\x07\xFC\x00\x00\x7F\xC0\x07\xFC\x00\x00\x7F\xC0\x07\xFC\x00\x00\x7F\xC0\x07\xFC\x00\x00\x7F\x80\x03\xFE\x00\x00\xFF\x80\x03\xFE\x00\x00\xFF\x80\x03\xFE\x00\x00\xFF\x80\x03\xFF\x00\x01\xFF\x80\x01\xFF\x80\x03\xFF\x00\x01\xFF\x80\x03\xFF\x00\x00\xFF\xE0\x0F\xFE\x00\x00\xFF\xF8\x7F\xFE\x00\x00\x7F\xFF\xFF\xFC\x00\x00\x3F\xFF\xFF\xF8\x00\x00\x1F\xFF\xFF\xF0\x00\x00\x0F\xFF\xFF\xE0\x00\x00\x07\xFF\xFF\xC0\x00\x00\x01\xFF\xFF\x00\x00",
    /* 0x56 */ "\x0F\xF8\x00\x00\x1F\xF0\x0F\xFC\x00\x00\x1F\xF0\x07\xFC\x00\x00\x1F\xE0\x07\xFC\x00\x00\x3F\xE0\x07\xFC\x00\x00\x3F\xE0\x07\xFE\x00\x00\x3F\xE0\x03\xFE\x00\x00\x7F\xC0\x03\xFE\x00\x00\x7F\xC0\x03\xFF\x00\x00\x7F\xC0\x01\xFF\x00\x00\x7F\x80\x01\xFF\x00\x00\xFF\x80\x01\xFF\x00\x00\xFF\x80\x00\xFF\x80\x00\xFF\x00\x00\xFF\x80\x00\xFF\x00\x00\xFF\x80\x01\xFF\x00\x00\x7F\x80\x01\xFE\x00\x00\x7F\xC0\x01\xFE\x00\x00\x7F\xC0\x03\xFE\x00\x00\x7F\xC0\x03\xFE\x00\x00\x3F\xE0\x03\xFC\x00\x00\x3F\xE0\x03\xFC\x00\x00\x3F\xE0\x07\xFC\x00\x00\x1F\xE0\x07\xF8\x00\x00\x1F\xF0\x07\xF8\x00\x00\x1F\xF0\x07\xF8\x00\x00\x0F\xF0\x0F\xF0\x00\x00\x0F\xF0\x0F\xF0\x00\x00\x0F\xF8\x0F\xF0\x00\x00\x07\xF8\x1F\xF0\x00\x00\x07\xF8\x1F\xE0\x00\x00\x07\xFC\x1F\xE0\x00\x00\x07\xFC\x1F\xE0\x00\x00\x03\xFC\x3F\xC0\x00\x00\x03\xFC\x3F\xC0\x00\x00\x03\xFE\x3F\xC0\x00\x00\x01\xFE\x3F\x80\x00\x00\x01\xFE\x7F\x80\x00\x00\x01\xFE\x7F\x80\x00\x00\x00\xFF\x7F\x00\x00\x00\x00\xFF\x7F\x00\x00\x00\x00\xFF\xFF\x00\x00\x00\x00\xFF\xFF\x00\x00\x00\x00\x7F\xFE\x00\x00\x00\x00\x7F\xFE\x00\x00\x00\x00\x7F\xFE\x00\x00\x00\x00\x3F\xFC\x00\x00\x00\x00\x3F\xFC\x00\x00\x00\x00\x3F\xFC\x00\x00",
    /* 0x57 */ "\xF8\x00\x0F\xF0\x00\x0F\xF8\x00\x0F\xF0\x00\x0F\xF8\x00\x0F\xF8\x00\x1F\xF8\x00\x1F\xF8\x00\x1F\xF8\x00\x1F\xF8\x00\x1F\xF8\x00\x1F\xF8\x00\x1F\xFC\x00\x1F\xFC\x00\x1F\xFC\x00\x3F\xFC\x00\x1F\xFC\x00\x3F\xFC\x00\x3F\xFC\x00\x3F\xFC\x00\x3F\xFC\x00\x3F\xFE\x00\x3F\xFC\x00\x7F\xFE\x00\x3F\xFE\x00\x7F\xFE\x00\x3F\xFE\x00\x7E\xFE\x00\x7F\xFE\x00\x7E\xFF\x00\x7F\xFE\x00\xFE\x7F\x00\x7F\xFE\x00\xFE\x7F\x00\x7F\xFE\x00\xFE\x7F\x00\x7F\xFF\x00\xFC\x7F\x80\x7F\xFF\x00\xFC\x7F\x80\xFF\xFF\x01\xFC\x3F\x80\xFF\xFF\x01\xFC\x3F\x80\xFF\xFF\x01\xFC\x3F\x80\xFF\xFF\x01\xF8\x3F\xC0\xFF\xFF\x83\xF8\x3F\xC0\xFF\xFF\x83\xF8\x1F\xC1\xFE\x7F\x83\xF8\x1F\xC1\xFE\x7F\x83\xF8\x1F\xE1\xFE\x7F\x83\xF0\x1F\xE1\xFE\x7F\x87\xF0\x0F\xE1\xFE\x7F\xC7\xF0\x0F\xE1\xFE\x3F\xC7\xF0\x0F\xE1\xFC\x3F\xC7\xE0\x0F\xF3\xFC\x3F\xC7\xE0\x0F\xF3\xFC\x3F\xCF\xE0\x07\xF3\xFC\x3F\xCF\xE0\x07\xF3\xFC\x1F\xCF\xE0\x07\xF3\xF8\x1F\xEF\xC0\x07\xFB\xF8\x1F\xEF\xC0\x03\xFB\xF8\x1F\xFF\xC0\x03\xFF\xF8\x1F\xFF\xC0\x03\xFF\xF8\x1F\xFF\x80\x03\xFF\xF0\x0F\xFF\x80\x01\xFF\xF0\x0F\xFF\x80\x01\xFF\xF0\x0F\xFF\x80\x01\xFF\xF0\x0F\xFF\x80\x01\xFF\xF0\x0F\xFF\x00\x01\xFF\xF0\x07\xFF\x00\x00\xFF\xE0",
    /* 0x58 */ "\x01\xFF\x00\x00\x7F\xC0\x01\xFF\x80\x00\xFF\x80\x00\xFF\x80\x00\xFF\x80\x00\xFF\xC0\x01\xFF\x00\x00\x7F\xC0\x01\xFF\x00\x00\x7F\xE0\x03\xFE\x00\x00\x3F\xE0\x03\xFE\x00\x00\x3F\xF0\x07\xFC\x00\x00\x1F\xF0\x07\xF8\x00\x00\x0F\xF8\x0F\xF8\x00\x00\x0F\xF8\x0F\xF0\x00\x00\x07\xFC\x1F\xF0\x00\x00\x07\xFC\x1F\xE0\x00\x00\x03\xFE\x3F\xE0\x00\x00\x03\xFE\x3F\xC0\x00\x00\x01\xFF\x3F\xC0\x00\x00\x01\xFF\x7F\x80\x00\x00\x00\xFF\xFF\x80\x00\x00\x00\xFF\xFF\x00\x00\x00\x00\x7F\xFF\x00\x00\x00\x00\x3F\xFE\x00\x00\x00\x00\x3F\xFC\x00\x00\x00\x00\x1F\xFC\x00\x00\x00\x00\x3F\xFC\x00\x00\x00\x00\x3F\xFC\x00\x00\x00\x00\x7F\xFE\x00\x00\x00\x00\x7F\xFE\x00\x00\x00\x00\xFF\xFF\x00\x00\x00\x00\xFF\xFF\x80\x00\x00\x01\xFE\xFF\x80\x00\x00\x01\xFE\x7F\xC0\x00\x00\x03\xFC\x7F\xC0\x00\x00\x07\xFC\x3F\xE0\x00\x00\x07\xF8\x3F\xE0\x00\x00\x0F\xF8\x1F\xF0\x00\x00\x0F\xF0\x1F\xF8\x00\x00\x1F\xF0\x0F\xF8\x00\x00\x1F\xF0\x0F\xFC\x00\x00\x3F\xE0\x07\xFC\x00\x00\x3F\xE0\x07\xFE\x00\x00\x7F\xC0\x03\xFE\x00\x00\xFF\xC0\x03\xFF\x00\x00\xFF\x80\x01\xFF\x00\x01\xFF\x80\x01\xFF\x80\x01\xFF\x00\x00\xFF\xC0\x03\xFF\x00\x00\xFF\xC0\x03\xFE\x00\x00\x7F\xE0\x07\xFE\x00\x00\x7F\xE0",
    /* 0x59 */ "\x07\xFC\x00\x00\x7F\xC0\x07\xFE\x00\x00\x7F\xC0\x03\xFE\x00\x00\xFF\x80\x03\xFE\x00\x00\xFF\x80\x01\xFF\x00\x01\xFF\x00\x01\xFF\x00\x01\xFF\x00\x00\xFF\x80\x03\xFE\x00\x00\xFF\x80\x03\xFE\x00\x00\x7F\x80\x03\xFC\x00\x00\x7F\xC0\x07\xFC\x00\x00\x7F\xC0\x07\xF8\x00\x00\x3F\xE0\x0F\xF8\x00\x00\x3F\xE0\x0F\xF0\x00\x00\x1F\xF0\x0F\xF0\x00\x00\x1F\xF0\x1F\xE0\x00\x00\x0F\xF0\x1F\xE0\x00\x00\x0F\xF8\x3F\xE0\x00\x00\x07\xF8\x3F\xC0\x00\x00\x07\xFC\x7F\xC0\x00\x00\x03\xFC\x7F\x80\x00\x00\x03\xFC\x7F\x80\x00\x00\x01\xFE\xFF\x00\x00\x00\x01\xFE\xFF\x00\x00\x00\x00\xFF\xFE\x00\x00\x00\x00\xFF\xFE\x00\x00\x00\x00\x7F\xFC\x00\x00\x00\x00\x7F\xFC\x00\x00\x00\x00\x7F\xF8\x00\x00\x00\x00\x3F\xF8\x00\x00\x00\x00\x3F\xF0\x00\x00\x00\x00\x1F\xF0\x00\x00\x00\x00\x1F\xF0\x00\x00\x00\x00\x1F\xF0\x00\x00\x00\x00\x1F\xF0\x00\x00\x00\x00\x1F\xF0\x00\x00\x00\x00\x1F\xF0\x00\x00\x00\x00\x1F\xF0\x00\x00\x00\x00\x1F\xF0\x00\x00\x00\x00\x1F\xF0\x00\x00\x00\x00\x1F\xF0\x00\x00\x00\x00\x1F\xF0\x00\x00\x00\x00\x1F\xF0\x00\x00\x00\x00\x1F\xF0\x00\x00\x00\x00\x1F\xF0\x00\x00\x00\x00\x1F\xF0\x00\x00\x00\x00\x1F\xF0\x00\x00\x00\x00\x1F\xF0\x00\x00\x00\x00\x1F\xF0\x00\x00",
    /* 0x5A */ "\x00\xFF\xFF\xFF\xFF\x00\x00\xFF\xFF\xFF\xFF\x00\x00\xFF\xFF\xFF\xFF\x00\x00\xFF\xFF\xFF\xFF\x00\x00\xFF\xFF\xFF\xFF\x00\x00\xFF\xFF\xFF\xFF\x00\x00\xFF\xFF\xFF\xFE\x00\x00\x00\x00\x07\xFC\x00\x00\x00\x00\x0F\xFC\x00\x00\x00\x00\x0F\xF8\x00\x00\x00\x00\x1F\xF8\x00\x00\x00\x00\x3F\xF0\x00\x00\x00\x00\x3F\xE0\x00\x00\x00\x00\x7F\xE0\x00\x00\x00\x00\xFF\xC0\x00\x00\x00\x00\xFF\x80\x00\x00\x00\x01\xFF\x80\x00\x00\x00\x01\xFF\x00\x00\x00\x00\x03\xFE\x00\x00\x00\x00\x07\xFE\x00\x00\x00\x00\x07\xFC\x00\x00\x00\x00\x0F\xFC\x00\x00\x00\x00\x1F\xF8\x00\x00\x00\x00\x1F\xF0\x00\x00\x00\x00\x3F\xF0\x00\x00\x00\x00\x3F\xE0\x00\x00\x00\x00\x7F\xC0\x00\x00\x00\x00\xFF\xC0\x00\x00\x00\x00\xFF\x80\x00\x00\x00\x01\xFF\x00\x00\x00\x00\x03\xFF\x00\x00\x00\x00\x03\xFE\x00\x00\x00\x00\x07\xFE\x00\x00\x00\x00\x0F\xFC\x00\x00\x00\x00\x0F\xF8\x00\x00\x00\x00\x1F\xF8\x00\x00\x00\x00\x1F\xF0\x00\x00\x00\x00\x3F\xE0\x00\x00\x00\x00\x7F\xE0\x00\x00\x00\x00\x7F\xC0\x00\x00\x00\x00\xFF\x80\x00\x00\x00\x01\xFF\x80\x00\x00\x00\x01\xFF\xFF\xFF\xFF\x80\x03\xFF\xFF\xFF\xFF\x80\x03\xFF\xFF\xFF\xFF\x80\x03\xFF\xFF\xFF\xFF\x80\x03\xFF\xFF\xFF\xFF\x80\x03\xFF\xFF\xFF\xFF\x80",
    /* 0x5B */ "\x00\x00\x1F\x80\x00\x00\x00\x00\x1F\x80\x00\x00\x00\x00\x1F\x80\x00\x00\x00\x00\x1F\x80\x00\x00\x00\x00\x1F\x80\x00\x00\x00\x00\x1F\x80\x00\x00\x00\x00\x1F\x80\x00\x00\x00\x00\x1F\x80\x00\x00\x00\x00\x1F\x80\x00\x00\x00\x00\x1F\x80\x00\x00\x00\x00\x1F\x80\x00\x00\x00\x00\x1F\x80\x00\x00\x00\x00\x1F\x80\x00\x00\x00\x00\x1F\x80\x00\x00\x00\x00\x1F\x80\x00\x00\x00\x00\x1F\x80\x00\x00\x00\x00\x1F\x80\x00\x00\x00\x00\x1F\x80\x00\x00\x00\x00\x1F\x80\x00\x00\x00\x00\x1F\x80\x00\x00\x00\x00\x1F\x80\x00\x00\x00\x00\x1F\x80\x00\x00\x00\x00\x1F\x80\x00\x00\x00\x00\x1F\x80\x00\x00\x00\x00\x1F\x80\x00\x00\x00\x00\x1F\x80\x00\x00\x00\x00\x1F\x80\x00\x00\x00\x00\x1F\x80\x00\x00\x00\x00\x1F\x80\x00\x00\x00\x00\x1F\x80\x00\x00\x00\x00\x1F\x80\x00\x00\x00\x00\x1F\x80\x00\x00\x00\x00\x1F\x80\x00\x00\x00\x00\x1F\x80\x00\x00\x00\x00\x1F\x80\x00\x00\x00\x00\x1F\x80\x00\x00\x00\x00\x1F\x80\x00\x00\x00\x00\x1F\x80\x00\x00\x00\x00\x1F\x80\x00\x00\x00\x00\x1F\x80\x00\x00\x00\x00\x1F\x80\x00\x00\x00\x00\x1F\x80\x00\x00\x00\x00\x1F\x80\x00\x00\x00\x00\x1F\x80\x00\x00\x00\x00\x1F\x80\x00\x00\x00\x00\x1F\x80\x00\x00\x00\x00\x1F\x80\x00\x00\x00\x00\x1F\x80\x00\x00",
    /* 0x5C */ "\x00\x01\xF8\x00\x00\x00\x00\x01\xF8\x00\x00\x00\x00\x00\xFC\x00\x00\x00\x00\x00\xFC\x00\x00\x00\x00\x00\xFC\x00\x00\x00\x00\x00\xFC\x00\x00\x00\x00\x00\x7E\x00\x00\x00\x00\x00\x7E\x00\x00\x00\x00\x00\x7E\x00\x00\x00\x00\x00\x7E\x00\x00\x00\x00\x00\x3F\x00\x00\x00\x00\x00\x3F\x00\x00\x00\x00\x00\x3F\x00\x00\x00\x00\x00\x3F\x00\x00\x00\x00\x00\x1F\x80\x00\x00\x00\x00\x1F\x80\x00\x00\x00\x00\x1F\x80\x00\x00\x00\x00\x0F\xC0\x00\x00\x00\x00\x0F\xC0\x00\x00\x00\x00\x0F\xC0\x00\x00\x00\x00\x0F\xC0\x00\x00\x00\x00\x07\xE0\x00\x00\x00\x00\x07\xE0\x00\x00\x00\x00\x07\xE0\x00\x00\x00\x00\x07\xE0\x00\x00\x00\x00\x03\xF0\x00\x00\x00\x00\x03\xF0\x00\x00\x00\x00\x03\xF0\x00\x00\x00\x00\x03\xF0\x00\x00\x00\x00\x01\xF8\x00\x00\x00\x00\x01\xF8\x00\x00\x00\x00\x01\xF8\x00\x00\x00\x00\x00\xFC\x00\x00\x00\x00\x00\xFC\x00\x00\x00\x00\x00\xFC\x00\x00\x00\x00\x00\xFC\x00\x00\x00\x00\x00\x7E\x00\x00\x00\x00\x00\x7E\x00\x00\x00\x00\x00\x7E\x00\x00\x00\x00\x00\x7E\x00\x00\x00\x00\x00\x3F\x00\x00\x00\x00\x00\x3F\x00\x00\x00\x00\x00\x3F\x00\x00\x00\x00\x00\x3F\x00\x00\x00\x00\x00\x1F\x80\x00\x00\x00\x00\x1F\x80\x00\x00\x00\x00\x1F\x80\x00\x00\x00\x00\x1F\x80\x00",
    /* 0x5D */ "\x00\x00\x01\xF8\x00\x00\x00\x00\x01\xF8\x00\x00\x00\x00\x01\xF8\x00\x00\x00\x00\x01\xF8\x00\x00\x00\x00\x01\xF8\x00\x00\x00\x00\x01\xF8\x00\x00\x00\x00\x01\xF8\x00\x00\x00\x00\x01\xF8\x00\x00\x00\x00\x01\xF8\x00\x00\x00\x00\x01\xF8\x00\x00\x00\x00\x01\xF8\x00\x00\x00\x00\x01\xF8\x00\x00\x00\x00\x01\xF8\x00\x00\x00\x00\x01\xF8\x00\x00\x00\x00\x01\xF8\x00\x00\x00\x00\x01\xF8\x00\x00\x00\x00\x01\xF8\x00\x00\x00\x00\x01\xF8\x00\x00\x00\x00\x01\xF8\x00\x00\x00\x00\x01\xF8\x00\x00\x00\x00\x01\xF8\x00\x00\x00\x00\x01\xF8\x00\x00\x00\x00\x01\xF8\x00\x00\x00\x00\x01\xF8\x00\x00\x00\x00\x01\xF8\x00\x00\x00\x00\x01\xF8\x00\x00\x00\x00\x01\xF8\x00\x00\x00\x00\x01\xF8\x00\x00\x00\x00\x01\xF8\x00\x00\x00\x00\x01\xF8\x00\x00\x00\x00\x01\xF8\x00\x00\x00\x00\x01\xF8\x00\x00\x00\x00\x01\xF8\x00\x00\x00\x00\x01\xF8\x00\x00\x00\x00\x01\xF8\x00\x00\x00\x00\x01\xF8\x00\x00\x00\x00\x01\xF8\x00\x00\x00\x00\x01\xF8\x00\x00\x00\x00\x01\xF8\x00\x00\x00\x00\x01\xF8\x00\x00\x00\x00\x01\xF8\x00\x00\x00\x00\x01\xF8\x00\x00\x00\x00\x01\xF8\x00\x00\x00\x00\x01\xF8\x00\x00\x00\x00\x01\xF8\x00\x00\x00\x00\x01\xF8\x00\x00\x00\x00\x01\xF8\x00\x00\x00\x00\x01\xF8\x00\x00",
    /* 0x5E */ "\x00\x00\x0F\xF8\x00\x00\x00\x00\x1F\xF8\x00\x00\x00\x00\x1F\xF8\x00\x00\x00\x00\x1F\xFC\x00\x00\x00\x00\x3F\xFC\x00\x00\x00\x00\x3F\xFE\x00\x00\x00\x00\x7F\xFE\x00\x00\x00\x00\x7F\x7E\x00\x00\x00\x00\x7E\x7F\x00\x00\x00\x00\xFE\x7F\x00\x00\x00\x00\xFE\x3F\x00\x00\x00\x01\xFC\x3F\x80\x00\x00\x01\xFC\x3F\x80\x00\x00\x01\xFC\x1F\xC0\x00\x00\x03\xF8\x1F\xC0\x00\x00\x03\xF8\x1F\xC0\x00\x00\x07\xF8\x0F\xE0\x00\x00\x07\xF0\x0F\xE0\x00\x00\x07\xF0\x0F\xF0\x00\x00\x0F\xF0\x07\xF0\x00\x00\x0F\xE0\x07\xF0\x00\x00\x0F\xE0\x07\xF8\x00\x00\x1F\xC0\x03\xF8\x00\x00\x1F\xC0\x03\xFC\x00\x00\x3F\xC0\x01\xFC\x00\x00\x3F\x80\x01\xFC\x00\x00\x3F\x80\x01\xFE\x00\x00\x7F\x80\x00\xFE\x00\x00\x00\x00\x00\x00\x00\x00\x00\x00\x00\x00\x00\x00\x00\x00\x00\x00\x00\x00\x00\x00\x00\x00\x00\x00\x00\x00\x00\x00\x00\x00\x00\x00\x00\x00\x00\x00\x00\x00\x00\x00\x00\x00\x00\x00\x00\x00\x00\x00\x00\x00\x00\x00\x00\x00\x00\x00\x00\x00\x00\x00\x00\x00\x00\x00\x00\x00\x00\x00\x00\x00\x00\x00\x00\x00\x00\x00\x00\x00\x00\x00\x00\x00\x00\x00\x00\x00\x00\x00\x00\x00\x00\x00\x00\x00\x00\x00\x00\x00\x00\x00\x00\x00\x00\x00\x00\x00\x00\x00\x00\x00\x00\x00\x00\x00\x00\x00\x00\x00\x00",
    /* 0x5F */ "\x00\x00\x00\x00\x00\x00\x00\x00\x00\x00\x00\x00\x00\x00\x00\x00\x00\x00\x00\x00\x00\x00\x00\x00\x00\x00\x00\x00\x00\x00\x00\x00\x00\x00\x00\x00\x00\x00\x00\x00\x00\x00\x00\x00\x00\x00\x00\x00\x00\x00\x00\x00\x00\x00\x00\x00\x00\x00\x00\x00\x00\x00\x00\x00\x00\x00\x00\x00\x00\x00\x00\x00\x00\x00\x00\x00\x00\x00\x00\x00\x00\x00\x00\x00\x00\x00\x00\x00\x00\x00\x00\x00\x00\x00\x00\x00\x00\x00\x00\x00\x00\x00\x00\x00\x00\x00\x00\x00\x00\x00\x00\x00\x00\x00\x00\x00\x00\x00\x00\x00\x00\x00\x00\x00\x00\x00\x00\x00\x00\x00\x00\x00\x00\x00\x00\x00\x00\x00\x00\x00\x00\x00\x00\x00\x03\xFF\xFF\xFF\xFF\x80\x03\xFF\xFF\xFF\xFF\x80\x03\xFF\xFF\xFF\xFF\x80\x03\xFF\xFF\xFF\xFF\x80\x03\xFF\xFF\xFF\xFF\x80\x00\x00\x00\x00\x00\x00\x00\x00\x00\x00\x00\x00\x00\x00\x00\x00\x00\x00\x00\x00\x00\x00\x00\x00\x00\x00\x00\x00\x00\x00\x00\x00\x00\x00\x00\x00\x00\x00\x00\x00\x00\x00\x00\x00\x00\x00\x00\x00\x00\x00\x00\x00\x00\x00\x00\x00\x00\x00\x00\x00\x00\x00\x00\x00\x00\x00\x00\x00\x00\x00\x00\x00\x00\x00\x00\x00\x00\x00\x00\x00\x00\x00\x00\x00\x00\x00\x00\x00\x00\x00\x00\x00\x00\x00\x00\x00\x00\x00\x00\x00\x00\x00\x00\x00\x00\x00\x00\x00\x00\x00\x00\x00\x00\x00",
    /* 0x60 */ "\x00\x0F\xFE\x00\x00\x00\x00\x03\xFF\x00\x00\x00\x00\x01\xFF\x80\x00\x00\x00\x00\xFF\x80\x00\x00\x00\x00\x7F\xC0\x00\x00\x00\x00\x3F\xE0\x00\x00\x00\x00\x1F\xF0\x00\x00\x00\x00\x0F\xE0\x00\x00\x00\x00\x07\xC0\x00\x00\x00\x00\x03\x80\x00\x00\x00\x00\x01\x00\x00\x00\x00\x00\x00\x00\x00\x00\x00\x00\x00\x00\x00\x00\x00\x00\x00\x00\x00\x00\x00\x00\x00\x00\x00\x00\x00\x00\x00\x00\x00\x00\x00\x00\x00\x00\x00\x00\x00\x00\x00\x00\x00\x00\x00\x00\x00\x00\x00\x00\x00\x00\x00\x00\x00\x00\x00\x00\x00\x00\x00\x00\x00\x00\x00\x00\x00\x00\x00\x00\x00\x00\x00\x00\x00\x00\x00\x00\x00\x00\x00\x00\x00\x00\x00\x00\x00\x00\x00\x00\x00\x00\x00\x00\x00\x00\x00\x00\x00\x00\x00\x00\x00\x00\x00\x00\x00\x00\x00\x00\x00\x00\x00\x00\x00\x00\x00\x00\x00\x00\x00\x00\x00\x00\x00\x00\x00\x00\x00\x00\x00\x00\x00\x00\x00\x00\x00\x00\x00\x00\x00\x00\x00\x00\x00\x00\x00\x00\x00\x00\x00\x00\x00\x00\x00\x00\x00\x00\x00\x00\x00\x00\x00\x00\x00\x00\x00\x00\x00\x00\x00\x00\x00\x00\x00\x00\x00\x00\x00\x00\x00\x00\x00\x00\x00\x00\x00\x00\x00\x00\x00\x00\x00\x00\x00\x00\x00\x00\x00\x00\x00\x00\x00\x00\x00\x00\x00\x00\x00\x00\x00\x00\x00\x00\x00\x00\x00\x00\x00\x00\x00\x00\x00\x00",
    /* 0x61 */ "\x00\x00\x00\x00\x00\x00\x00\x00\x00\x00\x00\x00\x00\x00\x00\x00\x00\x00\x00\x00\x00\x00\x00\x00\x00\x00\x0F\xF8\x00\x00\x00\x00\xFF\xFE\x00\x00\x00\x03\xFF\xFF\x80\x00\x00\x0F\xFF\xFF\xC0\x00\x00\x3F\xFF\xFF\xE0\x00\x00\x3F\xFF\xFF\xF0\x00\x00\x3F\xFF\xFF\xF0\x00\x00\x1F\xF8\x7F\xF8\x00\x00\x1F\x80\x1F\xF8\x00\x00\x0E\x00\x0F\xF8\x00\x00\x04\x00\x0F\xFC\x00\x00\x00\x00\x07\xFC\x00\x00\x00\x00\x07\xFC\x00\x00\x00\x00\x07\xFC\x00\x00\x00\x00\x1F\xFC\x00\x00\x00\x03\xFF\xFC\x00\x00\x00\x3F\xFF\xFC\x00\x00\x01\xFF\xFF\xFC\x00\x00\x03\xFF\xFF\xFC\x00\x00\x0F\xFF\xFF\xFC\x00\x00\x1F\xFF\x87\xFC\x00\x00\x3F\xFC\x07\xFC\x00\x00\x7F\xF0\x07\xFC\x00\x00\x7F\xC0\x07\xFC\x00\x00\xFF\xC0\x07\xFC\x00\x00\xFF\x80\x07\xFC\x00\x00\xFF\x80\x07\xFC\x00\x00\xFF\x80\x07\xFC\x00\x00\xFF\x80\x0F\xFC\x00\x00\xFF\x80\x1F\xFC\x00\x00\xFF\xC0\x3F\xFC\x00\x00\xFF\xF1\xFF\xFC\x00\x00\x7F\xFF\xFF\xFC\x00\x00\x7F\xFF\xFF\xFC\x00\x00\x3F\xFF\xFB\xFC\x00\x00\x1F\xFF\xF3\xFC\x00\x00\x0F\xFF\xC1\xFC\x00\x00\x07\xFF\x81\xFC\x00\x00\x01\xFC\x00\x00\x00\x00\x00\x00\x00\x00\x00\x00\x00\x00\x00\x00\x00\x00\x00\x00\x00\x00\x00\x00\x00\x00\x00\x00\x00\x00\x00\x00\x00\x00\x00",
    /* 0x62 */ "\x00\xFF\x80\x00\x00\x00\x00\xFF\x80\x00\x00\x00\x00\xFF\x80\x00\x00\x00\x00\xFF\x80\x00\x00\x00\x00\xFF\x80\x00\x00\x00\x00\xFF\x80\x00\x00\x00\x00\xFF\x80\x00\x00\x00\x00\xFF\x80\x00\x00\x00\x00\xFF\x80\x00\x00\x00\x00\xFF\x80\x00\x00\x00\x00\xFF\x80\x00\x00\x00\x00\xFF\x80\x00\x00\x00\x00\xFF\x81\xFE\x00\x00\x00\xFF\x87\xFF\x80\x00\x00\xFF\x9F\xFF\xE0\x00\x00\xFF\xBF\xFF\xF0\x00\x00\xFF\xFF\xFF\xF8\x00\x00\xFF\xFF\xFF\xFC\x00\x00\xFF\xFF\xFF\xFC\x00\x00\xFF\xFE\x3F\xFE\x00\x00\xFF\xF0\x07\xFE\x00\x00\xFF\xE0\x03\xFF\x00\x00\xFF\xC0\x03\xFF\x00\x00\xFF\x80\x01\xFF\x00\x00\xFF\x80\x01\xFF\x00\x00\xFF\x80\x01\xFF\x80\x00\xFF\x80\x00\xFF\x80\x00\xFF\x80\x00\xFF\x80\x00\xFF\x80\x00\xFF\x80\x00\xFF\x80\x00\xFF\x80\x00\xFF\x80\x00\xFF\x80\x00\xFF\x80\x00\xFF\x80\x00\xFF\x80\x00\xFF\x80\x00\xFF\x80\x00\xFF\x80\x00\xFF\x80\x00\xFF\x80\x00\xFF\x80\x00\xFF\x80\x00\xFF\x80\x01\xFF\x80\x00\xFF\x80\x01\xFF\x00\x00\xFF\x80\x01\xFF\x00\x00\xFF\x80\x03\xFF\x00\x00\xFF\x80\x03\xFE\x00\x00\xFF\xC0\x07\xFE\x00\x00\xFF\xE0\x0F\xFC\x00\x00\xFF\xFC\x3F\xFC\x00\x00\xFF\xFF\xFF\xF8\x00\x00\xFF\xFF\xFF\xF8\x00\x00\xFF\xFF\xFF\xF0\x00\x00\xFF\x3F\xFF\xE0\x00",
    /* 0x63 */ "\x00\x00\x00\x00\x00\x00\x00\x00\x00\x00\x00\x00\x00\x00\x00\x00\x00\x00\x00\x00\x00\x00\x00\x00\x00\x00\x00\xFF\x80\x00\x00\x00\x07\xFF\xE0\x00\x00\x00\x1F\xFF\xF8\x00\x00\x00\x7F\xFF\xFC\x00\x00\x00\xFF\xFF\xFE\x00\x00\x01\xFF\xFF\xFC\x00\x00\x03\xFF\xFF\xF8\x00\x00\x07\xFF\xE1\xF8\x00\x00\x07\xFF\x00\x70\x00\x00\x0F\xFE\x00\x20\x00\x00\x0F\xFC\x00\x00\x00\x00\x1F\xF8\x00\x00\x00\x00\x1F\xF0\x00\x00\x00\x00\x1F\xF0\x00\x00\x00\x00\x3F\xF0\x00\x00\x00\x00\x3F\xE0\x00\x00\x00\x00\x3F\xE0\x00\x00\x00\x00\x3F\xE0\x00\x00\x00\x00\x3F\xE0\x00\x00\x00\x00\x3F\xE0\x00\x00\x00\x00\x3F\xE0\x00\x00\x00\x00\x3F\xE0\x00\x00\x00\x00\x3F\xE0\x00\x00\x00\x00\x3F\xE0\x00\x00\x00\x00\x3F\xF0\x00\x00\x00\x00\x1F\xF0\x00\x00\x00\x00\x1F\xF0\x00\x00\x00\x00\x1F\xF8\x00\x00\x00\x00\x0F\xFC\x00\x00\x00\x00\x0F\xFE\x00\x18\x00\x00\x07\xFF\x00\x78\x00\x00\x07\xFF\xE3\xFC\x00\x00\x03\xFF\xFF\xFC\x00\x00\x01\xFF\xFF\xFE\x00\x00\x00\xFF\xFF\xFE\x00\x00\x00\x7F\xFF\xFC\x00\x00\x00\x3F\xFF\xF8\x00\x00\x00\x0F\xFF\xE0\x00\x00\x00\x01\xFF\x00\x00\x00\x00\x00\x00\x00\x00\x00\x00\x00\x00\x00\x00\x00\x00\x00\x00\x00\x00\x00\x00\x00\x00\x00\x00\x00\x00\x00\x00\x00\x00",
    /* 0x64 */ "\x00\x00\x00\x01\xFF\x00\x00\x00\x00\x01\xFF\x00\x00\x00\x00\x01\xFF\x00\x00\x00\x00\x01\xFF\x00\x00\x00\x00\x01\xFF\x00\x00\x00\x00\x01\xFF\x00\x00\x00\x00\x01\xFF\x00\x00\x00\x00\x01\xFF\x00\x00\x00\x00\x01\xFF\x00\x00\x00\x00\x01\xFF\x00\x00\x00\x00\x01\xFF\x00\x00\x00\x00\x01\xFF\x00\x00\x00\x3F\x81\xFF\x00\x00\x01\xFF\xE1\xFF\x00\x00\x03\xFF\xF9\xFF\x00\x00\x0F\xFF\xFD\xFF\x00\x00\x1F\xFF\xFF\xFF\x00\x00\x3F\xFF\xFF\xFF\x00\x00\x3F\xFF\xFF\xFF\x00\x00\x7F\xFC\x7F\xFF\x00\x00\xFF\xF0\x0F\xFF\x00\x00\xFF\xC0\x03\xFF\x00\x00\xFF\x80\x01\xFF\x00\x01\xFF\x80\x01\xFF\x00\x01\xFF\x00\x01\xFF\x00\x01\xFF\x00\x01\xFF\x00\x03\xFF\x00\x01\xFF\x00\x03\xFE\x00\x01\xFF\x00\x03\xFE\x00\x01\xFF\x00\x03\xFE\x00\x01\xFF\x00\x03\xFE\x00\x01\xFF\x00\x03\xFE\x00\x01\xFF\x00\x03\xFE\x00\x01\xFF\x00\x03\xFE\x00\x01\xFF\x00\x03\xFE\x00\x01\xFF\x00\x03\xFE\x00\x01\xFF\x00\x03\xFE\x00\x01\xFF\x00\x03\xFF\x00\x01\xFF\x00\x01\xFF\x00\x01\xFF\x00\x01\xFF\x00\x01\xFF\x00\x01\xFF\x80\x03\xFF\x00\x00\xFF\xC0\x07\xFF\x00\x00\xFF\xE0\x0F\xFF\x00\x00\x7F\xF8\x7F\xFF\x00\x00\x7F\xFF\xFF\xFF\x00\x00\x3F\xFF\xFF\xFF\x00\x00\x1F\xFF\xFE\xFF\x00\x00\x0F\xFF\xFC\xFF\x00",
    /* 0x65 */ "\x00\x00\x00\x00\x00\x00\x00\x00\x00\x00\x00\x00\x00\x00\x00\x00\x00\x00\x00\x00\x00\x00\x00\x00\x00\x00\x00\x00\x00\x00\x00\x00\x0F\xFC\x00\x00\x00\x00\x3F\xFF\x00\x00\x00\x00\xFF\xFF\xC0\x00\x00\x01\xFF\xFF\xE0\x00\x00\x03\xFF\xFF\xF0\x00\x00\x07\xFF\xFF\xF8\x00\x00\x07\xFF\xFF\xF8\x00\x00\x0F\xFE\x0F\xFC\x00\x00\x1F\xF8\x03\xFC\x00\x00\x1F\xF0\x01\xFE\x00\x00\x3F\xE0\x00\xFE\x00\x00\x3F\xC0\x00\xFE\x00\x00\x7F\xC0\x00\xFF\x00\x00\x7F\x80\x00\x7F\x00\x00\x7F\x80\x00\x7F\x00\x00\x7F\x80\x00\x7F\x00\x00\x7F\xFF\xFF\xFF\x00\x00\x7F\xFF\xFF\xFF\x00\x00\xFF\xFF\xFF\xFF\x00\x00\xFF\xFF\xFF\xFF\x00\x00\xFF\xFF\xFF\xFF\x00\x00\x7F\xFF\xFF\xFF\x00\x00\x7F\x80\x00\x00\x00\x00\x7F\x80\x00\x00\x00\x00\x7F\x80\x00\x00\x00\x00\x7F\xC0\x00\x00\x00\x00\x7F\xC0\x00\x00\x00\x00\x3F\xE0\x00\x00\x00\x00\x3F\xF0\x00\x00\x00\x00\x1F\xF8\x00\x10\x00\x00\x1F\xFC\x00\x78\x00\x00\x0F\xFF\x83\xF8\x00\x00\x07\xFF\xFF\xFC\x00\x00\x07\xFF\xFF\xFC\x00\x00\x03\xFF\xFF\xFE\x00\x00\x00\xFF\xFF\xFC\x00\x00\x00\x7F\xFF\xF0\x00\x00\x00\x1F\xFF\xC0\x00\x00\x00\x03\xFE\x00\x00\x00\x00\x00\x00\x00\x00\x00\x00\x00\x00\x00\x00\x00\x00\x00\x00\x00\x00\x00\x00\x00\x00\x00\x00",
    /* 0x66 */ "\x00\x00\x0F\xFF\xF0\x00\x00\x00\x1F\xFF\xE0\x00\x00\x00\x1F\xFF\xE0\x00\x00\x00\x3F\xFF\xE0\x00\x00\x00\x3F\xF0\x60\x00\x00\x00\x7F\xE0\x00\x00\x00\x00\x7F\xE0\x00\x00\x00\x00\x7F\xC0\x00\x00\x00\x00\x7F\xC0\x00\x00\x00\x00\x7F\xC0\x00\x00\x00\x00\x7F\xC0\x00\x00\x00\x00\x7F\xC0\x00\x00\x00\x00\x7F\xC0\x00\x00\x00\x00\x7F\xC0\x00\x00\x00\x0F\xFF\xFF\x80\x00\x00\x0F\xFF\xFF\x80\x00\x00\x0F\xFF\xFF\x80\x00\x00\x0F\xFF\xFF\x80\x00\x00\x0F\xFF\xFF\x80\x00\x00\x0F\xFF\xFF\x80\x00\x00\x0F\xFF\xFF\x80\x00\x00\x00\x7F\xC0\x00\x00\x00\x00\x7F\xC0\x00\x00\x00\x00\x7F\xC0\x00\x00\x00\x00\x7F\xC0\x00\x00\x00\x00\x7F\xC0\x00\x00\x00\x00\x7F\xC0\x00\x00\x00\x00\x7F\xC0\x00\x00\x00\x00\x7F\xC0\x00\x00\x00\x00\x7F\xC0\x00\x00\x00\x00\x7F\xC0\x00\x00\x00\x00\x7F\xC0\x00\x00\x00\x00\x7F\xC0\x00\x00\x00\x00\x7F\xC0\x00\x00\x00\x00\x7F\xC0\x00\x00\x00\x00\x7F\xC0\x00\x00\x00\x00\x7F\xC0\x00\x00\x00\x00\x7F\xC0\x00\x00\x00\x00\x7F\xC0\x00\x00\x00\x00\x7F\xC0\x00\x00\x00\x00\x7F\xC0\x00\x00\x00\x00\x7F\xC0\x00\x00\x00\x00\x7F\xC0\x00\x00\x00\x00\x7F\xC0\x00\x00\x00\x00\x7F\xC0\x00\x00\x00\x00\x7F\xC0\x00\x00\x00\x00\x7F\xC0\x00\x00\x00\x00\x7F\xC0\x00\x00",
    /* 0x67 */ "\x00\x0F\xFF\xFF\xFF\xC0\x00\x1F\xFF\xFF\xFF\xC0\x00\x3F\xFF\xFF\xFF\xC0\x00\x3F\xF0\x7F\xFF\xC0\x00\x7F\xC0\x3F\xE0\x00\x00\x7F\xC0\x1F\xF0\x00\x00\xFF\x80\x0F\xF0\x00\x00\xFF\x80\x0F\xF8\x00\x00\xFF\x00\x07\xF8\x00\x00\xFF\x00\x07\xF8\x00\x00\xFF\x00\x07\xF8\x00\x00\xFF\x00\x07\xF8\x00\x00\xFF\x00\x07\xF8\x00\x00\xFF\x80\x0F\xF8\x00\x00\x7F\x80\x0F\xF0\x00\x00\x7F\xC0\x1F\xF0\x00\x00\x3F\xE0\x3F\xF0\x00\x00\x3F\xF0\x7F\xE0\x00\x00\x1F\xFF\xFF\xC0\x00\x00\x0F\xFF\xFF\x80\x00\x00\x07\xFF\xFF\x00\x00\x00\x0F\xFF\xFC\x00\x00\x00\x1F\x9F\xE0\x00\x00\x00\x3F\x80\x00\x00\x00\x00\x7F\x00\x00\x00\x00\x00\x7F\x00\x00\x00\x00\x00\x7F\x00\x00\x00\x00\x00\x7F\x80\x00\x00\x00\x00\x7F\xE0\x00\x00\x00\x00\x7F\xFF\xFF\xE0\x00\x00\x3F\xFF\xFF\xFC\x00\x00\x3F\xFF\xFF\xFE\x00\x00\x1F\xFF\xFF\xFF\x00\x00\x0F\xFF\xFF\xFF\x80\x00\x1F\xFF\xFF\xFF\x80\x00\x3F\xFF\xFF\xFF\xC0\x00\x7F\x00\x01\xFF\xC0\x00\xFE\x00\x00\xFF\xC0\x00\xFC\x00\x00\x7F\xC0\x01\xFC\x00\x00\x7F\xC0\x01\xFC\x00\x00\x7F\xC0\x01\xFC\x00\x00\xFF\x80\x01\xFE\x00\x01\xFF\x80\x01\xFF\x00\x03\xFF\x00\x01\xFF\xE0\x1F\xFF\x00\x00\xFF\xFF\xFF\xFE\x00\x00\x7F\xFF\xFF\xFC\x00\x00\x3F\xFF\xFF\xF0\x00",
    /* 0x68 */ "\x00\xFF\x80\x00\x00\x00\x00\xFF\x80\x00\x00\x00\x00\xFF\x80\x00\x00\x00\x00\xFF\x80\x00\x00\x00\x00\xFF\x80\x00\x00\x00\x00\xFF\x80\x00\x00\x00\x00\xFF\x80\x00\x00\x00\x00\xFF\x80\x00\x00\x00\x00\xFF\x80\x00\x00\x00\x00\xFF\x80\x00\x00\x00\x00\xFF\x80\x00\x00\x00\x00\xFF\x80\x00\x00\x00\x00\xFF\x80\xFF\x00\x00\x00\xFF\x83\xFF\xC0\x00\x00\xFF\x8F\xFF\xE0\x00\x00\xFF\x9F\xFF\xF0\x00\x00\xFF\xBF\xFF\xF8\x00\x00\xFF\xFF\xFF\xF8\x00\x00\xFF\xFF\xFF\xFC\x00\x00\xFF\xFE\x3F\xFC\x00\x00\xFF\xF8\x0F\xFC\x00\x00\xFF\xE0\x07\xFE\x00\x00\xFF\xC0\x07\xFE\x00\x00\xFF\x80\x03\xFE\x00\x00\xFF\x80\x03\xFE\x00\x00\xFF\x80\x03\xFE\x00\x00\xFF\x80\x03\xFE\x00\x00\xFF\x80\x03\xFE\x00\x00\xFF\x80\x03\xFE\x00\x00\xFF\x80\x03\xFE\x00\x00\xFF\x80\x03\xFE\x00\x00\xFF\x80\x03\xFE\x00\x00\xFF\x80\x03\xFE\x00\x00\xFF\x80\x03\xFE\x00\x00\xFF\x80\x03\xFE\x00\x00\xFF\x80\x03\xFE\x00\x00\xFF\x80\x03\xFE\x00\x00\xFF\x80\x03\xFE\x00\x00\xFF\x80\x03\xFE\x00\x00\xFF\x80\x03\xFE\x00\x00\xFF\x80\x03\xFE\x00\x00\xFF\x80\x03\xFE\x00\x00\xFF\x80\x03\xFE\x00\x00\xFF\x80\x03\xFE\x00\x00\xFF\x80\x03\xFE\x00\x00\xFF\x80\x03\xFE\x00\x00\xFF\x80\x03\xFE\x00\x00\xFF\x80\x03\xFE\x00",
    /* 0x69 */ "\x00\x00\x1F\xF8\x00\x00\x00\x00\x1F\xF8\x00\x00\x00\x00\x1F\xF8\x00\x00\x00\x00\x1F\xF8\x00\x00\x00\x00\x0F\xF0\x00\x00\x00\x00\x0F\xF0\x00\x00\x00\x00\x07\xC0\x00\x00\x00\x00\x00\x00\x00\x00\x00\x00\x00\x00\x00\x00\x00\x00\x00\x00\x00\x00\x00\x00\x00\x00\x00\x00\x00\x00\x00\x00\x00\x00\x00\x00\x00\x00\x00\x00\x00\x00\x00\x00\x00\x00\x00\x00\x0F\xF8\x00\x00\x00\x00\x0F\xF8\x00\x00\x00\x00\x0F\xF8\x00\x00\x00\x00\x0F\xF8\x00\x00\x00\x00\x0F\xF8\x00\x00\x00\x00\x0F\xF8\x00\x00\x00\x00\x0F\xF8\x00\x00\x00\x00\x0F\xF8\x00\x00\x00\x00\x0F\xF8\x00\x00\x00\x00\x0F\xF8\x00\x00\x00\x00\x0F\xF8\x00\x00\x00\x00\x0F\xF8\x00\x00\x00\x00\x0F\xF8\x00\x00\x00\x00\x0F\xF8\x00\x00\x00\x00\x0F\xF8\x00\x00\x00\x00\x0F\xF8\x00\x00\x00\x00\x0F\xF8\x00\x00\x00\x00\x0F\xF8\x00\x00\x00\x00\x0F\xF8\x00\x00\x00\x00\x0F\xF8\x00\x00\x00\x00\x0F\xF8\x00\x00\x00\x00\x0F\xF8\x00\x00\x00\x00\x0F\xF8\x00\x00\x00\x00\x0F\xF8\x00\x00\x00\x00\x0F\xF8\x00\x00\x00\x00\x0F\xF8\x00\x00\x00\x00\x0F\xF8\x00\x00\x00\x00\x0F\xF8\x00\x00\x00\x00\x0F\xF8\x00\x00\x00\x00\x0F\xF8\x00\x00\x00\x00\x0F\xF8\x00\x00\x00\x00\x0F\xF8\x00\x00\x00\x00\x0F\xF8\x00\x00\x00\x00\x0F\xF8\x00\x00",
    /* 0x6A */ "\x00\x00\x00\x00\x00\x00\x00\x00\x00\x00\x00\x00\x00\x00\x00\x00\x00\x00\x00\x00\x00\x00\x00\x00\x00\x00\x00\x00\x00\x00\x00\x00\x03\xFE\x00\x00\x00\x00\x03\xFE\x00\x00\x00\x00\x03\xFE\x00\x00\x00\x00\x03\xFE\x00\x00\x00\x00\x03\xFE\x00\x00\x00\x00\x03\xFE\x00\x00\x00\x00\x03\xFE\x00\x00\x00\x00\x03\xFE\x00\x00\x00\x00\x03\xFE\x00\x00\x00\x00\x03\xFE\x00\x00\x00\x00\x03\xFE\x00\x00\x00\x00\x03\xFE\x00\x00\x00\x00\x03\xFE\x00\x00\x00\x00\x03\xFE\x00\x00\x00\x00\x03\xFE\x00\x00\x00\x00\x03\xFE\x00\x00\x00\x00\x03\xFE\x00\x00\x00\x00\x03\xFE\x00\x00\x00\x00\x03\xFE\x00\x00\x00\x00\x03\xFE\x00\x00\x00\x00\x03\xFE\x00\x00\x00\x00\x03\xFE\x00\x00\x00\x00\x03\xFE\x00\x00\x00\x00\x03\xFE\x00\x00\x00\x00\x03\xFE\x00\x00\x00\x00\x03\xFE\x00\x00\x00\x00\x03\xFE\x00\x00\x00\x00\x03\xFE\x00\x00\x00\x00\x03\xFE\x00\x00\x00\x00\x03\xFE\x00\x00\x00\x00\x03\xFE\x00\x00\x00\x00\x03\xFE\x00\x00\x00\x00\x03\xFE\x00\x00\x00\x00\x03\xFE\x00\x00\x00\x00\x03\xFE\x00\x00\x00\x00\x03\xFE\x00\x00\x00\x00\x03\xFE\x00\x00\x00\x00\x03\xFE\x00\x00\x00\x00\x03\xFE\x00\x00\x00\x00\x03\xFE\x00\x00\x00\x00\x03\xFE\x00\x00\x00\x00\x03\xFE\x00\x00\x00\x00\x03\xFE\x00\x00",
    /* 0x6B */ "\x00\x7F\xC0\x00\x00\x00\x00\x7F\xC0\x00\x00\x00\x00\x7F\xC0\x00\x00\x00\x00\x7F\xC0\x00\x00\x00\x00\x7F\xC0\x00\x00\x00\x00\x7F\xC0\x00\x00\x00\x00\x7F\xC0\x00\x00\x00\x00\x7F\xC0\x00\x00\x00\x00\x7F\xC0\x00\x00\x00\x00\x7F\xC0\x00\x00\x00\x00\x7F\xC0\x00\x00\x00\x00\x7F\xC0\x00\x00\x00\x00\x7F\xC0\x00\x00\x00\x00\x7F\xC0\x01\xFF\x80\x00\x7F\xC0\x03\xFF\x00\x00\x7F\xC0\x07\xFE\x00\x00\x7F\xC0\x07\xFC\x00\x00\x7F\xC0\x0F\xF8\x00\x00\x7F\xC0\x1F\xF8\x00\x00\x7F\xC0\x3F\xF0\x00\x00\x7F\xC0\x7F\xE0\x00\x00\x7F\xC0\x7F\xC0\x00\x00\x7F\xC0\xFF\x80\x00\x00\x7F\xC1\xFF\x00\x00\x00\x7F\xC3\xFF\x00\x00\x00\x7F\xC7\xFE\x00\x00\x00\x7F\xC7\xFC\x00\x00\x00\x7F\xCF\xF8\x00\x00\x00\x7F\xDF\xF8\x00\x00\x00\x7F\xFF\xF8\x00\x00\x00\x7F\xFF\xFC\x00\x00\x00\x7F\xFF\xFE\x00\x00\x00\x7F\xFF\xFE\x00\x00\x00\x7F\xFF\xFF\x00\x00\x00\x7F\xFE\xFF\x80\x00\x00\x7F\xFC\xFF\x80\x00\x00\x7F\xF8\x7F\xC0\x00\x00\x7F\xF0\x7F\xC0\x00\x00\x7F\xF0\x3F\xE0\x00\x00\x7F\xE0\x1F\xF0\x00\x00\x7F\xC0\x1F\xF0\x00\x00\x7F\xC0\x0F\xF8\x00\x00\x7F\xC0\x0F\xFC\x00\x00\x7F\xC0\x07\xFC\x00\x00\x7F\xC0\x03\xFE\x00\x00\x7F\xC0\x03\xFF\x00\x00\x7F\xC0\x01\xFF\x00\x00\x7F\xC0\x01\xFF\x80",
    /* 0x6C */ "\x00\x00\x1F\xF0\x00\x00\x00\x00\x1F\xF0\x00\x00\x00\x00\x1F\xF0\x00\x00\x00\x00\x1F\xF0\x00\x00\x00\x00\x1F\xF0\x00\x00\x00\x00\x1F\xF0\x00\x00\x00\x00\x1F\xF0\x00\x00\x00\x00\x1F\xF0\x00\x00\x00\x00\x1F\xF0\x00\x00\x00\x00\x1F\xF0\x00\x00\x00\x00\x1F\xF0\x00\x00\x00\x00\x1F\xF0\x00\x00\x00\x00\x1F\xF0\x00\x00\x00\x00\x1F\xF0\x00\x00\x00\x00\x1F\xF0\x00\x00\x00\x00\x1F\xF0\x00\x00\x00\x00\x1F\xF0\x00\x00\x00\x00\x1F\xF0\x00\x00\x00\x00\x1F\xF0\x00\x00\x00\x00\x1F\xF0\x00\x00\x00\x00\x1F\xF0\x00\x00\x00\x00\x1F\xF0\x00\x00\x00\x00\x1F\xF0\x00\x00\x00\x00\x1F\xF0\x00\x00\x00\x00\x1F\xF0\x00\x00\x00\x00\x1F\xF0\x00\x00\x00\x00\x1F\xF0\x00\x00\x00\x00\x1F\xF0\x00\x00\x00\x00\x1F\xF0\x00\x00\x00\x00\x1F\xF0\x00\x00\x00\x00\x1F\xF0\x00\x00\x00\x00\x1F\xF0\x00\x00\x00\x00\x1F\xF0\x00\x00\x00\x00\x1F\xF0\x00\x00\x00\x00\x1F\xF0\x00\x00\x00\x00\x1F\xF0\x00\x00\x00\x00\x1F\xF0\x00\x00\x00\x00\x1F\xF0\x00\x00\x00\x00\x1F\xF0\x00\x00\x00\x00\x1F\xF0\x00\x00\x00\x00\x1F\xF0\x00\x00\x00\x00\x1F\xF0\x00\x00\x00\x00\x1F\xF0\x00\x00\x00\x00\x1F\xF8\x00\x00\x00\x00\x1F\xFE\x00\x00\x00\x00\x0F\xFE\x00\x00\x00\x00\x0F\xFF\x00\x00\x00\x00\x0F\xFF\x00\x00",
    /* 0x6D */ "\x00\x00\x00\x00\x00\x00\x00\x00\x00\x00\x00\x00\x00\x00\x00\x00\x00\x00\x00\x00\x00\x00\x00\x00\x00\x00\x00\x00\x00\x00\x00\x07\xF8\x00\x1F\xC0\xF0\x3F\xFE\x00\x7F\xF8\xF8\x7F\xFF\x01\xFF\xFC\xF8\xFF\xFF\x83\xFF\xFE\xFB\xFF\xFF\xC7\xFF\xFF\xFF\xFF\xFF\xDF\xFF\xFF\xFF\xFF\xFF\xFF\xFF\xFF\xFF\xF1\xFF\xFF\xC7\xFF\xFF\xC0\x7F\xFF\x01\xFF\xFF\x00\x3F\xFC\x00\xFF\xFE\x00\x3F\xF8\x00\xFF\xFC\x00\x1F\xF0\x00\x7F\xFC\x00\x1F\xF0\x00\x7F\xFC\x00\x1F\xF0\x00\x7F\xFC\x00\x1F\xF0\x00\x7F\xFC\x00\x1F\xF0\x00\x7F\xFC\x00\x1F\xF0\x00\x7F\xFC\x00\x1F\xF0\x00\x7F\xFC\x00\x1F\xF0\x00\x7F\xFC\x00\x1F\xF0\x00\x7F\xFC\x00\x1F\xF0\x00\x7F\xFC\x00\x1F\xF0\x00\x7F\xFC\x00\x1F\xF0\x00\x7F\xFC\x00\x1F\xF0\x00\x7F\xFC\x00\x1F\xF0\x00\x7F\xFC\x00\x1F\xF0\x00\x7F\xFC\x00\x1F\xF0\x00\x7F\xFC\x00\x1F\xF0\x00\x7F\xFC\x00\x1F\xF0\x00\x7F\xFC\x00\x1F\xF0\x00\x7F\xFC\x00\x1F\xF0\x00\x7F\xFC\x00\x1F\xF0\x00\x7F\xFC\x00\x1F\xF0\x00\x7F\xFC\x00\x1F\xF0\x00\x7F\xFC\x00\x1F\xF0\x00\x7F\xFC\x00\x1F\xF0\x00\x7F\xFC\x00\x1F\xF0\x00\x7F\xFC\x00\x1F\xF0\x00\x7F\x00\x00\x00\x00\x00\x00\x00\x00\x00\x00\x00\x00\x00\x00\x00\x00\x00\x00\x00\x00\x00\x00\x00\x00\x00\x00\x00\x00\x00\x00",
    /* 0x6E */ "\x00\x00\x00\x00\x00\x00\x00\x00\x00\x00\x00\x00\x00\x00\x00\x00\x00\x00\x00\x00\x00\x00\x00\x00\x00\x00\x00\x00\x00\x00\x00\x00\x00\xFF\x00\x00\x00\xFE\x03\xFF\xC0\x00\x00\xFF\x0F\xFF\xE0\x00\x00\xFF\x1F\xFF\xF0\x00\x00\xFF\x7F\xFF\xF8\x00\x00\xFF\xFF\xFF\xF8\x00\x00\xFF\xFF\xFF\xFC\x00\x00\xFF\xFE\x3F\xFC\x00\x00\xFF\xF8\x0F\xFC\x00\x00\xFF\xE0\x07\xFE\x00\x00\xFF\xC0\x07\xFE\x00\x00\xFF\x80\x03\xFE\x00\x00\xFF\x80\x03\xFE\x00\x00\xFF\x80\x03\xFE\x00\x00\xFF\x80\x03\xFE\x00\x00\xFF\x80\x03\xFE\x00\x00\xFF\x80\x03\xFE\x00\x00\xFF\x80\x03\xFE\x00\x00\xFF\x80\x03\xFE\x00\x00\xFF\x80\x03\xFE\x00\x00\xFF\x80\x03\xFE\x00\x00\xFF\x80\x03\xFE\x00\x00\xFF\x80\x03\xFE\x00\x00\xFF\x80\x03\xFE\x00\x00\xFF\x80\x03\xFE\x00\x00\xFF\x80\x03\xFE\x00\x00\xFF\x80\x03\xFE\x00\x00\xFF\x80\x03\xFE\x00\x00\xFF\x80\x03\xFE\x00\x00\xFF\x80\x03\xFE\x00\x00\xFF\x80\x03\xFE\x00\x00\xFF\x80\x03\xFE\x00\x00\xFF\x80\x03\xFE\x00\x00\xFF\x80\x03\xFE\x00\x00\xFF\x80\x03\xFE\x00\x00\xFF\x80\x03\xFE\x00\x00\xFF\x80\x03\xFE\x00\x00\xFF\x80\x03\xFE\x00\x00\x00\x00\x00\x00\x00\x00\x00\x00\x00\x00\x00\x00\x00\x00\x00\x00\x00\x00\x00\x00\x00\x00\x00\x00\x00\x00\x00\x00\x00",
    /* 0x6F */ "\x00\x00\x00\x00\x00\x00\x00\x00\x00\x00\x00\x00\x00\x00\x00\x00\x00\x00\x00\x00\x00\x00\x00\x00\x00\x00\x1F\xF0\x00\x00\x00\x00\xFF\xFE\x00\x00\x00\x03\xFF\xFF\x00\x00\x00\x07\xFF\xFF\xC0\x00\x00\x0F\xFF\xFF\xE0\x00\x00\x1F\xFF\xFF\xF0\x00\x00\x3F\xFF\xFF\xF8\x00\x00\x7F\xFC\x7F\xFC\x00\x00\x7F\xE0\x0F\xFC\x00\x00\xFF\xC0\x07\xFE\x00\x00\xFF\x80\x03\xFE\x00\x01\xFF\x80\x03\xFF\x00\x01\xFF\x00\x01\xFF\x00\x01\xFF\x00\x01\xFF\x00\x03\xFE\x00\x01\xFF\x00\x03\xFE\x00\x00\xFF\x80\x03\xFE\x00\x00\xFF\x80\x03\xFE\x00\x00\xFF\x80\x03\xFE\x00\x00\xFF\x80\x03\xFE\x00\x00\xFF\x80\x03\xFE\x00\x00\xFF\x80\x03\xFE\x00\x00\xFF\x80\x03\xFE\x00\x00\xFF\x80\x03\xFE\x00\x00\xFF\x80\x03\xFE\x00\x01\xFF\x00\x01\xFF\x00\x01\xFF\x00\x01\xFF\x00\x01\xFF\x00\x01\xFF\x80\x03\xFF\x00\x00\xFF\x80\x03\xFE\x00\x00\xFF\xC0\x07\xFE\x00\x00\x7F\xE0\x0F\xFC\x00\x00\x7F\xFC\x7F\xFC\x00\x00\x3F\xFF\xFF\xF8\x00\x00\x1F\xFF\xFF\xF0\x00\x00\x0F\xFF\xFF\xE0\x00\x00\x07\xFF\xFF\xC0\x00\x00\x03\xFF\xFF\x00\x00\x00\x00\xFF\xFC\x00\x00\x00\x00\x1F\xF0\x00\x00\x00\x00\x00\x00\x00\x00\x00\x00\x00\x00\x00\x00\x00\x00\x00\x00\x00\x00\x00\x00\x00\x00\x00\x00\x00\x00\x00\x00\x00\x00",
    /* 0x70 */ "\x00\xFF\x3F\xFF\xF0\x00\x00\xFF\x7F\xFF\xF8\x00\x00\xFF\xFF\xFF\xFC\x00\x00\xFF\xFF\xFF\xFC\x00\x00\xFF\xFE\x3F\xFE\x00\x00\xFF\xF0\x07\xFE\x00\x00\xFF\xE0\x03\xFF\x00\x00\xFF\xC0\x03\xFF\x00\x00\xFF\x80\x01\xFF\x00\x00\xFF\x80\x01\xFF\x00\x00\xFF\x80\x01\xFF\x80\x00\xFF\x80\x00\xFF\x80\x00\xFF\x80\x00\xFF\x80\x00\xFF\x80\x00\xFF\x80\x00\xFF\x80\x00\xFF\x80\x00\xFF\x80\x00\xFF\x80\x00\xFF\x80\x00\xFF\x80\x00\xFF\x80\x00\xFF\x80\x00\xFF\x80\x00\xFF\x80\x00\xFF\x80\x00\xFF\x80\x00\xFF\x80\x00\xFF\x80\x00\xFF\x80\x00\xFF\x80\x00\xFF\x80\x01\xFF\x00\x00\xFF\x80\x01\xFF\x00\x00\xFF\x80\x03\xFF\x00\x00\xFF\x80\x03\xFE\x00\x00\xFF\xC0\x07\xFE\x00\x00\xFF\xE0\x0F\xFE\x00\x00\xFF\xF8\x3F\xFC\x00\x00\xFF\xFF\xFF\xF8\x00\x00\xFF\xFF\xFF\xF8\x00\x00\xFF\xFF\xFF\xF0\x00\x00\xFF\xFF\xFF\xE0\x00\x00\xFF\xBF\xFF\xC0\x00\x00\xFF\x8F\xFF\x00\x00\x00\xFF\x83\xFC\x00\x00\x00\xFF\x80\x00\x00\x00\x00\xFF\x80\x00\x00\x00\x00\xFF\x80\x00\x00\x00\x00\xFF\x80\x00\x00\x00\x00\xFF\x80\x00\x00\x00\x00\xFF\x80\x00\x00\x00\x00\xFF\x80\x00\x00\x00\x00\xFF\x80\x00\x00\x00\x00\xFF\x80\x00\x00\x00\x00\xFF\x80\x00\x00\x00\x00\xFF\x80\x00\x00\x00\x00\xFF\x80\x00\x00\x00",
    /* 0x71 */ "\x00\x0F\xFF\xFE\xFF\x00\x00\x1F\xFF\xFF\xFF\x00\x00\x1F\xFF\xFF\xFF\x00\x00\x3F\xFF\xFF\xFF\x00\x00\x7F\xFC\x7F\xFF\x00\x00\x7F\xF0\x0F\xFF\x00\x00\xFF\xC0\x03\xFF\x00\x00\xFF\x80\x01\xFF\x00\x01\xFF\x80\x01\xFF\x00\x01\xFF\x00\x01\xFF\x00\x01\xFF\x00\x01\xFF\x00\x03\xFF\x00\x01\xFF\x00\x03\xFE\x00\x01\xFF\x00\x03\xFE\x00\x01\xFF\x00\x03\xFE\x00\x01\xFF\x00\x03\xFE\x00\x01\xFF\x00\x03\xFE\x00\x01\xFF\x00\x03\xFE\x00\x01\xFF\x00\x03\xFE\x00\x01\xFF\x00\x03\xFE\x00\x01\xFF\x00\x03\xFE\x00\x01\xFF\x00\x03\xFE\x00\x01\xFF\x00\x03\xFF\x00\x01\xFF\x00\x01\xFF\x00\x01\xFF\x00\x01\xFF\x00\x01\xFF\x00\x01\xFF\x80\x03\xFF\x00\x00\xFF\xC0\x07\xFF\x00\x00\xFF\xE0\x0F\xFF\x00\x00\xFF\xF8\x3F\xFF\x00\x00\x7F\xFF\xFF\xFF\x00\x00\x3F\xFF\xFF\xFF\x00\x00\x3F\xFF\xFF\xFF\x00\x00\x1F\xFF\xFD\xFF\x00\x00\x0F\xFF\xF9\xFF\x00\x00\x03\xFF\xE1\xFF\x00\x00\x00\xFF\x81\xFF\x00\x00\x00\x00\x01\xFF\x00\x00\x00\x00\x01\xFF\x00\x00\x00\x00\x01\xFF\x00\x00\x00\x00\x01\xFF\x00\x00\x00\x00\x01\xFF\x00\x00\x00\x00\x01\xFF\x00\x00\x00\x00\x01\xFF\x00\x00\x00\x00\x01\xFF\x00\x00\x00\x00\x01\xFF\x00\x00\x00\x00\x01\xFF\x00\x00\x00\x00\x01\xFF\x00\x00\x00\x00\x01\xFF\x00",
    /* 0x72 */ "\x00\x00\x00\x00\x00\x00\x00\x00\x00\x00\x00\x00\x00\x00\x00\x00\x00\x00\x00\x00\x00\x00\x00\x00\x00\x00\x00\x00\x00\x00\x00\x00\x00\x03\xF8\x00\x00\x01\xFC\x0F\xFC\x00\x00\x01\xFC\x1F\xF8\x00\x00\x01\xFE\x3F\xF8\x00\x00\x01\xFE\x7F\xF8\x00\x00\x01\xFE\xFF\xF8\x00\x00\x01\xFF\xFF\xF8\x00\x00\x01\xFF\xFE\x10\x00\x00\x01\xFF\xF8\x00\x00\x00\x01\xFF\xE0\x00\x00\x00\x01\xFF\xC0\x00\x00\x00\x01\xFF\xC0\x00\x00\x00\x01\xFF\x80\x00\x00\x00\x01\xFF\x80\x00\x00\x00\x01\xFF\x00\x00\x00\x00\x01\xFF\x00\x00\x00\x00\x01\xFF\x00\x00\x00\x00\x01\xFF\x00\x00\x00\x00\x01\xFF\x00\x00\x00\x00\x01\xFF\x00\x00\x00\x00\x01\xFF\x00\x00\x00\x00\x01\xFF\x00\x00\x00\x00\x01\xFF\x00\x00\x00\x00\x01\xFF\x00\x00\x00\x00\x01\xFF\x00\x00\x00\x00\x01\xFF\x00\x00\x00\x00\x01\xFF\x00\x00\x00\x00\x01\xFF\x00\x00\x00\x00\x01\xFF\x00\x00\x00\x00\x01\xFF\x00\x00\x00\x00\x01\xFF\x00\x00\x00\x00\x01\xFF\x00\x00\x00\x00\x01\xFF\x00\x00\x00\x00\x01\xFF\x00\x00\x00\x00\x01\xFF\x00\x00\x00\x00\x01\xFF\x00\x00\x00\x00\x01\xFF\x00\x00\x00\x00\x01\xFF\x00\x00\x00\x00\x00\x00\x00\x00\x00\x00\x00\x00\x00\x00\x00\x00\x00\x00\x00\x00\x00\x00\x00\x00\x00\x00\x00\x00\x00\x00\x00\x00\x00",
    /* 0x73 */ "\x00\x00\x00\x00\x00\x00\x00\x00\x00\x00\x00\x00\x00\x00\x00\x00\x00\x00\x00\x00\x00\x00\x00\x00\x00\x00\x00\x00\x00\x00\x00\x00\x0F\xFC\x00\x00\x00\x00\x3F\xFF\x80\x00\x00\x00\xFF\xFF\xE0\x00\x00\x01\xFF\xFF\xF0\x00\x00\x03\xFF\xFF\xF8\x00\x00\x07\xFF\xFF\xF8\x00\x00\x07\xFF\xFF\xF0\x00\x00\x0F\xFE\x0F\xF0\x00\x00\x0F\xF8\x01\xE0\x00\x00\x0F\xF0\x00\x40\x00\x00\x0F\xF0\x00\x00\x00\x00\x0F\xF0\x00\x00\x00\x00\x0F\xF0\x00\x00\x00\x00\x0F\xF8\x00\x00\x00\x00\x07\xFE\x00\x00\x00\x00\x07\xFF\x80\x00\x00\x00\x03\xFF\xF0\x00\x00\x00\x01\xFF\xFC\x00\x00\x00\x00\xFF\xFF\x00\x00\x00\x00\x3F\xFF\xC0\x00\x00\x00\x0F\xFF\xE0\x00\x00\x00\x03\xFF\xF0\x00\x00\x00\x00\xFF\xF8\x00\x00\x00\x00\x1F\xF8\x00\x00\x00\x00\x0F\xFC\x00\x00\x00\x00\x07\xFC\x00\x00\x00\x00\x03\xFC\x00\x00\x00\x00\x03\xFC\x00\x00\x06\x00\x03\xFC\x00\x00\x07\x80\x07\xFC\x00\x00\x0F\xE0\x0F\xFC\x00\x00\x1F\xFC\x3F\xF8\x00\x00\x3F\xFF\xFF\xF8\x00\x00\x3F\xFF\xFF\xF0\x00\x00\x1F\xFF\xFF\xF0\x00\x00\x07\xFF\xFF\xE0\x00\x00\x01\xFF\xFF\x80\x00\x00\x00\xFF\xFF\x00\x00\x00\x00\x1F\xF8\x00\x00\x00\x00\x00\x00\x00\x00\x00\x00\x00\x00\x00\x00\x00\x00\x00\x00\x00\x00\x00\x00\x00\x00\x00\x00",
    /* 0x74 */ "\x00\x00\x1F\xC0\x00\x00\x00\x00\x3F\xC0\x00\x00\x00\x00\x3F\xC0\x00\x00\x00\x00\x3F\xC0\x00\x00\x00\x00\x3F\xC0\x00\x00\x00\x00\x3F\xC0\x00\x00\x00\x00\x3F\xC0\x00\x00\x00\x00\x3F\xC0\x00\x00\x00\x00\x3F\xC0\x00\x00\x00\x00\x3F\xC0\x00\x00\x00\x0F\xFF\xFF\xE0\x00\x00\x0F\xFF\xFF\xE0\x00\x00\x0F\xFF\xFF\xE0\x00\x00\x0F\xFF\xFF\xE0\x00\x00\x0F\xFF\xFF\xE0\x00\x00\x0F\xFF\xFF\xE0\x00\x00\x0F\xFF\xFF\xE0\x00\x00\x00\x7F\xC0\x00\x00\x00\x00\x7F\xC0\x00\x00\x00\x00\x7F\xC0\x00\x00\x00\x00\x7F\xC0\x00\x00\x00\x00\x7F\xC0\x00\x00\x00\x00\x7F\xC0\x00\x00\x00\x00\x7F\xC0\x00\x00\x00\x00\x7F\xC0\x00\x00\x00\x00\x7F\xC0\x00\x00\x00\x00\x7F\xC0\x00\x00\x00\x00\x7F\xC0\x00\x00\x00\x00\x7F\xC0\x00\x00\x00\x00\x7F\xC0\x00\x00\x00\x00\x7F\xC0\x00\x00\x00\x00\x7F\xC0\x00\x00\x00\x00\x7F\xC0\x00\x00\x00\x00\x7F\xC0\x00\x00\x00\x00\x7F\xC0\x00\x00\x00\x00\x7F\xC0\x00\x00\x00\x00\x7F\xC0\x00\x00\x00\x00\x7F\xC0\x00\x00\x00\x00\x7F\xE0\x00\x00\x00\x00\x3F\xF0\x00\x00\x00\x00\x3F\xF8\x60\x00\x00\x00\x3F\xFF\xE0\x00\x00\x00\x1F\xFF\xE0\x00\x00\x00\x1F\xFF\xF0\x00\x00\x00\x0F\xFF\xF0\x00\x00\x00\x07\xFF\xF0\x00\x00\x00\x03\xFF\xF0\x00\x00\x00\x00\xFF\x80\x00",
    /* 0x75 */ "\x00\x00\x00\x00\x00\x00\x00\x00\x00\x00\x00\x00\x00\x00\x00\x00\x00\x00\x00\x00\x00\x00\x00\x00\x00\x00\x00\x00\x00\x00\x00\xFF\x80\x03\xFE\x00\x00\xFF\x80\x03\xFE\x00\x00\xFF\x80\x03\xFE\x00\x00\xFF\x80\x03\xFE\x00\x00\xFF\x80\x03\xFE\x00\x00\xFF\x80\x03\xFE\x00\x00\xFF\x80\x03\xFE\x00\x00\xFF\x80\x03\xFE\x00\x00\xFF\x80\x03\xFE\x00\x00\xFF\x80\x03\xFE\x00\x00\xFF\x80\x03\xFE\x00\x00\xFF\x80\x03\xFE\x00\x00\xFF\x80\x03\xFE\x00\x00\xFF\x80\x03\xFE\x00\x00\xFF\x80\x03\xFE\x00\x00\xFF\x80\x03\xFE\x00\x00\xFF\x80\x03\xFE\x00\x00\xFF\x80\x03\xFE\x00\x00\xFF\x80\x03\xFE\x00\x00\xFF\x80\x03\xFE\x00\x00\xFF\x80\x03\xFE\x00\x00\xFF\x80\x03\xFE\x00\x00\xFF\x80\x03\xFE\x00\x00\xFF\x80\x03\xFE\x00\x00\xFF\x80\x03\xFE\x00\x00\xFF\x80\x03\xFE\x00\x00\xFF\x80\x07\xFE\x00\x00\xFF\xC0\x07\xFE\x00\x00\xFF\xC0\x0F\xFE\x00\x00\x7F\xE0\x3F\xFE\x00\x00\x7F\xF8\xFF\xFE\x00\x00\x7F\xFF\xFF\xFE\x00\x00\x3F\xFF\xFD\xFE\x00\x00\x3F\xFF\xF9\xFE\x00\x00\x1F\xFF\xF1\xFE\x00\x00\x0F\xFF\xE1\xFE\x00\x00\x07\xFF\x80\xFE\x00\x00\x01\xFE\x00\x00\x00\x00\x00\x00\x00\x00\x00\x00\x00\x00\x00\x00\x00\x00\x00\x00\x00\x00\x00\x00\x00\x00\x00\x00\x00\x00\x00\x00\x00\x00\x00",
    /* 0x76 */ "\x00\x00\x00\x00\x00\x00\x00\x00\x00\x00\x00\x00\x00\x00\x00\x00\x00\x00\x00\x00\x00\x00\x00\x00\x00\x00\x00\x00\x00\x00\x03\xFE\x00\x00\xFF\x80\x03\xFE\x00\x00\xFF\x80\x01\xFF\x00\x00\xFF\x00\x01\xFF\x00\x00\xFF\x00\x01\xFF\x00\x01\xFF\x00\x00\xFF\x00\x01\xFE\x00\x00\xFF\x80\x01\xFE\x00\x00\xFF\x80\x03\xFE\x00\x00\x7F\x80\x03\xFC\x00\x00\x7F\xC0\x03\xFC\x00\x00\x7F\xC0\x07\xFC\x00\x00\x3F\xC0\x07\xF8\x00\x00\x3F\xE0\x07\xF8\x00\x00\x3F\xE0\x07\xF8\x00\x00\x1F\xE0\x0F\xF0\x00\x00\x1F\xE0\x0F\xF0\x00\x00\x1F\xF0\x0F\xF0\x00\x00\x0F\xF0\x1F\xE0\x00\x00\x0F\xF0\x1F\xE0\x00\x00\x07\xF8\x1F\xE0\x00\x00\x07\xF8\x3F\xC0\x00\x00\x07\xF8\x3F\xC0\x00\x00\x03\xF8\x3F\xC0\x00\x00\x03\xFC\x3F\x80\x00\x00\x03\xFC\x7F\x80\x00\x00\x01\xFC\x7F\x80\x00\x00\x01\xFE\x7F\x00\x00\x00\x01\xFE\x7F\x00\x00\x00\x00\xFE\xFF\x00\x00\x00\x00\xFE\xFE\x00\x00\x00\x00\xFF\xFE\x00\x00\x00\x00\x7F\xFE\x00\x00\x00\x00\x7F\xFC\x00\x00\x00\x00\x7F\xFC\x00\x00\x00\x00\x3F\xFC\x00\x00\x00\x00\x3F\xF8\x00\x00\x00\x00\x3F\xF8\x00\x00\x00\x00\x00\x00\x00\x00\x00\x00\x00\x00\x00\x00\x00\x00\x00\x00\x00\x00\x00\x00\x00\x00\x00\x00\x00\x00\x00\x00\x00\x00\x00\x00\x00\x00\x00\x00",
    /* 0x77 */ "\x00\x00\x00\x00\x00\x00\x00\x00\x00\x00\x00\x00\x00\x00\x00\x00\x00\x00\x00\x00\x00\x00\x00\x00\x00\x00\x00\x00\x00\x00\xFE\x00\x0F\xF0\x00\x3F\xFE\x00\x0F\xF0\x00\x7F\xFE\x00\x0F\xF8\x00\x7F\xFE\x00\x1F\xF8\x00\x7F\xFF\x00\x1F\xF8\x00\x7F\xFF\x00\x1F\xF8\x00\x7F\xFF\x00\x1F\xFC\x00\xFF\xFF\x00\x3F\xFC\x00\xFF\xFF\x00\x3F\xFC\x00\xFF\xFF\x80\x3F\xFE\x00\xFF\xFF\x80\x3E\xFE\x01\xFE\x7F\x80\x7E\xFE\x01\xFE\x7F\x80\x7E\x7E\x01\xFE\x7F\xC0\x7E\x7F\x01\xFE\x3F\xC0\xFE\x7F\x01\xFC\x3F\xC0\xFE\x7F\x03\xFC\x3F\xC0\xFC\x7F\x03\xFC\x3F\xE0\xFC\x3F\x83\xFC\x1F\xE1\xFC\x3F\x83\xF8\x1F\xE1\xFC\x3F\x87\xF8\x1F\xE1\xF8\x3F\x87\xF8\x1F\xE1\xF8\x1F\xC7\xF8\x0F\xF1\xF8\x1F\xC7\xF0\x0F\xF3\xF8\x1F\xC7\xF0\x0F\xF3\xF0\x1F\xC7\xF0\x0F\xF3\xF0\x0F\xCF\xF0\x07\xF3\xF0\x0F\xEF\xE0\x07\xF3\xF0\x0F\xEF\xE0\x07\xFF\xF0\x0F\xEF\xE0\x07\xFF\xE0\x07\xFF\xE0\x03\xFF\xE0\x07\xFF\xC0\x03\xFF\xE0\x07\xFF\xC0\x03\xFF\xE0\x07\xFF\xC0\x03\xFF\xC0\x03\xFF\xC0\x01\xFF\xC0\x03\xFF\x80\x01\xFF\xC0\x03\xFF\x80\x01\xFF\xC0\x03\xFF\x80\x00\x00\x00\x00\x00\x00\x00\x00\x00\x00\x00\x00\x00\x00\x00\x00\x00\x00\x00\x00\x00\x00\x00\x00\x00\x00\x00\x00\x00\x00\x00\x00\x00\x00\x00\x00",
    /* 0x78 */ "\x00\x00\x00\x00\x00\x00\x00\x00\x00\x00\x00\x00\x00\x00\x00\x00\x00\x00\x00\x00\x00\x00\x00\x00\x00\x00\x00\x00\x00\x00\x00\xFF\xC0\x01\xFF\x00\x00\x7F\xC0\x03\xFE\x00\x00\x7F\xE0\x03\xFE\x00\x00\x3F\xE0\x07\xFC\x00\x00\x1F\xF0\x07\xFC\x00\x00\x1F\xF0\x0F\xF8\x00\x00\x0F\xF8\x0F\xF0\x00\x00\x0F\xFC\x1F\xF0\x00\x00\x07\xFC\x1F\xE0\x00\x00\x03\xFE\x3F\xE0\x00\x00\x03\xFE\x3F\xC0\x00\x00\x01\xFF\x3F\x80\x00\x00\x01\xFF\x7F\x80\x00\x00\x00\xFF\xFF\x00\x00\x00\x00\x7F\xFF\x00\x00\x00\x00\x7F\xFE\x00\x00\x00\x00\x3F\xFE\x00\x00\x00\x00\x3F\xFC\x00\x00\x00\x00\x3F\xF8\x00\x00\x00\x00\x3F\xFC\x00\x00\x00\x00\x7F\xFC\x00\x00\x00\x00\xFF\xFE\x00\x00\x00\x00\xFF\xFF\x00\x00\x00\x01\xFF\xFF\x00\x00\x00\x01\xFE\xFF\x80\x00\x00\x03\xFC\x7F\xC0\x00\x00\x07\xFC\x7F\xC0\x00\x00\x07\xF8\x3F\xE0\x00\x00\x0F\xF8\x3F\xF0\x00\x00\x0F\xF0\x1F\xF0\x00\x00\x1F\xE0\x0F\xF8\x00\x00\x3F\xE0\x0F\xF8\x00\x00\x3F\xC0\x07\xFC\x00\x00\x7F\xC0\x07\xFE\x00\x00\xFF\x80\x03\xFE\x00\x00\xFF\x80\x01\xFF\x00\x01\xFF\x00\x01\xFF\x80\x00\x00\x00\x00\x00\x00\x00\x00\x00\x00\x00\x00\x00\x00\x00\x00\x00\x00\x00\x00\x00\x00\x00\x00\x00\x00\x00\x00\x00\x00\x00\x00\x00\x00\x00\x00",
    /* 0x79 */ "\x01\xFF\x00\x00\xFF\x00\x01\xFF\x00\x00\xFF\x00\x00\xFF\x00\x01\xFF\x00\x00\xFF\x80\x01\xFE\x00\x00\xFF\x80\x01\xFE\x00\x00\x7F\x80\x03\xFE\x00\x00\x7F\xC0\x03\xFC\x00\x00\x3F\xC0\x03\xFC\x00\x00\x3F\xC0\x07\xFC\x00\x00\x3F\xE0\x07\xF8\x00\x00\x1F\xE0\x07\xF8\x00\x00\x1F\xE0\x07\xF0\x00\x00\x0F\xF0\x0F\xF0\x00\x00\x0F\xF0\x0F\xF0\x00\x00\x0F\xF8\x0F\xE0\x00\x00\x07\xF8\x1F\xE0\x00\x00\x07\xF8\x1F\xE0\x00\x00\x03\xFC\x1F\xC0\x00\x00\x03\xFC\x3F\xC0\x00\x00\x03\xFC\x3F\xC0\x00\x00\x01\xFC\x3F\x80\x00\x00\x01\xFE\x3F\x80\x00\x00\x00\xFE\x7F\x80\x00\x00\x00\xFE\x7F\x00\x00\x00\x00\xFF\x7F\x00\x00\x00\x00\x7F\x7F\x00\x00\x00\x00\x7F\xFE\x00\x00\x00\x00\x3F\xFE\x00\x00\x00\x00\x3F\xFE\x00\x00\x00\x00\x3F\xFC\x00\x00\x00\x00\x1F\xFC\x00\x00\x00\x00\x1F\xFC\x00\x00\x00\x00\x0F\xF8\x00\x00\x00\x00\x0F\xF8\x00\x00\x00\x00\x0F\xF8\x00\x00\x00\x00\x0F\xF0\x00\x00\x00\x00\x0F\xF0\x00\x00\x00\x00\x1F\xF0\x00\x00\x00\x00\x1F\xE0\x00\x00\x00\x00\x3F\xE0\x00\x00\x00\x00\x7F\xC0\x00\x00\x00\x00\xFF\xC0\x00\x00\x00\x23\xFF\x80\x00\x00\x00\x7F\xFF\x80\x00\x00\x00\x7F\xFF\x00\x00\x00\x00\x7F\xFE\x00\x00\x00\x00\x7F\xFC\x00\x00\x00\x00\xFF\xF8\x00\x00\x00",
    /* 0x7A */ "\x00\x00\x00\x00\x00\x00\x00\x00\x00\x00\x00\x00\x00\x00\x00\x00\x00\x00\x00\x00\x00\x00\x00\x00\x00\x00\x00\x00\x00\x00\x00\x00\x00\x00\x00\x00\x00\x0F\xFF\xFF\xFC\x00\x00\x0F\xFF\xFF\xFC\x00\x00\x0F\xFF\xFF\xFC\x00\x00\x0F\xFF\xFF\xFC\x00\x00\x0F\xFF\xFF\xFC\x00\x00\x0F\xFF\xFF\xF8\x00\x00\x0F\xFF\xFF\xF8\x00\x00\x00\x00\x1F\xF0\x00\x00\x00\x00\x3F\xE0\x00\x00\x00\x00\x7F\xE0\x00\x00\x00\x00\x7F\xC0\x00\x00\x00\x00\xFF\x80\x00\x00\x00\x01\xFF\x80\x00\x00\x00\x01\xFF\x00\x00\x00\x00\x03\xFE\x00\x00\x00\x00\x07\xFE\x00\x00\x00\x00\x07\xFC\x00\x00\x00\x00\x0F\xF8\x00\x00\x00\x00\x1F\xF8\x00\x00\x00\x00\x1F\xF0\x00\x00\x00\x00\x3F\xE0\x00\x00\x00\x00\x7F\xE0\x00\x00\x00\x00\x7F\xC0\x00\x00\x00\x00\xFF\x80\x00\x00\x00\x01\xFF\x80\x00\x00\x00\x03\xFF\x00\x00\x00\x00\x03\xFE\x00\x00\x00\x00\x07\xFC\x00\x00\x00\x00\x0F\xFC\x00\x00\x00\x00\x0F\xF8\x00\x00\x00\x00\x1F\xFF\xFF\xFE\x00\x00\x3F\xFF\xFF\xFE\x00\x00\x3F\xFF\xFF\xFE\x00\x00\x3F\xFF\xFF\xFE\x00\x00\x3F\xFF\xFF\xFE\x00\x00\x3F\xFF\xFF\xFE\x00\x00\x3F\xFF\xFF\xFE\x00\x00\x00\x00\x00\x00\x00\x00\x00\x00\x00\x00\x00\x00\x00\x00\x00\x00\x00\x00\x00\x00\x00\x00\x00\x00\x00\x00\x00\x00\x00",
    /* 0x7B */ "\x00\x00\x0F\xE0\x00\x00\x00\x00\x0F\xE0\x00\x00\x00\x00\x0F\xE0\x00\x00\x00\x00\x0F\xE0\x00\x00\x00\x00\x0F\xE0\x00\x00\x00\x00\x0F\xE0\x00\x00\x00\x00\x0F\xE0\x00\x00\x00\x00\x0F\xE0\x00\x00\x00\x00\x0F\xE0\x00\x00\x00\x00\x0F\xE0\x00\x00\x00\x00\x0F\xE0\x00\x00\x00\x00\x0F\xE0\x00\x00\x00\x00\x07\xE0\x00\x00\x00\x00\x07\xE0\x00\x00\x00\x00\x07\xE0\x00\x00\x00\x00\x07\xE0\x00\x00\x00\x00\x0F\xE0\x00\x00\x00\x00\x0F\xE0\x00\x00\x00\x00\x0F\xE0\x00\x00\x00\x00\x1F\xC0\x00\x00\x00\x00\x7F\xC0\x00\x00\x00\x03\xFF\x80\x00\x00\x00\x03\xFF\x00\x00\x00\x00\x03\xFE\x00\x00\x00\x00\x03\xFF\x00\x00\x00\x00\x03\xFF\x80\x00\x00\x00\x00\x7F\xC0\x00\x00\x00\x00\x1F\xC0\x00\x00\x00\x00\x0F\xE0\x00\x00\x00\x00\x0F\xE0\x00\x00\x00\x00\x0F\xE0\x00\x00\x00\x00\x07\xE0\x00\x00\x00\x00\x07\xE0\x00\x00\x00\x00\x07\xE0\x00\x00\x00\x00\x07\xE0\x00\x00\x00\x00\x0F\xE0\x00\x00\x00\x00\x0F\xE0\x00\x00\x00\x00\x0F\xE0\x00\x00\x00\x00\x0F\xE0\x00\x00\x00\x00\x0F\xE0\x00\x00\x00\x00\x0F\xE0\x00\x00\x00\x00\x0F\xE0\x00\x00\x00\x00\x0F\xE0\x00\x00\x00\x00\x0F\xE0\x00\x00\x00\x00\x0F\xE0\x00\x00\x00\x00\x0F\xE0\x00\x00\x00\x00\x0F\xE0\x00\x00\x00\x00\x0F\xE0\x00\x00",
    /* 0x7C */ "\x00\x00\x07\xE0\x00\x00\x00\x00\x07\xE0\x00\x00\x00\x00\x07\xE0\x00\x00\x00\x00\x07\xE0\x00\x00\x00\x00\x07\xE0\x00\x00\x00\x00\x07\xE0\x00\x00\x00\x00\x07\xE0\x00\x00\x00\x00\x07\xE0\x00\x00\x00\x00\x07\xE0\x00\x00\x00\x00\x07\xE0\x00\x00\x00\x00\x07\xE0\x00\x00\x00\x00\x07\xE0\x00\x00\x00\x00\x07\xE0\x00\x00\x00\x00\x07\xE0\x00\x00\x00\x00\x07\xE0\x00\x00\x00\x00\x07\xE0\x00\x00\x00\x00\x07\xE0\x00\x00\x00\x00\x07\xE0\x00\x00\x00\x00\x07\xE0\x00\x00\x00\x00\x07\xE0\x00\x00\x00\x00\x07\xE0\x00\x00\x00\x00\x07\xE0\x00\x00\x00\x00\x07\xE0\x00\x00\x00\x00\x07\xE0\x00\x00\x00\x00\x07\xE0\x00\x00\x00\x00\x07\xE0\x00\x00\x00\x00\x07\xE0\x00\x00\x00\x00\x07\xE0\x00\x00\x00\x00\x07\xE0\x00\x00\x00\x00\x07\xE0\x00\x00\x00\x00\x07\xE0\x00\x00\x00\x00\x07\xE0\x00\x00\x00\x00\x07\xE0\x00\x00\x00\x00\x07\xE0\x00\x00\x00\x00\x07\xE0\x00\x00\x00\x00\x07\xE0\x00\x00\x00\x00\x07\xE0\x00\x00\x00\x00\x07\xE0\x00\x00\x00\x00\x07\xE0\x00\x00\x00\x00\x07\xE0\x00\x00\x00\x00\x07\xE0\x00\x00\x00\x00\x07\xE0\x00\x00\x00\x00\x07\xE0\x00\x00\x00\x00\x07\xE0\x00\x00\x00\x00\x07\xE0\x00\x00\x00\x00\x07\xE0\x00\x00\x00\x00\x07\xE0\x00\x00\x00\x00\x07\xE0\x00\x00",
    /* 0x7D */ "\x00\x00\x07\xF0\x00\x00\x00\x00\x07\xF0\x00\x00\x00\x00\x07\xF0\x00\x00\x00\x00\x07\xF0\x00\x00\x00\x00\x07\xF0\x00\x00\x00\x00\x07\xF0\x00\x00\x00\x00\x07\xF0\x00\x00\x00\x00\x07\xF0\x00\x00\x00\x00\x07\xF0\x00\x00\x00\x00\x07\xF0\x00\x00\x00\x00\x07\xF0\x00\x00\x00\x00\x07\xE0\x00\x00\x00\x00\x07\xE0\x00\x00\x00\x00\x07\xE0\x00\x00\x00\x00\x07\xE0\x00\x00\x00\x00\x07\xE0\x00\x00\x00\x00\x07\xE0\x00\x00\x00\x00\x07\xF0\x00\x00\x00\x00\x07\xF0\x00\x00\x00\x00\x03\xF8\x00\x00\x00\x00\x03\xFE\x00\x00\x00\x00\x01\xFF\xC0\x00\x00\x00\x00\xFF\xC0\x00\x00\x00\x00\x7F\xC0\x00\x00\x00\x00\xFF\xC0\x00\x00\x00\x01\xFF\xC0\x00\x00\x00\x03\xFE\x00\x00\x00\x00\x03\xF8\x00\x00\x00\x00\x07\xF0\x00\x00\x00\x00\x07\xF0\x00\x00\x00\x00\x07\xE0\x00\x00\x00\x00\x07\xE0\x00\x00\x00\x00\x07\xE0\x00\x00\x00\x00\x07\xE0\x00\x00\x00\x00\x07\xE0\x00\x00\x00\x00\x07\xE0\x00\x00\x00\x00\x07\xF0\x00\x00\x00\x00\x07\xF0\x00\x00\x00\x00\x07\xF0\x00\x00\x00\x00\x07\xF0\x00\x00\x00\x00\x07\xF0\x00\x00\x00\x00\x07\xF0\x00\x00\x00\x00\x07\xF0\x00\x00\x00\x00\x07\xF0\x00\x00\x00\x00\x07\xF0\x00\x00\x00\x00\x07\xF0\x00\x00\x00\x00\x07\xF0\x00\x00\x00\x00\x07\xF0\x00\x00",
    /* 0x7E */ "\x00\x00\x00\x00\x00\x00\x00\x00\x00\x00\x00\x00\x00\x00\x00\x00\x00\x00\x00\x00\x00\x00\x00\x00\x00\x00\x00\x00\x00\x00\x00\x00\x00\x00\x00\x00\x00\x00\x00\x00\x00\x00\x00\x00\x00\x00\x00\x00\x00\x01\xF8\x00\x00\x00\x00\x07\xFE\x00\x00\x00\x00\x1F\xFF\x00\x0C\x00\x00\x3F\xFF\xC0\x1E\x00\x00\x7F\xFF\xE0\x3F\x00\x00\xFF\xFF\xF8\x7F\x80\x00\xFF\x0F\xFF\xFF\x00\x00\xFC\x07\xFF\xFE\x00\x00\x78\x01\xFF\xFC\x00\x00\x18\x00\xFF\xF8\x00\x00\x00\x00\x7F\xF0\x00\x00\x00\x00\x0F\xC0\x00\x00\x00\x00\x00\x00\x00\x00\x00\x00\x00\x00\x00\x00\x00\x00\x00\x00\x00\x00\x00\x00\x00\x00\x00\x00\x00\x00\x00\x00\x00\x00\x00\x00\x00\x00\x00\x00\x00\x00\x00\x00\x00\x00\x00\x00\x00\x00\x00\x00\x00\x00\x00\x00\x00\x00\x00\x00\x00\x00\x00\x00\x00\x00\x00\x00\x00\x00\x00\x00\x00\x00\x00\x00\x00\x00\x00\x00\x00\x00\x00\x00\x00\x00\x00\x00\x00\x00\x00\x00\x00\x00\x00\x00\x00\x00\x00\x00\x00\x00\x00\x00\x00\x00\x00\x00\x00\x00\x00\x00\x00\x00\x00\x00\x00\x00\x00\x00\x00\x00\x00\x00\x00\x00\x00\x00\x00\x00\x00\x00\x00\x00\x00\x00\x00\x00\x00\x00\x00\x00\x00\x00\x00\x00\x00\x00\x00\x00\x00\x00\x00\x00\x00\x00\x00\x00\x00\x00\x00\x00\x00\x00\x00\x00\x00\x00\x00\x00\x00",
};

/* ---- 64×64（渲染字号 88px）---- */
static const char GK_ASCII_T64[GK_ASCII_COUNT][512] = {
    /* 0x20 */ "\x00\x00\x00\x00\x00\x00\x00\x00\x00\x00\x00\x00\x00\x00\x00\x00\x00\x00\x00\x00\x00\x00\x00\x00\x00\x00\x00\x00\x00\x00\x00\x00\x00\x00\x00\x00\x00\x00\x00\x00\x00\x00\x00\x00\x00\x00\x00\x00\x00\x00\x00\x00\x00\x00\x00\x00\x00\x00\x00\x00\x00\x00\x00\x00\x00\x00\x00\x00\x00\x00\x00\x00\x00\x00\x00\x00\x00\x00\x00\x00\x00\x00\x00\x00\x00\x00\x00\x00\x00\x00\x00\x00\x00\x00\x00\x00\x00\x00\x00\x00\x00\x00\x00\x00\x00\x00\x00\x00\x00\x00\x00\x00\x00\x00\x00\x00\x00\x00\x00\x00\x00\x00\x00\x00\x00\x00\x00\x00\x00\x00\x00\x00\x00\x00\x00\x00\x00\x00\x00\x00\x00\x00\x00\x00\x00\x00\x00\x00\x00\x00\x00\x00\x00\x00\x00\x00\x00\x00\x00\x00\x00\x00\x00\x00\x00\x00\x00\x00\x00\x00\x00\x00\x00\x00\x00\x00\x00\x00\x00\x00\x00\x00\x00\x00\x00\x00\x00\x00\x00\x00\x00\x00\x00\x00\x00\x00\x00\x00\x00\x00\x00\x00\x00\x00\x00\x00\x00\x00\x00\x00\x00\x00\x00\x00\x00\x00\x00\x00\x00\x00\x00\x00\x00\x00\x00\x00\x00\x00\x00\x00\x00\x00\x00\x00\x00\x00\x00\x00\x00\x00\x00\x00\x00\x00\x00\x00\x00\x00\x00\x00\x00\x00\x00\x00\x00\x00\x00\x00\x00\x00\x00\x00\x00\x00\x00\x00\x00\x00\x00\x00\x00\x00\x00\x00\x00\x00\x00\x00\x00\x00\x00\x00\x00\x00\x00\x00\x00\x00\x00\x00\x00\x00\x00\x00\x00\x00\x00\x00\x00\x00\x00\x00\x00\x00\x00\x00\x00\x00\x00\x00\x00\x00\x00\x00\x00\x00\x00\x00\x00\x00\x00\x00\x00\x00\x00\x00\x00\x00\x00\x00\x00\x00\x00\x00\x00\x00\x00\x00\x00\x00\x00\x00\x00\x00\x00\x00\x00\x00\x00\x00\x00\x00\x00\x00\x00\x00\x00\x00\x00\x00\x00\x00\x00\x00\x00\x00\x00\x00\x00\x00\x00\x00\x00\x00\x00\x00\x00\x00\x00\x00\x00\x00\x00\x00\x00\x00\x00\x00\x00\x00\x00\x00\x00\x00\x00\x00\x00\x00\x00\x00\x00\x00\x00\x00\x00\x00\x00\x00\x00\x00\x00\x00\x00\x00\x00\x00\x00\x00\x00\x00\x00\x00\x00\x00\x00\x00\x00\x00\x00\x00\x00\x00\x00\x00\x00\x00\x00\x00\x00\x00\x00\x00\x00\x00\x00\x00\x00\x00\x00\x00\x00\x00\x00\x00\x00\x00\x00\x00\x00\x00\x00\x00\x00\x00\x00\x00\x00\x00\x00\x00\x00\x00\x00\x00\x00\x00\x00\x00\x00\x00\x00\x00\x00\x00\x00\x00\x00\x00\x00\x00\x00\x00\x00\x00\x00\x00\x00\x00\x00\x00\x00\x00\x00\x00\x00\x00\x00\x00\x00\x00\x00\x00",
    /* 0x21 */ "\x00\x00\x00\x3F\xF8\x00\x00\x00\x00\x00\x00\x3F\xF8\x00\x00\x00\x00\x00\x00\x3F\xF8\x00\x00\x00\x00\x00\x00\x3F\xF8\x00\x00\x00\x00\x00\x00\x3F\xF8\x00\x00\x00\x00\x00\x00\x3F\xF8\x00\x00\x00\x00\x00\x00\x3F\xF8\x00\x00\x00\x00\x00\x00\x3F\xF8\x00\x00\x00\x00\x00\x00\x3F\xF8\x00\x00\x00\x00\x00\x00\x3F\xF8\x00\x00\x00\x00\x00\x00\x3F\xF8\x00\x00\x00\x00\x00\x00\x3F\xF8\x00\x00\x00\x00\x00\x00\x3F\xF8\x00\x00\x00\x00\x00\x00\x3F\xF8\x00\x00\x00\x00\x00\x00\x3F\xF8\x00\x00\x00\x00\x00\x00\x3F\xF8\x00\x00\x00\x00\x00\x00\x3F\xF8\x00\x00\x00\x00\x00\x00\x3F\xF8\x00\x00\x00\x00\x00\x00\x3F\xF8\x00\x00\x00\x00\x00\x00\x3F\xF8\x00\x00\x00\x00\x00\x00\x3F\xF8\x00\x00\x00\x00\x00\x00\x3F\xF8\x00\x00\x00\x00\x00\x00\x1F\xF0\x00\x00\x00\x00\x00\x00\x1F\xF0\x00\x00\x00\x00\x00\x00\x1F\xF0\x00\x00\x00\x00\x00\x00\x1F\xF0\x00\x00\x00\x00\x00\x00\x1F\xF0\x00\x00\x00\x00\x00\x00\x1F\xF0\x00\x00\x00\x00\x00\x00\x1F\xF0\x00\x00\x00\x00\x00\x00\x1F\xF0\x00\x00\x00\x00\x00\x00\x1F\xF0\x00\x00\x00\x00\x00\x00\x1F\xF0\x00\x00\x00\x00\x00\x00\x1F\xF0\x00\x00\x00\x00\x00\x00\x1F\xF0\x00\x00\x00\x00\x00\x00\x1F\xF0\x00\x00\x00\x00\x00\x00\x1F\xF0\x00\x00\x00\x00\x00\x00\x1F\xF0\x00\x00\x00\x00\x00\x00\x1F\xF0\x00\x00\x00\x00\x00\x00\x1F\xF0\x00\x00\x00\x00\x00\x00\x1F\xF0\x00\x00\x00\x00\x00\x00\x1F\xF0\x00\x00\x00\x00\x00\x00\x0F\xF0\x00\x00\x00\x00\x00\x00\x0F\xF0\x00\x00\x00\x00\x00\x00\x00\x00\x00\x00\x00\x00\x00\x00\x00\x00\x00\x00\x00\x00\x00\x00\x00\x00\x00\x00\x00\x00\x00\x00\x00\x00\x00\x00\x00\x00\x00\x00\x00\x00\x00\x00\x00\x00\x00\x00\x00\x00\x00\x00\x00\x00\x00\x00\x00\x00\x00\x00\x00\x00\x00\x00\x07\xC0\x00\x00\x00\x00\x00\x00\x1F\xF0\x00\x00\x00\x00\x00\x00\x3F\xF8\x00\x00\x00\x00\x00\x00\x7F\xFC\x00\x00\x00\x00\x00\x00\x7F\xFC\x00\x00\x00\x00\x00\x00\xFF\xFE\x00\x00\x00\x00\x00\x00\xFF\xFE\x00\x00\x00\x00\x00\x00\xFF\xFE\x00\x00\x00\x00\x00\x00\xFF\xFE\x00\x00\x00\x00\x00\x00\xFF\xFE\x00\x00\x00\x00\x00\x00\xFF\xFE\x00\x00\x00\x00\x00\x00\x7F\xFC\x00\x00\x00\x00\x00\x00\x7F\xFC\x00\x00\x00\x00\x00\x00\x3F\xF8\x00\x00\x00",
    /* 0x22 */ "\x00\x00\xFF\xF0\x0F\xFF\x00\x00\x00\x00\xFF\xF0\x0F\xFF\x00\x00\x00\x00\xFF\xF0\x0F\xFF\x00\x00\x00\x00\xFF\xF0\x0F\xFF\x00\x00\x00\x00\xFF\xF0\x0F\xFF\x00\x00\x00\x00\xFF\xF0\x0F\xFF\x00\x00\x00\x00\xFF\xF0\x0F\xFF\x00\x00\x00\x00\xFF\xF0\x0F\xFF\x00\x00\x00\x00\xFF\xF0\x0F\xFF\x00\x00\x00\x00\xFF\xF0\x0F\xFF\x00\x00\x00\x00\xFF\xF0\x0F\xFF\x00\x00\x00\x00\xFF\xF0\x0F\xFF\x00\x00\x00\x00\xFF\xE0\x07\xFF\x00\x00\x00\x00\x7F\xE0\x07\xFE\x00\x00\x00\x00\x7F\xE0\x07\xFE\x00\x00\x00\x00\x7F\xE0\x07\xFE\x00\x00\x00\x00\x7F\xE0\x07\xFE\x00\x00\x00\x00\x7F\xE0\x07\xFE\x00\x00\x00\x00\x7F\xE0\x07\xFE\x00\x00\x00\x00\x7F\xC0\x03\xFE\x00\x00\x00\x00\x3F\xC0\x03\xFC\x00\x00\x00\x00\x3F\xC0\x03\xFC\x00\x00\x00\x00\x3F\xC0\x03\xFC\x00\x00\x00\x00\x3F\xC0\x03\xFC\x00\x00\x00\x00\x3F\xC0\x03\xFC\x00\x00\x00\x00\x3F\xC0\x03\xFC\x00\x00\x00\x00\x3F\x80\x01\xFC\x00\x00\x00\x00\x00\x00\x00\x00\x00\x00\x00\x00\x00\x00\x00\x00\x00\x00\x00\x00\x00\x00\x00\x00\x00\x00\x00\x00\x00\x00\x00\x00\x00\x00\x00\x00\x00\x00\x00\x00\x00\x00\x00\x00\x00\x00\x00\x00\x00\x00\x00\x00\x00\x00\x00\x00\x00\x00\x00\x00\x00\x00\x00\x00\x00\x00\x00\x00\x00\x00\x00\x00\x00\x00\x00\x00\x00\x00\x00\x00\x00\x00\x00\x00\x00\x00\x00\x00\x00\x00\x00\x00\x00\x00\x00\x00\x00\x00\x00\x00\x00\x00\x00\x00\x00\x00\x00\x00\x00\x00\x00\x00\x00\x00\x00\x00\x00\x00\x00\x00\x00\x00\x00\x00\x00\x00\x00\x00\x00\x00\x00\x00\x00\x00\x00\x00\x00\x00\x00\x00\x00\x00\x00\x00\x00\x00\x00\x00\x00\x00\x00\x00\x00\x00\x00\x00\x00\x00\x00\x00\x00\x00\x00\x00\x00\x00\x00\x00\x00\x00\x00\x00\x00\x00\x00\x00\x00\x00\x00\x00\x00\x00\x00\x00\x00\x00\x00\x00\x00\x00\x00\x00\x00\x00\x00\x00\x00\x00\x00\x00\x00\x00\x00\x00\x00\x00\x00\x00\x00\x00\x00\x00\x00\x00\x00\x00\x00\x00\x00\x00\x00\x00\x00\x00\x00\x00\x00\x00\x00\x00\x00\x00\x00\x00\x00\x00\x00\x00\x00\x00\x00\x00\x00\x00\x00\x00\x00\x00\x00\x00\x00\x00\x00\x00\x00\x00\x00\x00\x00\x00\x00\x00\x00\x00\x00\x00\x00\x00\x00\x00\x00\x00\x00\x00\x00\x00\x00\x00\x00\x00\x00\x00\x00\x00\x00\x00\x00\x00\x00\x00\x00\x00\x00\x00\x00\x00\x00\x00",
    /* 0x23 */ "\x00\x00\x03\xF8\x00\x7F\x00\x00\x00\x00\x03\xF8\x00\x7F\x00\x00\x00\x00\x03\xF8\x00\x7F\x00\x00\x00\x00\x03\xF8\x00\xFF\x00\x00\x00\x00\x03\xF8\x00\xFE\x00\x00\x00\x00\x07\xF8\x00\xFE\x00\x00\x00\x00\x07\xF0\x00\xFE\x00\x00\x00\x00\x07\xF0\x00\xFE\x00\x00\x00\x00\x07\xF0\x00\xFE\x00\x00\x00\x00\x07\xF0\x00\xFE\x00\x00\x00\x00\x07\xF0\x00\xFE\x00\x00\x00\x00\x07\xF0\x01\xFE\x00\x00\x00\x00\x07\xF0\x01\xFC\x00\x00\x00\x00\x0F\xF0\x01\xFC\x00\x00\x00\x00\x0F\xE0\x01\xFC\x00\x00\x00\x00\x0F\xE0\x01\xFC\x00\x00\x00\x1F\xFF\xFF\xFF\xFF\xFC\x00\x00\x1F\xFF\xFF\xFF\xFF\xFC\x00\x00\x1F\xFF\xFF\xFF\xFF\xFC\x00\x00\x1F\xFF\xFF\xFF\xFF\xFC\x00\x00\x1F\xFF\xFF\xFF\xFF\xFC\x00\x00\x1F\xFF\xFF\xFF\xFF\xFC\x00\x00\x1F\xFF\xFF\xFF\xFF\xFC\x00\x00\x1F\xFF\xFF\xFF\xFF\xFC\x00\x00\x00\x1F\xC0\x03\xF8\x00\x00\x00\x00\x1F\xC0\x03\xF8\x00\x00\x00\x00\x1F\xC0\x03\xF8\x00\x00\x00\x00\x1F\xC0\x07\xF8\x00\x00\x00\x00\x3F\xC0\x07\xF8\x00\x00\x00\x00\x3F\xC0\x07\xF0\x00\x00\x00\x00\x3F\x80\x07\xF0\x00\x00\x00\x00\x3F\x80\x07\xF0\x00\x00\x00\x00\x3F\x80\x07\xF0\x00\x00\x00\x00\x3F\x80\x07\xF0\x00\x00\x00\x00\x3F\x80\x07\xF0\x00\x00\x00\x00\x3F\x80\x0F\xF0\x00\x00\x00\x7F\xFF\xFF\xFF\xFF\xF0\x00\x00\x7F\xFF\xFF\xFF\xFF\xF0\x00\x00\x7F\xFF\xFF\xFF\xFF\xF0\x00\x00\x7F\xFF\xFF\xFF\xFF\xF0\x00\x00\x7F\xFF\xFF\xFF\xFF\xF0\x00\x00\x7F\xFF\xFF\xFF\xFF\xF0\x00\x00\x7F\xFF\xFF\xFF\xFF\xF0\x00\x00\x7F\xFF\xFF\xFF\xFF\xF0\x00\x00\x00\x7F\x00\x1F\xE0\x00\x00\x00\x00\xFF\x00\x1F\xC0\x00\x00\x00\x00\xFF\x00\x1F\xC0\x00\x00\x00\x00\xFE\x00\x1F\xC0\x00\x00\x00\x00\xFE\x00\x1F\xC0\x00\x00\x00\x00\xFE\x00\x1F\xC0\x00\x00\x00\x00\xFE\x00\x1F\xC0\x00\x00\x00\x00\xFE\x00\x3F\xC0\x00\x00\x00\x00\xFE\x00\x3F\xC0\x00\x00\x00\x01\xFE\x00\x3F\x80\x00\x00\x00\x01\xFE\x00\x3F\x80\x00\x00\x00\x01\xFC\x00\x3F\x80\x00\x00\x00\x01\xFC\x00\x3F\x80\x00\x00\x00\x01\xFC\x00\x3F\x80\x00\x00\x00\x01\xFC\x00\x3F\x80\x00\x00\x00\x01\xFC\x00\x7F\x80\x00\x00\x00\x01\xFC\x00\x7F\x80\x00\x00\x00\x01\xFC\x00\x7F\x80\x00\x00\x00\x03\xFC\x00\x7F\x00\x00\x00\x00\x01\xF8\x00\x7F\x00\x00\x00",
    /* 0x24 */ "\x00\x00\x00\xFF\xFF\x80\x00\x00\x00\x00\x07\xFF\xFF\xE0\x00\x00\x00\x00\x0F\xFF\xFF\xF8\x00\x00\x00\x00\x1F\xFF\xFF\xFC\x00\x00\x00\x00\x3F\xFF\xFF\xFE\x00\x00\x00\x00\x7F\xFF\xFF\xFF\x00\x00\x00\x00\xFF\xFF\xFF\xFF\x80\x00\x00\x01\xFF\xFF\xFF\xFF\xC0\x00\x00\x01\xFF\xFF\xFF\xFF\x80\x00\x00\x03\xFF\xF0\x03\xFF\x00\x00\x00\x03\xFF\xE0\x00\xFE\x00\x00\x00\x03\xFF\xC0\x00\x7C\x00\x00\x00\x07\xFF\x80\x00\x38\x00\x00\x00\x07\xFF\x80\x00\x08\x00\x00\x00\x07\xFF\x00\x00\x00\x00\x00\x00\x07\xFF\x00\x00\x00\x00\x00\x00\x07\xFF\x00\x00\x00\x00\x00\x00\x07\xFF\x00\x00\x00\x00\x00\x00\x07\xFF\x00\x00\x00\x00\x00\x00\x07\xFF\x80\x00\x00\x00\x00\x00\x07\xFF\x80\x00\x00\x00\x00\x00\x03\xFF\xC0\x00\x00\x00\x00\x00\x03\xFF\xE0\x00\x00\x00\x00\x00\x03\xFF\xF8\x00\x00\x00\x00\x00\x01\xFF\xFC\x00\x00\x00\x00\x00\x01\xFF\xFF\x00\x00\x00\x00\x00\x00\xFF\xFF\xC0\x00\x00\x00\x00\x00\x7F\xFF\xF0\x00\x00\x00\x00\x00\x3F\xFF\xFC\x00\x00\x00\x00\x00\x1F\xFF\xFF\x00\x00\x00\x00\x00\x0F\xFF\xFF\xC0\x00\x00\x00\x00\x03\xFF\xFF\xE0\x00\x00\x00\x00\x00\xFF\xFF\xF0\x00\x00\x00\x00\x00\x7F\xFF\xFC\x00\x00\x00\x00\x00\x1F\xFF\xFE\x00\x00\x00\x00\x00\x07\xFF\xFE\x00\x00\x00\x00\x00\x01\xFF\xFF\x00\x00\x00\x00\x00\x00\x7F\xFF\x80\x00\x00\x00\x00\x00\x3F\xFF\x80\x00\x00\x00\x00\x00\x0F\xFF\xC0\x00\x00\x00\x00\x00\x07\xFF\xC0\x00\x00\x00\x00\x00\x03\xFF\xE0\x00\x00\x00\x00\x00\x01\xFF\xE0\x00\x00\x00\x00\x00\x01\xFF\xE0\x00\x00\x00\x00\x00\x00\xFF\xE0\x00\x00\x00\x00\x00\x00\xFF\xE0\x00\x00\x00\x00\x00\x00\xFF\xE0\x00\x00\x00\x00\x00\x00\xFF\xE0\x00\x00\x00\x00\x00\x00\xFF\xE0\x00\x00\x00\x00\x00\x00\xFF\xE0\x00\x00\x01\x80\x00\x01\xFF\xE0\x00\x00\x03\xE0\x00\x01\xFF\xC0\x00\x00\x07\xF0\x00\x03\xFF\xC0\x00\x00\x07\xFC\x00\x07\xFF\xC0\x00\x00\x0F\xFF\x80\x0F\xFF\x80\x00\x00\x1F\xFF\xFF\xFF\xFF\x80\x00\x00\x1F\xFF\xFF\xFF\xFF\x00\x00\x00\x1F\xFF\xFF\xFF\xFF\x00\x00\x00\x0F\xFF\xFF\xFF\xFE\x00\x00\x00\x07\xFF\xFF\xFF\xFC\x00\x00\x00\x01\xFF\xFF\xFF\xF8\x00\x00\x00\x00\x7F\xFF\xFF\xE0\x00\x00\x00\x00\x1F\xFF\xFF\xC0\x00\x00\x00\x00\x07\xFF\xFF\x00\x00\x00",
    /* 0x25 */ "\xFF\xFF\x80\x00\x00\x07\xF0\x00\xFF\xFF\xC0\x00\x00\x0F\xF0\x00\xFF\xFF\xE0\x00\x00\x0F\xE0\x00\xFF\xFF\xF0\x00\x00\x1F\xE0\x00\xFF\xFF\xF8\x00\x00\x1F\xC0\x00\xFC\x1F\xF8\x00\x00\x3F\x80\x00\xF8\x0F\xFC\x00\x00\x3F\x80\x00\xF0\x07\xFC\x00\x00\x7F\x00\x00\xE0\x03\xFC\x00\x00\xFF\x00\x00\xC0\x03\xFE\x00\x00\xFE\x00\x00\xC0\x01\xFE\x00\x01\xFE\x00\x00\xC0\x01\xFE\x00\x01\xFC\x00\x00\xC0\x01\xFF\x00\x03\xFC\x00\x00\x80\x00\xFF\x00\x03\xF8\x00\x00\x80\x00\xFF\x00\x07\xF8\x00\x00\x80\x00\xFF\x00\x07\xF0\x00\x00\x80\x00\xFF\x00\x0F\xF0\x00\x00\x80\x00\xFF\x00\x0F\xE0\x00\x00\x80\x00\xFF\x00\x1F\xE0\x00\x00\x80\x00\xFF\x00\x1F\xC0\x00\x00\x80\x00\xFF\x00\x3F\x80\x00\x00\x80\x00\xFF\x00\x3F\x80\x00\x00\x80\x00\xFF\x00\x7F\x00\x00\x00\x80\x00\xFF\x00\x7F\x00\x00\x00\xC0\x01\xFF\x00\xFE\x00\x1F\xF0\xC0\x01\xFE\x01\xFE\x00\x7F\xFC\xC0\x01\xFE\x01\xFC\x01\xFF\xFF\xE0\x03\xFE\x03\xFC\x03\xFF\xFF\xE0\x03\xFC\x03\xF8\x07\xFF\xFF\xF0\x07\xFC\x07\xF8\x0F\xFF\xFF\xF8\x0F\xFC\x07\xF0\x1F\xFF\xFF\xFC\x1F\xF8\x0F\xF0\x1F\xF8\x3F\xFF\xFF\xF0\x0F\xE0\x3F\xF0\x1F\xFF\xFF\xF0\x1F\xE0\x3F\xE0\x0F\xFF\xFF\xE0\x1F\xC0\x7F\xC0\x07\xFF\xFF\xC0\x3F\xC0\x7F\xC0\x07\xFF\xFF\x80\x3F\x80\x7F\x80\x03\x3F\xFE\x00\x7F\x00\x7F\x80\x03\x0F\xF8\x00\x7F\x00\xFF\x80\x03\x00\x00\x00\xFE\x00\xFF\x00\x01\x00\x00\x01\xFE\x00\xFF\x00\x01\x00\x00\x01\xFC\x00\xFF\x00\x01\x00\x00\x03\xFC\x00\xFF\x00\x01\x00\x00\x03\xF8\x00\xFF\x00\x01\x00\x00\x07\xF8\x00\xFF\x00\x01\x00\x00\x07\xF0\x00\xFF\x00\x01\x00\x00\x0F\xF0\x00\xFF\x00\x01\x00\x00\x0F\xE0\x00\xFF\x00\x01\x00\x00\x1F\xE0\x00\xFF\x00\x01\x00\x00\x1F\xC0\x00\xFF\x00\x01\x00\x00\x3F\xC0\x00\xFF\x80\x03\x00\x00\x3F\x80\x00\x7F\x80\x03\x00\x00\x7F\x00\x00\x7F\x80\x03\x00\x00\x7F\x00\x00\x7F\xC0\x07\x00\x00\xFE\x00\x00\x3F\xC0\x07\x00\x00\xFE\x00\x00\x3F\xE0\x0F\x00\x01\xFC\x00\x00\x3F\xF0\x1F\x00\x03\xFC\x00\x00\x1F\xF8\x3F\x00\x03\xF8\x00\x00\x0F\xFF\xFF\x00\x07\xF8\x00\x00\x0F\xFF\xFF\x00\x07\xF0\x00\x00\x07\xFF\xFF\x00\x0F\xF0\x00\x00\x03\xFF\xFF\x00\x0F\xE0\x00\x00\x01\xFF\xFF\x00\x1F\xE0\x00\x00\x00\x7F\xFC",
    /* 0x26 */ "\x00\x00\x3F\xFF\xF8\x00\x00\x00\x00\x00\x7F\xFF\xFC\x00\x00\x00\x00\x00\xFF\xFF\xFE\x00\x00\x00\x00\x01\xFF\xFF\xFF\x00\x00\x00\x00\x03\xFF\xFF\xFF\x00\x00\x00\x00\x07\xFF\xFF\xFF\x80\x00\x00\x00\x07\xFF\xC3\xFF\x80\x00\x00\x00\x0F\xFF\x01\xFF\x80\x00\x00\x00\x0F\xFE\x00\xFF\xC0\x00\x00\x00\x0F\xFC\x00\x7F\xC0\x00\x00\x00\x1F\xFC\x00\x7F\xC0\x00\x00\x00\x1F\xF8\x00\x7F\xC0\x00\x00\x00\x1F\xF8\x00\x7F\xC0\x00\x00\x00\x1F\xF8\x00\x7F\xC0\x00\x00\x00\x1F\xF8\x00\x7F\xC0\x00\x00\x00\x1F\xF8\x00\xFF\xC0\x00\x00\x00\x1F\xF8\x00\xFF\x80\x00\x00\x00\x1F\xF8\x01\xFF\x80\x00\x00\x00\x1F\xFC\x03\xFF\x00\x00\x00\x00\x0F\xFC\x07\xFF\x00\x00\x00\x00\x0F\xFC\x0F\xFE\x00\x00\x00\x00\x0F\xFE\x3F\xFC\x00\x00\x00\x00\x0F\xFE\x7F\xF8\x00\x00\x00\x00\x07\xFF\xFF\xF0\x00\x00\x00\x00\x07\xFF\xFF\xE0\x00\x00\x00\x00\x03\xFF\xFF\xC0\x00\x00\x00\x00\x03\xFF\xFF\x80\x00\x00\x00\x00\x01\xFF\xFF\x00\x00\x00\x00\x00\x01\xFF\xFC\x00\x00\x1F\xF8\x00\x03\xFF\xF8\x00\x00\x3F\xF8\x00\x0F\xFF\xF0\x00\x00\x3F\xF8\x00\x1F\xFF\xF8\x00\x00\x3F\xF0\x00\x3F\xFF\xFC\x00\x00\x7F\xF0\x00\x7F\xFF\xFE\x00\x00\x7F\xF0\x00\xFF\xFF\xFF\x00\x00\x7F\xE0\x01\xFF\xFF\xFF\x80\x00\xFF\xE0\x03\xFF\xEF\xFF\x80\x00\xFF\xC0\x03\xFF\xC7\xFF\xC0\x01\xFF\xC0\x07\xFF\x83\xFF\xE0\x01\xFF\xC0\x0F\xFF\x01\xFF\xF8\x03\xFF\x80\x0F\xFF\x01\xFF\xFC\x07\xFF\x80\x0F\xFE\x00\xFF\xFE\x07\xFF\x00\x1F\xFE\x00\x7F\xFF\x0F\xFF\x00\x1F\xFC\x00\x3F\xFF\x9F\xFE\x00\x1F\xFC\x00\x1F\xFF\xFF\xFC\x00\x1F\xFC\x00\x0F\xFF\xFF\xFC\x00\x1F\xFC\x00\x07\xFF\xFF\xF8\x00\x1F\xFC\x00\x03\xFF\xFF\xF0\x00\x1F\xFC\x00\x01\xFF\xFF\xF0\x00\x1F\xFE\x00\x00\xFF\xFF\xE0\x00\x1F\xFE\x00\x00\x7F\xFF\xE0\x00\x0F\xFF\x00\x00\x3F\xFF\xF8\x00\x0F\xFF\x80\x00\x3F\xFF\xFE\x00\x0F\xFF\xC0\x00\xFF\xFF\xFF\x80\x07\xFF\xF0\x03\xFF\xFF\xFF\xF0\x07\xFF\xFF\xFF\xFF\xFF\xFF\xFC\x03\xFF\xFF\xFF\xFF\xFF\xFF\xFC\x03\xFF\xFF\xFF\xFF\xFF\xFF\xF8\x01\xFF\xFF\xFF\xFF\xEF\xFF\xF8\x00\xFF\xFF\xFF\xFF\x83\xFF\xF8\x00\x7F\xFF\xFF\xFF\x01\xFF\xF0\x00\x1F\xFF\xFF\xFC\x00\x7F\xF0\x00\x0F\xFF\xFF\xF0\x00\x0F\xF0\x00\x01\xFF\xFF\xC0\x00\x03\xF0",
    /* 0x27 */ "\x00\x00\x00\x3F\xFC\x00\x00\x00\x00\x00\x00\x3F\xFC\x00\x00\x00\x00\x00\x00\x3F\xFC\x00\x00\x00\x00\x00\x00\x3F\xFC\x00\x00\x00\x00\x00\x00\x3F\xFC\x00\x00\x00\x00\x00\x00\x3F\xFC\x00\x00\x00\x00\x00\x00\x3F\xFC\x00\x00\x00\x00\x00\x00\x3F\xFC\x00\x00\x00\x00\x00\x00\x3F\xFC\x00\x00\x00\x00\x00\x00\x3F\xFC\x00\x00\x00\x00\x00\x00\x3F\xFC\x00\x00\x00\x00\x00\x00\x3F\xFC\x00\x00\x00\x00\x00\x00\x3F\xF8\x00\x00\x00\x00\x00\x00\x1F\xF8\x00\x00\x00\x00\x00\x00\x1F\xF8\x00\x00\x00\x00\x00\x00\x1F\xF8\x00\x00\x00\x00\x00\x00\x1F\xF8\x00\x00\x00\x00\x00\x00\x1F\xF8\x00\x00\x00\x00\x00\x00\x1F\xF8\x00\x00\x00\x00\x00\x00\x1F\xF0\x00\x00\x00\x00\x00\x00\x0F\xF0\x00\x00\x00\x00\x00\x00\x0F\xF0\x00\x00\x00\x00\x00\x00\x0F\xF0\x00\x00\x00\x00\x00\x00\x0F\xF0\x00\x00\x00\x00\x00\x00\x0F\xF0\x00\x00\x00\x00\x00\x00\x0F\xF0\x00\x00\x00\x00\x00\x00\x0F\xE0\x00\x00\x00\x00\x00\x00\x00\x00\x00\x00\x00\x00\x00\x00\x00\x00\x00\x00\x00\x00\x00\x00\x00\x00\x00\x00\x00\x00\x00\x00\x00\x00\x00\x00\x00\x00\x00\x00\x00\x00\x00\x00\x00\x00\x00\x00\x00\x00\x00\x00\x00\x00\x00\x00\x00\x00\x00\x00\x00\x00\x00\x00\x00\x00\x00\x00\x00\x00\x00\x00\x00\x00\x00\x00\x00\x00\x00\x00\x00\x00\x00\x00\x00\x00\x00\x00\x00\x00\x00\x00\x00\x00\x00\x00\x00\x00\x00\x00\x00\x00\x00\x00\x00\x00\x00\x00\x00\x00\x00\x00\x00\x00\x00\x00\x00\x00\x00\x00\x00\x00\x00\x00\x00\x00\x00\x00\x00\x00\x00\x00\x00\x00\x00\x00\x00\x00\x00\x00\x00\x00\x00\x00\x00\x00\x00\x00\x00\x00\x00\x00\x00\x00\x00\x00\x00\x00\x00\x00\x00\x00\x00\x00\x00\x00\x00\x00\x00\x00\x00\x00\x00\x00\x00\x00\x00\x00\x00\x00\x00\x00\x00\x00\x00\x00\x00\x00\x00\x00\x00\x00\x00\x00\x00\x00\x00\x00\x00\x00\x00\x00\x00\x00\x00\x00\x00\x00\x00\x00\x00\x00\x00\x00\x00\x00\x00\x00\x00\x00\x00\x00\x00\x00\x00\x00\x00\x00\x00\x00\x00\x00\x00\x00\x00\x00\x00\x00\x00\x00\x00\x00\x00\x00\x00\x00\x00\x00\x00\x00\x00\x00\x00\x00\x00\x00\x00\x00\x00\x00\x00\x00\x00\x00\x00\x00\x00\x00\x00\x00\x00\x00\x00\x00\x00\x00\x00\x00\x00\x00\x00\x00\x00\x00\x00\x00\x00\x00\x00\x00\x00\x00\x00\x00\x00\x00\x00\x00\x00\x00\x00",
    /* 0x28 */ "\x00\x00\x00\x03\xFE\x00\x00\x00\x00\x00\x00\x07\xFC\x00\x00\x00\x00\x00\x00\x07\xFC\x00\x00\x00\x00\x00\x00\x07\xFC\x00\x00\x00\x00\x00\x00\x0F\xF8\x00\x00\x00\x00\x00\x00\x0F\xF8\x00\x00\x00\x00\x00\x00\x0F\xF8\x00\x00\x00\x00\x00\x00\x1F\xF0\x00\x00\x00\x00\x00\x00\x1F\xF0\x00\x00\x00\x00\x00\x00\x1F\xF0\x00\x00\x00\x00\x00\x00\x3F\xF0\x00\x00\x00\x00\x00\x00\x3F\xE0\x00\x00\x00\x00\x00\x00\x3F\xE0\x00\x00\x00\x00\x00\x00\x3F\xE0\x00\x00\x00\x00\x00\x00\x3F\xE0\x00\x00\x00\x00\x00\x00\x7F\xC0\x00\x00\x00\x00\x00\x00\x7F\xC0\x00\x00\x00\x00\x00\x00\x7F\xC0\x00\x00\x00\x00\x00\x00\x7F\xC0\x00\x00\x00\x00\x00\x00\x7F\xC0\x00\x00\x00\x00\x00\x00\x7F\xC0\x00\x00\x00\x00\x00\x00\xFF\xC0\x00\x00\x00\x00\x00\x00\xFF\xC0\x00\x00\x00\x00\x00\x00\xFF\x80\x00\x00\x00\x00\x00\x00\xFF\x80\x00\x00\x00\x00\x00\x00\xFF\x80\x00\x00\x00\x00\x00\x00\xFF\x80\x00\x00\x00\x00\x00\x00\xFF\x80\x00\x00\x00\x00\x00\x00\xFF\x80\x00\x00\x00\x00\x00\x00\xFF\x80\x00\x00\x00\x00\x00\x00\xFF\x80\x00\x00\x00\x00\x00\x00\xFF\x80\x00\x00\x00\x00\x00\x00\xFF\x80\x00\x00\x00\x00\x00\x00\xFF\x80\x00\x00\x00\x00\x00\x00\xFF\x80\x00\x00\x00\x00\x00\x00\xFF\x80\x00\x00\x00\x00\x00\x00\xFF\x80\x00\x00\x00\x00\x00\x00\xFF\x80\x00\x00\x00\x00\x00\x00\xFF\x80\x00\x00\x00\x00\x00\x00\xFF\x80\x00\x00\x00\x00\x00\x00\xFF\xC0\x00\x00\x00\x00\x00\x00\x7F\xC0\x00\x00\x00\x00\x00\x00\x7F\xC0\x00\x00\x00\x00\x00\x00\x7F\xC0\x00\x00\x00\x00\x00\x00\x7F\xC0\x00\x00\x00\x00\x00\x00\x7F\xC0\x00\x00\x00\x00\x00\x00\x7F\xC0\x00\x00\x00\x00\x00\x00\x7F\xE0\x00\x00\x00\x00\x00\x00\x3F\xE0\x00\x00\x00\x00\x00\x00\x3F\xE0\x00\x00\x00\x00\x00\x00\x3F\xE0\x00\x00\x00\x00\x00\x00\x3F\xE0\x00\x00\x00\x00\x00\x00\x1F\xF0\x00\x00\x00\x00\x00\x00\x1F\xF0\x00\x00\x00\x00\x00\x00\x1F\xF0\x00\x00\x00\x00\x00\x00\x1F\xF0\x00\x00\x00\x00\x00\x00\x0F\xF8\x00\x00\x00\x00\x00\x00\x0F\xF8\x00\x00\x00\x00\x00\x00\x0F\xF8\x00\x00\x00\x00\x00\x00\x07\xFC\x00\x00\x00\x00\x00\x00\x07\xFC\x00\x00\x00\x00\x00\x00\x07\xFC\x00\x00\x00\x00\x00\x00\x03\xFE\x00\x00\x00\x00\x00\x00\x03\xFE\x00\x00\x00",
    /* 0x29 */ "\x00\x00\x00\x7F\xC0\x00\x00\x00\x00\x00\x00\x3F\xE0\x00\x00\x00\x00\x00\x00\x3F\xE0\x00\x00\x00\x00\x00\x00\x3F\xE0\x00\x00\x00\x00\x00\x00\x1F\xF0\x00\x00\x00\x00\x00\x00\x1F\xF0\x00\x00\x00\x00\x00\x00\x1F\xF0\x00\x00\x00\x00\x00\x00\x0F\xF8\x00\x00\x00\x00\x00\x00\x0F\xF8\x00\x00\x00\x00\x00\x00\x0F\xF8\x00\x00\x00\x00\x00\x00\x0F\xFC\x00\x00\x00\x00\x00\x00\x07\xFC\x00\x00\x00\x00\x00\x00\x07\xFC\x00\x00\x00\x00\x00\x00\x07\xFC\x00\x00\x00\x00\x00\x00\x07\xFC\x00\x00\x00\x00\x00\x00\x07\xFE\x00\x00\x00\x00\x00\x00\x03\xFE\x00\x00\x00\x00\x00\x00\x03\xFE\x00\x00\x00\x00\x00\x00\x03\xFE\x00\x00\x00\x00\x00\x00\x03\xFE\x00\x00\x00\x00\x00\x00\x03\xFE\x00\x00\x00\x00\x00\x00\x03\xFF\x00\x00\x00\x00\x00\x00\x03\xFF\x00\x00\x00\x00\x00\x00\x01\xFF\x00\x00\x00\x00\x00\x00\x01\xFF\x00\x00\x00\x00\x00\x00\x01\xFF\x00\x00\x00\x00\x00\x00\x01\xFF\x00\x00\x00\x00\x00\x00\x01\xFF\x00\x00\x00\x00\x00\x00\x01\xFF\x00\x00\x00\x00\x00\x00\x01\xFF\x00\x00\x00\x00\x00\x00\x01\xFF\x00\x00\x00\x00\x00\x00\x01\xFF\x00\x00\x00\x00\x00\x00\x01\xFF\x00\x00\x00\x00\x00\x00\x01\xFF\x00\x00\x00\x00\x00\x00\x01\xFF\x00\x00\x00\x00\x00\x00\x01\xFF\x00\x00\x00\x00\x00\x00\x01\xFF\x00\x00\x00\x00\x00\x00\x01\xFF\x00\x00\x00\x00\x00\x00\x01\xFF\x00\x00\x00\x00\x00\x00\x01\xFF\x00\x00\x00\x00\x00\x00\x03\xFF\x00\x00\x00\x00\x00\x00\x03\xFE\x00\x00\x00\x00\x00\x00\x03\xFE\x00\x00\x00\x00\x00\x00\x03\xFE\x00\x00\x00\x00\x00\x00\x03\xFE\x00\x00\x00\x00\x00\x00\x03\xFE\x00\x00\x00\x00\x00\x00\x03\xFE\x00\x00\x00\x00\x00\x00\x07\xFE\x00\x00\x00\x00\x00\x00\x07\xFC\x00\x00\x00\x00\x00\x00\x07\xFC\x00\x00\x00\x00\x00\x00\x07\xFC\x00\x00\x00\x00\x00\x00\x07\xFC\x00\x00\x00\x00\x00\x00\x0F\xF8\x00\x00\x00\x00\x00\x00\x0F\xF8\x00\x00\x00\x00\x00\x00\x0F\xF8\x00\x00\x00\x00\x00\x00\x0F\xF8\x00\x00\x00\x00\x00\x00\x1F\xF0\x00\x00\x00\x00\x00\x00\x1F\xF0\x00\x00\x00\x00\x00\x00\x1F\xF0\x00\x00\x00\x00\x00\x00\x3F\xE0\x00\x00\x00\x00\x00\x00\x3F\xE0\x00\x00\x00\x00\x00\x00\x3F\xE0\x00\x00\x00\x00\x00\x00\x7F\xC0\x00\x00\x00\x00\x00\x00\x7F\xC0\x00\x00\x00",
    /* 0x2A */ "\x00\x00\x00\x0F\xE0\x00\x00\x00\x00\x00\x00\x0F\xF0\x00\x00\x00\x00\x00\x00\x0F\xF0\x00\x00\x00\x00\x00\x00\x0F\xF0\x00\x00\x00\x00\x00\x00\x0F\xF0\x00\x00\x00\x00\x00\xF0\x0F\xF0\x0E\x00\x00\x00\x00\xFF\x0F\xF1\xFE\x00\x00\x00\x00\xFF\xFF\xFF\xFF\x00\x00\x00\x01\xFF\xFF\xFF\xFF\x00\x00\x00\x01\xFF\xFF\xFF\xFF\x00\x00\x00\x01\xFF\xFF\xFF\xFF\x80\x00\x00\x00\xFF\xFF\xFF\xFE\x00\x00\x00\x00\x1F\xFF\xFF\xF8\x00\x00\x00\x00\x07\xFF\xFF\xE0\x00\x00\x00\x00\x01\xFF\xFF\x00\x00\x00\x00\x00\x00\x7F\xFE\x00\x00\x00\x00\x00\x00\xFF\xFE\x00\x00\x00\x00\x00\x01\xFF\xFF\x00\x00\x00\x00\x00\x01\xFF\xFF\x80\x00\x00\x00\x00\x03\xFF\xFF\x80\x00\x00\x00\x00\x03\xFE\xFF\xC0\x00\x00\x00\x00\x07\xFE\x7F\xC0\x00\x00\x00\x00\x07\xFC\x3F\xE0\x00\x00\x00\x00\x0F\xF8\x1F\xF0\x00\x00\x00\x00\x1F\xF0\x0F\xF0\x00\x00\x00\x00\x0F\xE0\x0F\xF0\x00\x00\x00\x00\x07\xC0\x07\xC0\x00\x00\x00\x00\x01\x80\x03\x80\x00\x00\x00\x00\x00\x00\x01\x00\x00\x00\x00\x00\x00\x00\x00\x00\x00\x00\x00\x00\x00\x00\x00\x00\x00\x00\x00\x00\x00\x00\x00\x00\x00\x00\x00\x00\x00\x00\x00\x00\x00\x00\x00\x00\x00\x00\x00\x00\x00\x00\x00\x00\x00\x00\x00\x00\x00\x00\x00\x00\x00\x00\x00\x00\x00\x00\x00\x00\x00\x00\x00\x00\x00\x00\x00\x00\x00\x00\x00\x00\x00\x00\x00\x00\x00\x00\x00\x00\x00\x00\x00\x00\x00\x00\x00\x00\x00\x00\x00\x00\x00\x00\x00\x00\x00\x00\x00\x00\x00\x00\x00\x00\x00\x00\x00\x00\x00\x00\x00\x00\x00\x00\x00\x00\x00\x00\x00\x00\x00\x00\x00\x00\x00\x00\x00\x00\x00\x00\x00\x00\x00\x00\x00\x00\x00\x00\x00\x00\x00\x00\x00\x00\x00\x00\x00\x00\x00\x00\x00\x00\x00\x00\x00\x00\x00\x00\x00\x00\x00\x00\x00\x00\x00\x00\x00\x00\x00\x00\x00\x00\x00\x00\x00\x00\x00\x00\x00\x00\x00\x00\x00\x00\x00\x00\x00\x00\x00\x00\x00\x00\x00\x00\x00\x00\x00\x00\x00\x00\x00\x00\x00\x00\x00\x00\x00\x00\x00\x00\x00\x00\x00\x00\x00\x00\x00\x00\x00\x00\x00\x00\x00\x00\x00\x00\x00\x00\x00\x00\x00\x00\x00\x00\x00\x00\x00\x00\x00\x00\x00\x00\x00\x00\x00\x00\x00\x00\x00\x00\x00\x00\x00\x00\x00\x00\x00\x00\x00\x00\x00\x00\x00\x00\x00\x00\x00\x00\x00\x00\x00\x00\x00\x00\x00\x00\x00\x00\x00\x00\x00\x00",
    /* 0x2B */ "\x00\x00\x00\x00\x00\x00\x00\x00\x00\x00\x00\x00\x00\x00\x00\x00\x00\x00\x00\x00\x00\x00\x00\x00\x00\x00\x00\x00\x00\x00\x00\x00\x00\x00\x00\x0F\xF8\x00\x00\x00\x00\x00\x00\x0F\xF8\x00\x00\x00\x00\x00\x00\x0F\xF8\x00\x00\x00\x00\x00\x00\x0F\xF8\x00\x00\x00\x00\x00\x00\x0F\xF8\x00\x00\x00\x00\x00\x00\x0F\xF8\x00\x00\x00\x00\x00\x00\x0F\xF8\x00\x00\x00\x00\x00\x00\x0F\xF8\x00\x00\x00\x00\x00\x00\x0F\xF8\x00\x00\x00\x00\x00\x00\x0F\xF8\x00\x00\x00\x00\x00\x00\x0F\xF8\x00\x00\x00\x00\x00\x00\x0F\xF8\x00\x00\x00\x00\x00\x00\x0F\xF8\x00\x00\x00\x00\x00\x00\x0F\xF8\x00\x00\x00\x00\x00\x00\x0F\xF8\x00\x00\x00\x00\x00\x00\x0F\xF8\x00\x00\x00\x00\x00\x00\x0F\xF8\x00\x00\x00\x00\x00\x00\x0F\xF8\x00\x00\x00\x00\x00\x00\x0F\xF8\x00\x00\x00\x00\x3F\xFF\xFF\xFF\xFF\xFC\x00\x00\x3F\xFF\xFF\xFF\xFF\xFC\x00\x00\x3F\xFF\xFF\xFF\xFF\xFC\x00\x00\x3F\xFF\xFF\xFF\xFF\xFC\x00\x00\x3F\xFF\xFF\xFF\xFF\xFC\x00\x00\x3F\xFF\xFF\xFF\xFF\xFC\x00\x00\x3F\xFF\xFF\xFF\xFF\xFC\x00\x00\x3F\xFF\xFF\xFF\xFF\xFC\x00\x00\x00\x00\x0F\xF8\x00\x00\x00\x00\x00\x00\x0F\xF8\x00\x00\x00\x00\x00\x00\x0F\xF8\x00\x00\x00\x00\x00\x00\x0F\xF8\x00\x00\x00\x00\x00\x00\x0F\xF8\x00\x00\x00\x00\x00\x00\x0F\xF8\x00\x00\x00\x00\x00\x00\x0F\xF8\x00\x00\x00\x00\x00\x00\x0F\xF8\x00\x00\x00\x00\x00\x00\x0F\xF8\x00\x00\x00\x00\x00\x00\x0F\xF8\x00\x00\x00\x00\x00\x00\x0F\xF8\x00\x00\x00\x00\x00\x00\x0F\xF8\x00\x00\x00\x00\x00\x00\x0F\xF8\x00\x00\x00\x00\x00\x00\x0F\xF8\x00\x00\x00\x00\x00\x00\x0F\xF8\x00\x00\x00\x00\x00\x00\x0F\xF8\x00\x00\x00\x00\x00\x00\x0F\xF8\x00\x00\x00\x00\x00\x00\x0F\xF8\x00\x00\x00\x00\x00\x00\x0F\xF8\x00\x00\x00\x00\x00\x00\x00\x00\x00\x00\x00\x00\x00\x00\x00\x00\x00\x00\x00\x00\x00\x00\x00\x00\x00\x00\x00\x00\x00\x00\x00\x00\x00\x00\x00\x00\x00\x00\x00\x00\x00\x00\x00\x00\x00\x00\x00\x00\x00\x00\x00\x00\x00\x00\x00\x00\x00\x00\x00\x00\x00\x00\x00\x00\x00\x00\x00\x00\x00\x00\x00\x00\x00\x00\x00\x00\x00\x00\x00\x00\x00\x00\x00\x00\x00\x00\x00\x00\x00\x00\x00\x00\x00\x00\x00\x00\x00\x00\x00\x00\x00\x00\x00\x00\x00\x00\x00\x00\x00\x00\x00\x00\x00\x00\x00",
    /* 0x2C */ "\x00\x00\x00\x00\x00\x00\x00\x00\x00\x00\x00\x00\x00\x00\x00\x00\x00\x00\x00\x00\x00\x00\x00\x00\x00\x00\x00\x00\x00\x00\x00\x00\x00\x00\x00\x00\x00\x00\x00\x00\x00\x00\x00\x00\x00\x00\x00\x00\x00\x00\x00\x00\x00\x00\x00\x00\x00\x00\x00\x00\x00\x00\x00\x00\x00\x00\x00\x00\x00\x00\x00\x00\x00\x00\x00\x00\x00\x00\x00\x00\x00\x00\x00\x00\x00\x00\x00\x00\x00\x00\x00\x00\x00\x00\x00\x00\x00\x00\x00\x00\x00\x00\x00\x00\x00\x00\x00\x00\x00\x00\x00\x00\x00\x00\x00\x00\x00\x00\x00\x00\x00\x00\x00\x07\xE0\x00\x00\x00\x00\x00\x00\x1F\xF0\x00\x00\x00\x00\x00\x00\x3F\xF8\x00\x00\x00\x00\x00\x00\x7F\xFC\x00\x00\x00\x00\x00\x00\xFF\xFE\x00\x00\x00\x00\x00\x00\xFF\xFE\x00\x00\x00\x00\x00\x00\xFF\xFE\x00\x00\x00\x00\x00\x00\xFF\xFF\x00\x00\x00\x00\x00\x00\xFF\xFF\x00\x00\x00\x00\x00\x00\xFF\xFF\x00\x00\x00\x00\x00\x00\x7F\xFF\x00\x00\x00\x00\x00\x00\x7F\xFF\x00\x00\x00\x00\x00\x00\x1F\xFF\x00\x00\x00\x00\x00\x00\x0F\xFF\x00\x00\x00\x00\x00\x00\x00\xFF\x00\x00\x00\x00\x00\x00\x00\xFF\x00\x00\x00\x00\x00\x00\x00\xFF\x00\x00\x00\x00\x00\x00\x01\xFE\x00\x00\x00\x00\x00\x00\x01\xFE\x00\x00\x00\x00\x00\x00\x03\xFE\x00\x00\x00\x00\x00\x00\x03\xFC\x00\x00\x00\x00\x00\x00\x07\xFC\x00\x00\x00\x00\x00\x00\x0F\xF8\x00\x00\x00\x00\x00\x00\x1F\xF8\x00\x00\x00\x00\x00\x00\x7F\xF0\x00\x00\x00\x00\x00\x01\xFF\xE0\x00\x00\x00\x00\x00\x03\xFF\xC0\x00\x00\x00\x00\x00\x01\xFF\x80\x00\x00\x00\x00\x00\x01\xFF\x00\x00\x00\x00\x00\x00\x00\xFE\x00\x00\x00\x00\x00\x00\x00\xF8\x00\x00\x00\x00\x00\x00\x00\xE0\x00\x00\x00\x00\x00\x00\x00\x00\x00\x00\x00\x00\x00\x00\x00\x00\x00\x00\x00\x00\x00\x00\x00\x00\x00\x00\x00\x00\x00\x00\x00\x00\x00\x00\x00\x00\x00\x00\x00\x00\x00\x00\x00\x00\x00\x00\x00\x00\x00\x00\x00\x00\x00\x00\x00\x00\x00\x00\x00\x00\x00\x00\x00\x00\x00\x00\x00\x00\x00\x00\x00\x00\x00\x00\x00\x00\x00\x00\x00\x00\x00\x00\x00\x00\x00\x00\x00\x00\x00\x00\x00\x00\x00\x00\x00\x00\x00\x00\x00\x00\x00\x00\x00\x00\x00\x00\x00\x00\x00\x00\x00\x00\x00\x00\x00\x00\x00\x00\x00\x00\x00\x00\x00\x00\x00\x00\x00\x00\x00\x00\x00\x00\x00\x00\x00\x00\x00\x00\x00\x00",
    /* 0x2D */ "\x00\x00\x00\x00\x00\x00\x00\x00\x00\x00\x00\x00\x00\x00\x00\x00\x00\x00\x00\x00\x00\x00\x00\x00\x00\x00\x00\x00\x00\x00\x00\x00\x00\x00\x00\x00\x00\x00\x00\x00\x00\x00\x00\x00\x00\x00\x00\x00\x00\x00\x00\x00\x00\x00\x00\x00\x00\x00\x00\x00\x00\x00\x00\x00\x00\x00\x00\x00\x00\x00\x00\x00\x00\x00\x00\x00\x00\x00\x00\x00\x00\x00\x00\x00\x00\x00\x00\x00\x00\x00\x00\x00\x00\x00\x00\x00\x00\x00\x00\x00\x00\x00\x00\x00\x00\x00\x00\x00\x00\x00\x00\x00\x00\x00\x00\x00\x00\x00\x00\x00\x00\x00\x00\x00\x00\x00\x00\x00\x00\x00\x00\x00\x00\x00\x00\x00\x00\x00\x0F\xFF\xFF\xF0\x00\x00\x00\x00\x0F\xFF\xFF\xF0\x00\x00\x00\x00\x0F\xFF\xFF\xF0\x00\x00\x00\x00\x0F\xFF\xFF\xF0\x00\x00\x00\x00\x0F\xFF\xFF\xF0\x00\x00\x00\x00\x0F\xFF\xFF\xF0\x00\x00\x00\x00\x0F\xFF\xFF\xF0\x00\x00\x00\x00\x0F\xFF\xFF\xF0\x00\x00\x00\x00\x00\x00\x00\x00\x00\x00\x00\x00\x00\x00\x00\x00\x00\x00\x00\x00\x00\x00\x00\x00\x00\x00\x00\x00\x00\x00\x00\x00\x00\x00\x00\x00\x00\x00\x00\x00\x00\x00\x00\x00\x00\x00\x00\x00\x00\x00\x00\x00\x00\x00\x00\x00\x00\x00\x00\x00\x00\x00\x00\x00\x00\x00\x00\x00\x00\x00\x00\x00\x00\x00\x00\x00\x00\x00\x00\x00\x00\x00\x00\x00\x00\x00\x00\x00\x00\x00\x00\x00\x00\x00\x00\x00\x00\x00\x00\x00\x00\x00\x00\x00\x00\x00\x00\x00\x00\x00\x00\x00\x00\x00\x00\x00\x00\x00\x00\x00\x00\x00\x00\x00\x00\x00\x00\x00\x00\x00\x00\x00\x00\x00\x00\x00\x00\x00\x00\x00\x00\x00\x00\x00\x00\x00\x00\x00\x00\x00\x00\x00\x00\x00\x00\x00\x00\x00\x00\x00\x00\x00\x00\x00\x00\x00\x00\x00\x00\x00\x00\x00\x00\x00\x00\x00\x00\x00\x00\x00\x00\x00\x00\x00\x00\x00\x00\x00\x00\x00\x00\x00\x00\x00\x00\x00\x00\x00\x00\x00\x00\x00\x00\x00\x00\x00\x00\x00\x00\x00\x00\x00\x00\x00\x00\x00\x00\x00\x00\x00\x00\x00\x00\x00\x00\x00\x00\x00\x00\x00\x00\x00\x00\x00\x00\x00\x00\x00\x00\x00\x00\x00\x00\x00\x00\x00\x00\x00\x00\x00\x00\x00\x00\x00\x00\x00\x00\x00\x00\x00\x00\x00\x00\x00\x00\x00\x00\x00\x00\x00\x00\x00\x00\x00\x00\x00\x00\x00\x00\x00\x00\x00\x00\x00\x00\x00\x00\x00\x00\x00\x00\x00\x00\x00\x00\x00\x00\x00\x00\x00\x00\x00\x00\x00\x00\x00\x00\x00\x00\x00\x00\x00\x00\x00",
    /* 0x2E */ "\x00\x00\x00\x00\x00\x00\x00\x00\x00\x00\x00\x00\x00\x00\x00\x00\x00\x00\x00\x00\x00\x00\x00\x00\x00\x00\x00\x00\x00\x00\x00\x00\x00\x00\x00\x00\x00\x00\x00\x00\x00\x00\x00\x00\x00\x00\x00\x00\x00\x00\x00\x00\x00\x00\x00\x00\x00\x00\x00\x00\x00\x00\x00\x00\x00\x00\x00\x00\x00\x00\x00\x00\x00\x00\x00\x00\x00\x00\x00\x00\x00\x00\x00\x00\x00\x00\x00\x00\x00\x00\x00\x00\x00\x00\x00\x00\x00\x00\x00\x00\x00\x00\x00\x00\x00\x00\x00\x00\x00\x00\x00\x00\x00\x00\x00\x00\x00\x00\x00\x00\x00\x00\x00\x00\x00\x00\x00\x00\x00\x00\x00\x00\x00\x00\x00\x00\x00\x00\x00\x00\x00\x00\x00\x00\x00\x00\x00\x00\x00\x00\x00\x00\x00\x00\x00\x00\x00\x00\x00\x00\x00\x00\x00\x00\x00\x00\x00\x00\x00\x00\x00\x00\x00\x00\x00\x00\x00\x00\x00\x00\x00\x00\x00\x00\x00\x00\x00\x00\x00\x00\x00\x00\x00\x00\x00\x07\xC0\x00\x00\x00\x00\x00\x00\x1F\xF0\x00\x00\x00\x00\x00\x00\x3F\xF8\x00\x00\x00\x00\x00\x00\x7F\xFC\x00\x00\x00\x00\x00\x00\x7F\xFC\x00\x00\x00\x00\x00\x00\xFF\xFE\x00\x00\x00\x00\x00\x00\xFF\xFE\x00\x00\x00\x00\x00\x00\xFF\xFE\x00\x00\x00\x00\x00\x00\xFF\xFE\x00\x00\x00\x00\x00\x00\xFF\xFE\x00\x00\x00\x00\x00\x00\xFF\xFE\x00\x00\x00\x00\x00\x00\x7F\xFC\x00\x00\x00\x00\x00\x00\x7F\xFC\x00\x00\x00\x00\x00\x00\x3F\xF8\x00\x00\x00\x00\x00\x00\x1F\xF0\x00\x00\x00\x00\x00\x00\x07\xC0\x00\x00\x00\x00\x00\x00\x00\x00\x00\x00\x00\x00\x00\x00\x00\x00\x00\x00\x00\x00\x00\x00\x00\x00\x00\x00\x00\x00\x00\x00\x00\x00\x00\x00\x00\x00\x00\x00\x00\x00\x00\x00\x00\x00\x00\x00\x00\x00\x00\x00\x00\x00\x00\x00\x00\x00\x00\x00\x00\x00\x00\x00\x00\x00\x00\x00\x00\x00\x00\x00\x00\x00\x00\x00\x00\x00\x00\x00\x00\x00\x00\x00\x00\x00\x00\x00\x00\x00\x00\x00\x00\x00\x00\x00\x00\x00\x00\x00\x00\x00\x00\x00\x00\x00\x00\x00\x00\x00\x00\x00\x00\x00\x00\x00\x00\x00\x00\x00\x00\x00\x00\x00\x00\x00\x00\x00\x00\x00\x00\x00\x00\x00\x00\x00\x00\x00\x00\x00\x00\x00\x00\x00\x00\x00\x00\x00\x00\x00\x00\x00\x00\x00\x00\x00\x00\x00\x00\x00\x00\x00\x00\x00\x00\x00\x00\x00\x00\x00\x00\x00\x00\x00\x00\x00\x00\x00\x00\x00\x00\x00\x00\x00\x00\x00\x00\x00\x00\x00\x00\x00\x00\x00\x00\x00\x00",
    /* 0x2F */ "\x00\x00\x00\x00\x0F\xF0\x00\x00\x00\x00\x00\x00\x0F\xF0\x00\x00\x00\x00\x00\x00\x0F\xE0\x00\x00\x00\x00\x00\x00\x1F\xE0\x00\x00\x00\x00\x00\x00\x1F\xE0\x00\x00\x00\x00\x00\x00\x1F\xE0\x00\x00\x00\x00\x00\x00\x3F\xC0\x00\x00\x00\x00\x00\x00\x3F\xC0\x00\x00\x00\x00\x00\x00\x3F\xC0\x00\x00\x00\x00\x00\x00\x3F\xC0\x00\x00\x00\x00\x00\x00\x7F\x80\x00\x00\x00\x00\x00\x00\x7F\x80\x00\x00\x00\x00\x00\x00\x7F\x80\x00\x00\x00\x00\x00\x00\x7F\x80\x00\x00\x00\x00\x00\x00\xFF\x00\x00\x00\x00\x00\x00\x00\xFF\x00\x00\x00\x00\x00\x00\x00\xFF\x00\x00\x00\x00\x00\x00\x00\xFE\x00\x00\x00\x00\x00\x00\x01\xFE\x00\x00\x00\x00\x00\x00\x01\xFE\x00\x00\x00\x00\x00\x00\x01\xFE\x00\x00\x00\x00\x00\x00\x03\xFC\x00\x00\x00\x00\x00\x00\x03\xFC\x00\x00\x00\x00\x00\x00\x03\xFC\x00\x00\x00\x00\x00\x00\x03\xFC\x00\x00\x00\x00\x00\x00\x07\xF8\x00\x00\x00\x00\x00\x00\x07\xF8\x00\x00\x00\x00\x00\x00\x07\xF8\x00\x00\x00\x00\x00\x00\x07\xF0\x00\x00\x00\x00\x00\x00\x0F\xF0\x00\x00\x00\x00\x00\x00\x0F\xF0\x00\x00\x00\x00\x00\x00\x0F\xF0\x00\x00\x00\x00\x00\x00\x1F\xE0\x00\x00\x00\x00\x00\x00\x1F\xE0\x00\x00\x00\x00\x00\x00\x1F\xE0\x00\x00\x00\x00\x00\x00\x1F\xE0\x00\x00\x00\x00\x00\x00\x3F\xC0\x00\x00\x00\x00\x00\x00\x3F\xC0\x00\x00\x00\x00\x00\x00\x3F\xC0\x00\x00\x00\x00\x00\x00\x3F\xC0\x00\x00\x00\x00\x00\x00\x7F\x80\x00\x00\x00\x00\x00\x00\x7F\x80\x00\x00\x00\x00\x00\x00\x7F\x80\x00\x00\x00\x00\x00\x00\x7F\x00\x00\x00\x00\x00\x00\x00\xFF\x00\x00\x00\x00\x00\x00\x00\xFF\x00\x00\x00\x00\x00\x00\x00\xFF\x00\x00\x00\x00\x00\x00\x01\xFE\x00\x00\x00\x00\x00\x00\x01\xFE\x00\x00\x00\x00\x00\x00\x01\xFE\x00\x00\x00\x00\x00\x00\x01\xFE\x00\x00\x00\x00\x00\x00\x03\xFC\x00\x00\x00\x00\x00\x00\x03\xFC\x00\x00\x00\x00\x00\x00\x03\xFC\x00\x00\x00\x00\x00\x00\x03\xFC\x00\x00\x00\x00\x00\x00\x07\xF8\x00\x00\x00\x00\x00\x00\x07\xF8\x00\x00\x00\x00\x00\x00\x07\xF8\x00\x00\x00\x00\x00\x00\x0F\xF0\x00\x00\x00\x00\x00\x00\x0F\xF0\x00\x00\x00\x00\x00\x00\x0F\xF0\x00\x00\x00\x00\x00\x00\x0F\xF0\x00\x00\x00\x00\x00\x00\x1F\xE0\x00\x00\x00\x00\x00\x00\x1F\xE0\x00\x00\x00\x00",
    /* 0x30 */ "\x00\x00\x01\xFF\xFF\x00\x00\x00\x00\x00\x07\xFF\xFF\xC0\x00\x00\x00\x00\x0F\xFF\xFF\xE0\x00\x00\x00\x00\x1F\xFF\xFF\xF0\x00\x00\x00\x00\x3F\xFF\xFF\xF8\x00\x00\x00\x00\x7F\xFF\xFF\xFC\x00\x00\x00\x00\xFF\xFF\xFF\xFE\x00\x00\x00\x01\xFF\xFF\xFF\xFF\x00\x00\x00\x01\xFF\xF8\x3F\xFF\x00\x00\x00\x03\xFF\xE0\x0F\xFF\x80\x00\x00\x03\xFF\xC0\x07\xFF\x80\x00\x00\x07\xFF\x80\x03\xFF\xC0\x00\x00\x07\xFF\x80\x01\xFF\xC0\x00\x00\x07\xFF\x00\x01\xFF\xC0\x00\x00\x0F\xFF\x00\x00\xFF\xE0\x00\x00\x0F\xFE\x00\x00\xFF\xE0\x00\x00\x0F\xFE\x00\x00\xFF\xE0\x00\x00\x1F\xFE\x00\x00\x7F\xF0\x00\x00\x1F\xFC\x00\x00\x7F\xF0\x00\x00\x1F\xFC\x00\x00\x7F\xF0\x00\x00\x1F\xFC\x00\x00\x7F\xF0\x00\x00\x1F\xFC\x00\x00\x7F\xF0\x00\x00\x1F\xFC\x00\x00\x7F\xF0\x00\x00\x3F\xF8\x00\x00\x3F\xF8\x00\x00\x3F\xF8\x00\x00\x3F\xF8\x00\x00\x3F\xF8\x00\x00\x3F\xF8\x00\x00\x3F\xF8\x00\x00\x3F\xF8\x00\x00\x3F\xF8\x00\x00\x3F\xF8\x00\x00\x3F\xF8\x00\x00\x3F\xF8\x00\x00\x3F\xF8\x00\x00\x3F\xF8\x00\x00\x3F\xF8\x00\x00\x3F\xF8\x00\x00\x3F\xF8\x00\x00\x3F\xF8\x00\x00\x3F\xF8\x00\x00\x3F\xF8\x00\x00\x3F\xF8\x00\x00\x3F\xF8\x00\x00\x3F\xF8\x00\x00\x3F\xF8\x00\x00\x3F\xF8\x00\x00\x3F\xF8\x00\x00\x3F\xF8\x00\x00\x3F\xF8\x00\x00\x3F\xF8\x00\x00\x3F\xF8\x00\x00\x3F\xF8\x00\x00\x3F\xF8\x00\x00\x3F\xF8\x00\x00\x3F\xF8\x00\x00\x3F\xF8\x00\x00\x3F\xF8\x00\x00\x1F\xFC\x00\x00\x7F\xF0\x00\x00\x1F\xFC\x00\x00\x7F\xF0\x00\x00\x1F\xFC\x00\x00\x7F\xF0\x00\x00\x1F\xFC\x00\x00\x7F\xF0\x00\x00\x1F\xFC\x00\x00\x7F\xF0\x00\x00\x1F\xFC\x00\x00\x7F\xF0\x00\x00\x0F\xFE\x00\x00\xFF\xE0\x00\x00\x0F\xFE\x00\x00\xFF\xE0\x00\x00\x0F\xFE\x00\x00\xFF\xE0\x00\x00\x07\xFF\x00\x01\xFF\xE0\x00\x00\x07\xFF\x00\x01\xFF\xC0\x00\x00\x07\xFF\x80\x03\xFF\xC0\x00\x00\x03\xFF\xC0\x07\xFF\x80\x00\x00\x03\xFF\xE0\x0F\xFF\x80\x00\x00\x01\xFF\xF0\x1F\xFF\x00\x00\x00\x01\xFF\xFF\xFF\xFF\x00\x00\x00\x00\xFF\xFF\xFF\xFE\x00\x00\x00\x00\x7F\xFF\xFF\xFC\x00\x00\x00\x00\x7F\xFF\xFF\xFC\x00\x00\x00\x00\x3F\xFF\xFF\xF8\x00\x00\x00\x00\x1F\xFF\xFF\xF0\x00\x00\x00\x00\x07\xFF\xFF\xE0\x00\x00\x00\x00\x03\xFF\xFF\x80\x00\x00",
    /* 0x31 */ "\x00\x00\x00\x1F\xFE\x00\x00\x00\x00\x00\x00\x7F\xFE\x00\x00\x00\x00\x00\x03\xFF\xFE\x00\x00\x00\x00\x00\x1F\xFF\xFE\x00\x00\x00\x00\x01\xFF\xFF\xFE\x00\x00\x00\x00\x01\xFF\xFF\xFE\x00\x00\x00\x00\x01\xFF\xFF\xFE\x00\x00\x00\x00\x01\xFF\xFF\xFE\x00\x00\x00\x00\x01\xFF\xFF\xFE\x00\x00\x00\x00\x01\xFF\xFF\xFE\x00\x00\x00\x00\x01\xFF\xFF\xFE\x00\x00\x00\x00\x00\xFF\xFF\xFE\x00\x00\x00\x00\x00\x00\x1F\xFE\x00\x00\x00\x00\x00\x00\x1F\xFE\x00\x00\x00\x00\x00\x00\x1F\xFE\x00\x00\x00\x00\x00\x00\x1F\xFE\x00\x00\x00\x00\x00\x00\x1F\xFE\x00\x00\x00\x00\x00\x00\x1F\xFE\x00\x00\x00\x00\x00\x00\x1F\xFE\x00\x00\x00\x00\x00\x00\x1F\xFE\x00\x00\x00\x00\x00\x00\x1F\xFE\x00\x00\x00\x00\x00\x00\x1F\xFE\x00\x00\x00\x00\x00\x00\x1F\xFE\x00\x00\x00\x00\x00\x00\x1F\xFE\x00\x00\x00\x00\x00\x00\x1F\xFE\x00\x00\x00\x00\x00\x00\x1F\xFE\x00\x00\x00\x00\x00\x00\x1F\xFE\x00\x00\x00\x00\x00\x00\x1F\xFE\x00\x00\x00\x00\x00\x00\x1F\xFE\x00\x00\x00\x00\x00\x00\x1F\xFE\x00\x00\x00\x00\x00\x00\x1F\xFE\x00\x00\x00\x00\x00\x00\x1F\xFE\x00\x00\x00\x00\x00\x00\x1F\xFE\x00\x00\x00\x00\x00\x00\x1F\xFE\x00\x00\x00\x00\x00\x00\x1F\xFE\x00\x00\x00\x00\x00\x00\x1F\xFE\x00\x00\x00\x00\x00\x00\x1F\xFE\x00\x00\x00\x00\x00\x00\x1F\xFE\x00\x00\x00\x00\x00\x00\x1F\xFE\x00\x00\x00\x00\x00\x00\x1F\xFE\x00\x00\x00\x00\x00\x00\x1F\xFE\x00\x00\x00\x00\x00\x00\x1F\xFE\x00\x00\x00\x00\x00\x00\x1F\xFE\x00\x00\x00\x00\x00\x00\x1F\xFE\x00\x00\x00\x00\x00\x00\x1F\xFE\x00\x00\x00\x00\x00\x00\x1F\xFE\x00\x00\x00\x00\x00\x00\x1F\xFE\x00\x00\x00\x00\x00\x00\x1F\xFE\x00\x00\x00\x00\x00\x00\x1F\xFE\x00\x00\x00\x00\x00\x00\x1F\xFE\x00\x00\x00\x00\x00\x00\x1F\xFE\x00\x00\x00\x00\x00\x00\x1F\xFE\x00\x00\x00\x00\x00\x00\x1F\xFE\x00\x00\x00\x00\x00\x00\x1F\xFE\x00\x00\x00\x00\x07\xFF\xFF\xFF\xFF\xE0\x00\x00\x07\xFF\xFF\xFF\xFF\xE0\x00\x00\x07\xFF\xFF\xFF\xFF\xE0\x00\x00\x07\xFF\xFF\xFF\xFF\xE0\x00\x00\x07\xFF\xFF\xFF\xFF\xE0\x00\x00\x07\xFF\xFF\xFF\xFF\xE0\x00\x00\x07\xFF\xFF\xFF\xFF\xE0\x00\x00\x07\xFF\xFF\xFF\xFF\xE0\x00\x00\x07\xFF\xFF\xFF\xFF\xE0\x00\x00\x07\xFF\xFF\xFF\xFF\xE0\x00",
    /* 0x32 */ "\x00\x00\x0F\xFF\xFE\x00\x00\x00\x00\x00\x3F\xFF\xFF\x80\x00\x00\x00\x00\xFF\xFF\xFF\xE0\x00\x00\x00\x01\xFF\xFF\xFF\xF0\x00\x00\x00\x03\xFF\xFF\xFF\xF8\x00\x00\x00\x07\xFF\xFF\xFF\xFC\x00\x00\x00\x1F\xFF\xFF\xFF\xFE\x00\x00\x00\x3F\xFF\xFF\xFF\xFE\x00\x00\x00\x3F\xFF\x80\xFF\xFF\x00\x00\x00\x3F\xFE\x00\x3F\xFF\x00\x00\x00\x1F\xF8\x00\x0F\xFF\x80\x00\x00\x0F\xF0\x00\x07\xFF\x80\x00\x00\x07\xE0\x00\x07\xFF\x80\x00\x00\x03\xC0\x00\x03\xFF\xC0\x00\x00\x01\x80\x00\x03\xFF\xC0\x00\x00\x00\x00\x00\x03\xFF\xC0\x00\x00\x00\x00\x00\x01\xFF\xC0\x00\x00\x00\x00\x00\x01\xFF\xC0\x00\x00\x00\x00\x00\x01\xFF\xC0\x00\x00\x00\x00\x00\x01\xFF\xC0\x00\x00\x00\x00\x00\x01\xFF\xC0\x00\x00\x00\x00\x00\x01\xFF\xC0\x00\x00\x00\x00\x00\x01\xFF\xC0\x00\x00\x00\x00\x00\x03\xFF\xC0\x00\x00\x00\x00\x00\x03\xFF\x80\x00\x00\x00\x00\x00\x03\xFF\x80\x00\x00\x00\x00\x00\x07\xFF\x80\x00\x00\x00\x00\x00\x07\xFF\x00\x00\x00\x00\x00\x00\x07\xFF\x00\x00\x00\x00\x00\x00\x0F\xFF\x00\x00\x00\x00\x00\x00\x1F\xFE\x00\x00\x00\x00\x00\x00\x1F\xFE\x00\x00\x00\x00\x00\x00\x3F\xFC\x00\x00\x00\x00\x00\x00\x3F\xFC\x00\x00\x00\x00\x00\x00\x7F\xF8\x00\x00\x00\x00\x00\x00\xFF\xF0\x00\x00\x00\x00\x00\x01\xFF\xF0\x00\x00\x00\x00\x00\x01\xFF\xE0\x00\x00\x00\x00\x00\x03\xFF\xE0\x00\x00\x00\x00\x00\x07\xFF\xC0\x00\x00\x00\x00\x00\x0F\xFF\x80\x00\x00\x00\x00\x00\x1F\xFF\x00\x00\x00\x00\x00\x00\x3F\xFF\x00\x00\x00\x00\x00\x00\x3F\xFE\x00\x00\x00\x00\x00\x00\x7F\xFC\x00\x00\x00\x00\x00\x00\xFF\xF8\x00\x00\x00\x00\x00\x01\xFF\xF0\x00\x00\x00\x00\x00\x03\xFF\xE0\x00\x00\x00\x00\x00\x07\xFF\xE0\x00\x00\x00\x00\x00\x0F\xFF\xC0\x00\x00\x00\x00\x00\x1F\xFF\x80\x00\x00\x00\x00\x00\x3F\xFF\x00\x00\x00\x00\x00\x00\xFF\xFE\x00\x00\x00\x00\x00\x01\xFF\xFC\x00\x00\x00\x00\x00\x03\xFF\xF8\x00\x00\x00\x00\x00\x07\xFF\xF0\x0F\xFF\xF8\x00\x00\x0F\xFF\xFF\xFF\xFF\xF8\x00\x00\x1F\xFF\xFF\xFF\xFF\xF8\x00\x00\x3F\xFF\xFF\xFF\xFF\xF8\x00\x00\x3F\xFF\xFF\xFF\xFF\xF8\x00\x00\x3F\xFF\xFF\xFF\xFF\xF8\x00\x00\x3F\xFF\xFF\xFF\xFF\xF8\x00\x00\x3F\xFF\xFF\xFF\xFF\xF8\x00\x00\x3F\xFF\xFF\xFF\xFF\xF8\x00",
    /* 0x33 */ "\x00\x00\x1F\xFF\xFF\x00\x00\x00\x00\x00\x7F\xFF\xFF\xC0\x00\x00\x00\x00\xFF\xFF\xFF\xF0\x00\x00\x00\x03\xFF\xFF\xFF\xF8\x00\x00\x00\x07\xFF\xFF\xFF\xFC\x00\x00\x00\x1F\xFF\xFF\xFF\xFE\x00\x00\x00\x3F\xFF\xFF\xFF\xFE\x00\x00\x00\x1F\xFF\xFF\xFF\xFF\x00\x00\x00\x1F\xFF\x80\xFF\xFF\x00\x00\x00\x0F\xFC\x00\x3F\xFF\x80\x00\x00\x07\xF8\x00\x0F\xFF\x80\x00\x00\x03\xE0\x00\x0F\xFF\x80\x00\x00\x01\xC0\x00\x07\xFF\xC0\x00\x00\x00\x00\x00\x07\xFF\xC0\x00\x00\x00\x00\x00\x03\xFF\xC0\x00\x00\x00\x00\x00\x03\xFF\xC0\x00\x00\x00\x00\x00\x03\xFF\xC0\x00\x00\x00\x00\x00\x03\xFF\xC0\x00\x00\x00\x00\x00\x03\xFF\xC0\x00\x00\x00\x00\x00\x07\xFF\x80\x00\x00\x00\x00\x00\x07\xFF\x80\x00\x00\x00\x00\x00\x07\xFF\x80\x00\x00\x00\x00\x00\x0F\xFF\x00\x00\x00\x00\x00\x00\x1F\xFF\x00\x00\x00\x00\x00\x00\x3F\xFE\x00\x00\x00\x00\x00\x00\xFF\xFC\x00\x00\x00\x00\x00\x0F\xFF\xF8\x00\x00\x00\x00\x07\xFF\xFF\xF0\x00\x00\x00\x00\x07\xFF\xFF\xC0\x00\x00\x00\x00\x07\xFF\xFF\x80\x00\x00\x00\x00\x07\xFF\xFE\x00\x00\x00\x00\x00\x07\xFF\xFF\x80\x00\x00\x00\x00\x07\xFF\xFF\xE0\x00\x00\x00\x00\x07\xFF\xFF\xF8\x00\x00\x00\x00\x07\xFF\xFF\xFC\x00\x00\x00\x00\x00\x0F\xFF\xFE\x00\x00\x00\x00\x00\x00\x7F\xFF\x00\x00\x00\x00\x00\x00\x1F\xFF\x80\x00\x00\x00\x00\x00\x07\xFF\xC0\x00\x00\x00\x00\x00\x03\xFF\xC0\x00\x00\x00\x00\x00\x03\xFF\xE0\x00\x00\x00\x00\x00\x01\xFF\xE0\x00\x00\x00\x00\x00\x01\xFF\xE0\x00\x00\x00\x00\x00\x00\xFF\xF0\x00\x00\x00\x00\x00\x00\xFF\xF0\x00\x00\x00\x00\x00\x00\xFF\xF0\x00\x00\x00\x00\x00\x00\xFF\xF0\x00\x00\x00\x00\x00\x00\xFF\xF0\x00\x00\x00\x00\x00\x00\xFF\xF0\x00\x00\x00\x00\x00\x00\xFF\xF0\x00\x00\x06\x00\x00\x01\xFF\xF0\x00\x00\x0F\x00\x00\x01\xFF\xE0\x00\x00\x1F\x80\x00\x03\xFF\xE0\x00\x00\x3F\xE0\x00\x07\xFF\xE0\x00\x00\x3F\xF0\x00\x0F\xFF\xC0\x00\x00\x7F\xFE\x00\x3F\xFF\xC0\x00\x00\xFF\xFF\xFF\xFF\xFF\x80\x00\x00\xFF\xFF\xFF\xFF\xFF\x80\x00\x00\x7F\xFF\xFF\xFF\xFF\x00\x00\x00\x3F\xFF\xFF\xFF\xFE\x00\x00\x00\x0F\xFF\xFF\xFF\xFC\x00\x00\x00\x07\xFF\xFF\xFF\xF8\x00\x00\x00\x01\xFF\xFF\xFF\xE0\x00\x00\x00\x00\x7F\xFF\xFF\x80\x00\x00",
    /* 0x34 */ "\x00\x00\x00\x00\xFF\xFE\x00\x00\x00\x00\x00\x01\xFF\xFE\x00\x00\x00\x00\x00\x01\xFF\xFE\x00\x00\x00\x00\x00\x03\xFF\xFE\x00\x00\x00\x00\x00\x07\xFF\xFE\x00\x00\x00\x00\x00\x07\xFF\xFE\x00\x00\x00\x00\x00\x0F\xFF\xFE\x00\x00\x00\x00\x00\x0F\xFF\xFE\x00\x00\x00\x00\x00\x1F\xFF\xFE\x00\x00\x00\x00\x00\x3F\xFF\xFE\x00\x00\x00\x00\x00\x3F\xEF\xFE\x00\x00\x00\x00\x00\x7F\xEF\xFE\x00\x00\x00\x00\x00\xFF\xCF\xFE\x00\x00\x00\x00\x00\xFF\xCF\xFE\x00\x00\x00\x00\x01\xFF\x8F\xFE\x00\x00\x00\x00\x01\xFF\x8F\xFE\x00\x00\x00\x00\x03\xFF\x0F\xFE\x00\x00\x00\x00\x07\xFF\x0F\xFE\x00\x00\x00\x00\x07\xFE\x0F\xFE\x00\x00\x00\x00\x0F\xFE\x0F\xFE\x00\x00\x00\x00\x1F\xFC\x0F\xFE\x00\x00\x00\x00\x1F\xFC\x0F\xFE\x00\x00\x00\x00\x3F\xF8\x0F\xFE\x00\x00\x00\x00\x3F\xF8\x0F\xFE\x00\x00\x00\x00\x7F\xF0\x0F\xFE\x00\x00\x00\x00\xFF\xE0\x0F\xFE\x00\x00\x00\x00\xFF\xE0\x0F\xFE\x00\x00\x00\x01\xFF\xC0\x0F\xFE\x00\x00\x00\x03\xFF\x80\x0F\xFE\x00\x00\x00\x03\xFF\x80\x0F\xFE\x00\x00\x00\x07\xFF\x00\x0F\xFE\x00\x00\x00\x07\xFE\x00\x0F\xFE\x00\x00\x00\x0F\xFE\x00\x0F\xFE\x00\x00\x00\x1F\xFC\x00\x0F\xFE\x00\x00\x00\x1F\xFC\x00\x0F\xFE\x00\x00\x00\x3F\xF8\x00\x0F\xFE\x00\x00\x00\x3F\xF0\x00\x0F\xFE\x00\x00\x00\x7F\xF0\x00\x0F\xFE\x00\x00\x00\xFF\xFF\xFF\xFF\xFF\xFE\x00\x00\xFF\xFF\xFF\xFF\xFF\xFE\x00\x00\xFF\xFF\xFF\xFF\xFF\xFE\x00\x00\xFF\xFF\xFF\xFF\xFF\xFE\x00\x00\xFF\xFF\xFF\xFF\xFF\xFE\x00\x00\xFF\xFF\xFF\xFF\xFF\xFE\x00\x00\xFF\xFF\xFF\xFF\xFF\xFE\x00\x00\xFF\xFF\xFF\xFF\xFF\xFE\x00\x00\xFF\xFF\xFF\xFF\xFF\xFE\x00\x00\x00\x00\x00\x0F\xFE\x00\x00\x00\x00\x00\x00\x0F\xFE\x00\x00\x00\x00\x00\x00\x0F\xFE\x00\x00\x00\x00\x00\x00\x0F\xFE\x00\x00\x00\x00\x00\x00\x0F\xFE\x00\x00\x00\x00\x00\x00\x0F\xFE\x00\x00\x00\x00\x00\x00\x0F\xFE\x00\x00\x00\x00\x00\x00\x0F\xFE\x00\x00\x00\x00\x00\x00\x0F\xFE\x00\x00\x00\x00\x00\x00\x0F\xFE\x00\x00\x00\x00\x00\x00\x0F\xFE\x00\x00\x00\x00\x00\x00\x0F\xFE\x00\x00\x00\x00\x00\x00\x0F\xFE\x00\x00\x00\x00\x00\x00\x0F\xFE\x00\x00\x00\x00\x00\x00\x0F\xFE\x00\x00\x00\x00\x00\x00\x0F\xFE\x00\x00\x00\x00\x00\x00\x0F\xFE\x00\x00",
    /* 0x35 */ "\x00\x00\xFF\xFF\xFF\xFF\xC0\x00\x00\x00\xFF\xFF\xFF\xFF\xC0\x00\x00\x01\xFF\xFF\xFF\xFF\xC0\x00\x00\x01\xFF\xFF\xFF\xFF\xC0\x00\x00\x01\xFF\xFF\xFF\xFF\xC0\x00\x00\x01\xFF\xFF\xFF\xFF\xC0\x00\x00\x01\xFF\xFF\xFF\xFF\xC0\x00\x00\x01\xFF\xFF\xFF\xFF\xC0\x00\x00\x01\xFF\xFF\xFF\xFF\x80\x00\x00\x01\xFF\xC0\x00\x00\x00\x00\x00\x01\xFF\xC0\x00\x00\x00\x00\x00\x01\xFF\xC0\x00\x00\x00\x00\x00\x01\xFF\x80\x00\x00\x00\x00\x00\x01\xFF\x80\x00\x00\x00\x00\x00\x01\xFF\x80\x00\x00\x00\x00\x00\x01\xFF\x80\x00\x00\x00\x00\x00\x01\xFF\x80\x00\x00\x00\x00\x00\x01\xFF\x80\x00\x00\x00\x00\x00\x03\xFF\x80\x00\x00\x00\x00\x00\x03\xFF\x80\x00\x00\x00\x00\x00\x03\xFF\x80\x00\x00\x00\x00\x00\x03\xFF\x80\x00\x00\x00\x00\x00\x03\xFF\x8F\xFC\x00\x00\x00\x00\x03\xFF\xFF\xFF\x80\x00\x00\x00\x03\xFF\xFF\xFF\xF0\x00\x00\x00\x03\xFF\xFF\xFF\xF8\x00\x00\x00\x03\xFF\xFF\xFF\xFC\x00\x00\x00\x03\xFF\xFF\xFF\xFF\x00\x00\x00\x03\xFF\xFF\xFF\xFF\x00\x00\x00\x03\xFF\xFF\xFF\xFF\x80\x00\x00\x03\xFF\xC0\x7F\xFF\xC0\x00\x00\x00\xFE\x00\x1F\xFF\xC0\x00\x00\x00\x38\x00\x07\xFF\xE0\x00\x00\x00\x00\x00\x03\xFF\xE0\x00\x00\x00\x00\x00\x01\xFF\xF0\x00\x00\x00\x00\x00\x01\xFF\xF0\x00\x00\x00\x00\x00\x00\xFF\xF0\x00\x00\x00\x00\x00\x00\xFF\xF0\x00\x00\x00\x00\x00\x00\xFF\xF8\x00\x00\x00\x00\x00\x00\x7F\xF8\x00\x00\x00\x00\x00\x00\x7F\xF8\x00\x00\x00\x00\x00\x00\x7F\xF8\x00\x00\x00\x00\x00\x00\x7F\xF8\x00\x00\x00\x00\x00\x00\x7F\xF8\x00\x00\x00\x00\x00\x00\x7F\xF8\x00\x00\x00\x00\x00\x00\x7F\xF8\x00\x00\x00\x00\x00\x00\xFF\xF8\x00\x00\x00\x00\x00\x00\xFF\xF0\x00\x00\x00\x00\x00\x00\xFF\xF0\x00\x00\x02\x00\x00\x01\xFF\xF0\x00\x00\x07\x00\x00\x01\xFF\xF0\x00\x00\x0F\x80\x00\x03\xFF\xE0\x00\x00\x1F\xE0\x00\x07\xFF\xE0\x00\x00\x1F\xF8\x00\x0F\xFF\xC0\x00\x00\x3F\xFE\x00\x3F\xFF\xC0\x00\x00\x7F\xFF\xFF\xFF\xFF\x80\x00\x00\x7F\xFF\xFF\xFF\xFF\x00\x00\x00\x3F\xFF\xFF\xFF\xFF\x00\x00\x00\x1F\xFF\xFF\xFF\xFE\x00\x00\x00\x07\xFF\xFF\xFF\xFC\x00\x00\x00\x03\xFF\xFF\xFF\xF0\x00\x00\x00\x00\xFF\xFF\xFF\xE0\x00\x00\x00\x00\x3F\xFF\xFF\x80\x00\x00\x00\x00\x0F\xFF\xFE\x00\x00\x00",
    /* 0x36 */ "\x00\x00\x00\x7F\xFF\xF8\x00\x00\x00\x00\x00\xFF\xFF\xFC\x00\x00\x00\x00\x03\xFF\xFF\xFF\x00\x00\x00\x00\x07\xFF\xFF\xFF\x80\x00\x00\x00\x0F\xFF\xFF\xFF\xE0\x00\x00\x00\x1F\xFF\xFF\xFF\xF0\x00\x00\x00\x3F\xFF\xFF\xFF\xE0\x00\x00\x00\x7F\xFF\xFF\xFF\xC0\x00\x00\x00\xFF\xFF\x81\xFF\x80\x00\x00\x00\xFF\xFC\x00\x7F\x80\x00\x00\x01\xFF\xF0\x00\x1F\x00\x00\x00\x03\xFF\xE0\x00\x0E\x00\x00\x00\x03\xFF\xC0\x00\x04\x00\x00\x00\x03\xFF\x80\x00\x00\x00\x00\x00\x07\xFF\x80\x00\x00\x00\x00\x00\x07\xFF\x00\x00\x00\x00\x00\x00\x0F\xFF\x00\x00\x00\x00\x00\x00\x0F\xFE\x00\x00\x00\x00\x00\x00\x0F\xFE\x00\x00\x00\x00\x00\x00\x1F\xFE\x00\x00\x00\x00\x00\x00\x1F\xFC\x00\x00\x00\x00\x00\x00\x1F\xFC\x00\x00\x00\x00\x00\x00\x1F\xFC\x00\x00\x00\x00\x00\x00\x1F\xFC\x00\x00\x00\x00\x00\x00\x3F\xFC\x01\xFF\x00\x00\x00\x00\x3F\xFC\x0F\xFF\xE0\x00\x00\x00\x3F\xF8\x3F\xFF\xF8\x00\x00\x00\x3F\xF8\x7F\xFF\xFC\x00\x00\x00\x3F\xF8\xFF\xFF\xFE\x00\x00\x00\x3F\xFB\xFF\xFF\xFF\x00\x00\x00\x3F\xFF\xFF\xFF\xFF\x80\x00\x00\x3F\xFF\xFF\xFF\xFF\xC0\x00\x00\x3F\xFF\xF8\x1F\xFF\xC0\x00\x00\x3F\xFF\xE0\x03\xFF\xE0\x00\x00\x3F\xFF\x80\x01\xFF\xE0\x00\x00\x3F\xFF\x00\x00\xFF\xF0\x00\x00\x3F\xFE\x00\x00\xFF\xF0\x00\x00\x3F\xFC\x00\x00\x7F\xF0\x00\x00\x3F\xFC\x00\x00\x7F\xF8\x00\x00\x3F\xF8\x00\x00\x7F\xF8\x00\x00\x3F\xF8\x00\x00\x3F\xF8\x00\x00\x3F\xFC\x00\x00\x3F\xF8\x00\x00\x1F\xFC\x00\x00\x3F\xF8\x00\x00\x1F\xFC\x00\x00\x3F\xF8\x00\x00\x1F\xFC\x00\x00\x3F\xF8\x00\x00\x1F\xFC\x00\x00\x3F\xF8\x00\x00\x1F\xFC\x00\x00\x3F\xF8\x00\x00\x0F\xFE\x00\x00\x3F\xF8\x00\x00\x0F\xFE\x00\x00\x7F\xF8\x00\x00\x0F\xFF\x00\x00\x7F\xF8\x00\x00\x07\xFF\x00\x00\x7F\xF0\x00\x00\x07\xFF\x00\x00\xFF\xF0\x00\x00\x03\xFF\x80\x00\xFF\xF0\x00\x00\x03\xFF\xC0\x01\xFF\xE0\x00\x00\x01\xFF\xE0\x03\xFF\xE0\x00\x00\x01\xFF\xF0\x07\xFF\xC0\x00\x00\x00\xFF\xFC\x1F\xFF\xC0\x00\x00\x00\xFF\xFF\xFF\xFF\x80\x00\x00\x00\x7F\xFF\xFF\xFF\x00\x00\x00\x00\x3F\xFF\xFF\xFF\x00\x00\x00\x00\x1F\xFF\xFF\xFE\x00\x00\x00\x00\x0F\xFF\xFF\xFC\x00\x00\x00\x00\x03\xFF\xFF\xF0\x00\x00\x00\x00\x01\xFF\xFF\xE0\x00\x00",
    /* 0x37 */ "\x00\x3F\xFF\xFF\xFF\xFF\xF0\x00\x00\x3F\xFF\xFF\xFF\xFF\xF0\x00\x00\x3F\xFF\xFF\xFF\xFF\xF0\x00\x00\x3F\xFF\xFF\xFF\xFF\xF0\x00\x00\x3F\xFF\xFF\xFF\xFF\xF0\x00\x00\x3F\xFF\xFF\xFF\xFF\xF0\x00\x00\x3F\xFF\xFF\xFF\xFF\xF0\x00\x00\x3F\xFF\xFF\xFF\xFF\xE0\x00\x00\x3F\xFF\xFF\xFF\xFF\xC0\x00\x00\x00\x00\x00\x01\xFF\xC0\x00\x00\x00\x00\x00\x03\xFF\x80\x00\x00\x00\x00\x00\x03\xFF\x00\x00\x00\x00\x00\x00\x07\xFE\x00\x00\x00\x00\x00\x00\x0F\xFE\x00\x00\x00\x00\x00\x00\x0F\xFC\x00\x00\x00\x00\x00\x00\x1F\xF8\x00\x00\x00\x00\x00\x00\x3F\xF8\x00\x00\x00\x00\x00\x00\x3F\xF0\x00\x00\x00\x00\x00\x00\x7F\xF0\x00\x00\x00\x00\x00\x00\x7F\xE0\x00\x00\x00\x00\x00\x00\xFF\xE0\x00\x00\x00\x00\x00\x00\xFF\xC0\x00\x00\x00\x00\x00\x01\xFF\xC0\x00\x00\x00\x00\x00\x01\xFF\x80\x00\x00\x00\x00\x00\x03\xFF\x80\x00\x00\x00\x00\x00\x03\xFF\x00\x00\x00\x00\x00\x00\x07\xFF\x00\x00\x00\x00\x00\x00\x07\xFE\x00\x00\x00\x00\x00\x00\x0F\xFE\x00\x00\x00\x00\x00\x00\x0F\xFE\x00\x00\x00\x00\x00\x00\x0F\xFC\x00\x00\x00\x00\x00\x00\x1F\xFC\x00\x00\x00\x00\x00\x00\x1F\xFC\x00\x00\x00\x00\x00\x00\x1F\xF8\x00\x00\x00\x00\x00\x00\x3F\xF8\x00\x00\x00\x00\x00\x00\x3F\xF8\x00\x00\x00\x00\x00\x00\x3F\xF8\x00\x00\x00\x00\x00\x00\x3F\xF0\x00\x00\x00\x00\x00\x00\x7F\xF0\x00\x00\x00\x00\x00\x00\x7F\xF0\x00\x00\x00\x00\x00\x00\x7F\xF0\x00\x00\x00\x00\x00\x00\xFF\xF0\x00\x00\x00\x00\x00\x00\xFF\xF0\x00\x00\x00\x00\x00\x00\xFF\xE0\x00\x00\x00\x00\x00\x00\xFF\xE0\x00\x00\x00\x00\x00\x00\xFF\xE0\x00\x00\x00\x00\x00\x00\xFF\xE0\x00\x00\x00\x00\x00\x01\xFF\xE0\x00\x00\x00\x00\x00\x01\xFF\xE0\x00\x00\x00\x00\x00\x01\xFF\xE0\x00\x00\x00\x00\x00\x01\xFF\xE0\x00\x00\x00\x00\x00\x01\xFF\xC0\x00\x00\x00\x00\x00\x01\xFF\xC0\x00\x00\x00\x00\x00\x01\xFF\xC0\x00\x00\x00\x00\x00\x01\xFF\xC0\x00\x00\x00\x00\x00\x03\xFF\xC0\x00\x00\x00\x00\x00\x03\xFF\xC0\x00\x00\x00\x00\x00\x03\xFF\xC0\x00\x00\x00\x00\x00\x03\xFF\xC0\x00\x00\x00\x00\x00\x03\xFF\xC0\x00\x00\x00\x00\x00\x03\xFF\xC0\x00\x00\x00\x00\x00\x03\xFF\xC0\x00\x00\x00\x00\x00\x03\xFF\xC0\x00\x00\x00\x00\x00\x03\xFF\xC0\x00\x00\x00",
    /* 0x38 */ "\x00\x00\x07\xFF\xFF\xE0\x00\x00\x00\x00\x0F\xFF\xFF\xF0\x00\x00\x00\x00\x1F\xFF\xFF\xFC\x00\x00\x00\x00\x7F\xFF\xFF\xFE\x00\x00\x00\x00\x7F\xFF\xFF\xFF\x00\x00\x00\x00\xFF\xFF\xFF\xFF\x00\x00\x00\x01\xFF\xF8\x1F\xFF\x80\x00\x00\x01\xFF\xE0\x07\xFF\x80\x00\x00\x03\xFF\x80\x03\xFF\xC0\x00\x00\x03\xFF\x80\x01\xFF\xC0\x00\x00\x07\xFF\x00\x00\xFF\xE0\x00\x00\x07\xFF\x00\x00\xFF\xE0\x00\x00\x07\xFE\x00\x00\x7F\xE0\x00\x00\x07\xFE\x00\x00\x7F\xE0\x00\x00\x07\xFE\x00\x00\x7F\xE0\x00\x00\x07\xFE\x00\x00\x7F\xE0\x00\x00\x07\xFE\x00\x00\x7F\xE0\x00\x00\x07\xFE\x00\x00\x7F\xE0\x00\x00\x07\xFF\x00\x00\x7F\xE0\x00\x00\x03\xFF\x00\x00\xFF\xC0\x00\x00\x03\xFF\x80\x00\xFF\xC0\x00\x00\x03\xFF\xC0\x00\xFF\xC0\x00\x00\x01\xFF\xE0\x01\xFF\x80\x00\x00\x01\xFF\xF0\x01\xFF\x00\x00\x00\x00\xFF\xFC\x03\xFF\x00\x00\x00\x00\x7F\xFF\x07\xFE\x00\x00\x00\x00\x7F\xFF\xCF\xFC\x00\x00\x00\x00\x3F\xFF\xFF\xF8\x00\x00\x00\x00\x1F\xFF\xFF\xF0\x00\x00\x00\x00\x0F\xFF\xFF\xE0\x00\x00\x00\x00\x07\xFF\xFF\xC0\x00\x00\x00\x00\x0F\xFF\xFF\xE0\x00\x00\x00\x00\x3F\xFF\xFF\xF8\x00\x00\x00\x00\x7F\xFF\xFF\xFC\x00\x00\x00\x00\xFF\xCF\xFF\xFE\x00\x00\x00\x01\xFF\x81\xFF\xFF\x00\x00\x00\x03\xFF\x00\x7F\xFF\x80\x00\x00\x07\xFE\x00\x1F\xFF\xC0\x00\x00\x0F\xFE\x00\x0F\xFF\xE0\x00\x00\x0F\xFC\x00\x03\xFF\xE0\x00\x00\x1F\xF8\x00\x01\xFF\xF0\x00\x00\x1F\xF8\x00\x00\xFF\xF0\x00\x00\x1F\xF8\x00\x00\xFF\xF0\x00\x00\x3F\xF0\x00\x00\x7F\xF8\x00\x00\x3F\xF0\x00\x00\x7F\xF8\x00\x00\x3F\xF0\x00\x00\x3F\xF8\x00\x00\x3F\xF0\x00\x00\x3F\xF8\x00\x00\x3F\xF0\x00\x00\x3F\xF8\x00\x00\x3F\xF0\x00\x00\x3F\xF8\x00\x00\x3F\xF0\x00\x00\x3F\xF8\x00\x00\x3F\xF8\x00\x00\x3F\xF8\x00\x00\x3F\xF8\x00\x00\x7F\xF8\x00\x00\x1F\xFC\x00\x00\x7F\xF0\x00\x00\x1F\xFE\x00\x00\xFF\xF0\x00\x00\x1F\xFF\x00\x01\xFF\xF0\x00\x00\x0F\xFF\xC0\x03\xFF\xE0\x00\x00\x07\xFF\xF0\x1F\xFF\xC0\x00\x00\x07\xFF\xFF\xFF\xFF\xC0\x00\x00\x03\xFF\xFF\xFF\xFF\x80\x00\x00\x01\xFF\xFF\xFF\xFF\x00\x00\x00\x00\x7F\xFF\xFF\xFE\x00\x00\x00\x00\x3F\xFF\xFF\xF8\x00\x00\x00\x00\x0F\xFF\xFF\xE0\x00\x00\x00\x00\x03\xFF\xFF\x80\x00\x00",
    /* 0x39 */ "\x00\x00\x0F\xFF\xFF\x00\x00\x00\x00\x00\x1F\xFF\xFF\xC0\x00\x00\x00\x00\x7F\xFF\xFF\xE0\x00\x00\x00\x00\xFF\xFF\xFF\xF0\x00\x00\x00\x01\xFF\xFF\xFF\xF8\x00\x00\x00\x03\xFF\xFF\xFF\xFC\x00\x00\x00\x03\xFF\xFF\xFF\xFE\x00\x00\x00\x07\xFF\xF0\x7F\xFF\x00\x00\x00\x0F\xFF\xC0\x1F\xFF\x00\x00\x00\x0F\xFF\x00\x0F\xFF\x80\x00\x00\x1F\xFF\x00\x07\xFF\x80\x00\x00\x1F\xFE\x00\x03\xFF\xC0\x00\x00\x1F\xFC\x00\x01\xFF\xC0\x00\x00\x1F\xFC\x00\x01\xFF\xE0\x00\x00\x3F\xFC\x00\x00\xFF\xE0\x00\x00\x3F\xF8\x00\x00\xFF\xE0\x00\x00\x3F\xF8\x00\x00\xFF\xF0\x00\x00\x3F\xF8\x00\x00\x7F\xF0\x00\x00\x3F\xF8\x00\x00\x7F\xF0\x00\x00\x3F\xF8\x00\x00\x7F\xF0\x00\x00\x3F\xF8\x00\x00\x7F\xF0\x00\x00\x3F\xF8\x00\x00\x7F\xF8\x00\x00\x3F\xF8\x00\x00\x3F\xF8\x00\x00\x3F\xFC\x00\x00\x3F\xF8\x00\x00\x3F\xFC\x00\x00\x7F\xF8\x00\x00\x1F\xFC\x00\x00\xFF\xF8\x00\x00\x1F\xFE\x00\x00\xFF\xF8\x00\x00\x1F\xFE\x00\x01\xFF\xF8\x00\x00\x0F\xFF\x00\x07\xFF\xF8\x00\x00\x0F\xFF\x80\x0F\xFF\xF8\x00\x00\x0F\xFF\xF0\x7F\xFF\xF8\x00\x00\x07\xFF\xFF\xFF\xFF\xF8\x00\x00\x03\xFF\xFF\xFF\xFF\xF8\x00\x00\x01\xFF\xFF\xFF\xBF\xF8\x00\x00\x00\xFF\xFF\xFE\x3F\xF8\x00\x00\x00\x7F\xFF\xFC\x3F\xF8\x00\x00\x00\x3F\xFF\xF8\x3F\xF8\x00\x00\x00\x0F\xFF\xE0\x3F\xF8\x00\x00\x00\x01\xFF\x00\x7F\xF8\x00\x00\x00\x00\x00\x00\x7F\xF0\x00\x00\x00\x00\x00\x00\x7F\xF0\x00\x00\x00\x00\x00\x00\x7F\xF0\x00\x00\x00\x00\x00\x00\x7F\xF0\x00\x00\x00\x00\x00\x00\xFF\xF0\x00\x00\x00\x00\x00\x00\xFF\xE0\x00\x00\x00\x00\x00\x00\xFF\xE0\x00\x00\x00\x00\x00\x01\xFF\xE0\x00\x00\x00\x00\x00\x01\xFF\xC0\x00\x00\x00\x00\x00\x01\xFF\xC0\x00\x00\x00\x00\x00\x03\xFF\xC0\x00\x00\x00\x00\x00\x07\xFF\x80\x00\x00\x00\x60\x00\x0F\xFF\x80\x00\x00\x00\xF0\x00\x0F\xFF\x00\x00\x00\x01\xF8\x00\x3F\xFF\x00\x00\x00\x03\xFE\x00\xFF\xFE\x00\x00\x00\x07\xFF\xFF\xFF\xFC\x00\x00\x00\x0F\xFF\xFF\xFF\xFC\x00\x00\x00\x1F\xFF\xFF\xFF\xF8\x00\x00\x00\x0F\xFF\xFF\xFF\xF0\x00\x00\x00\x07\xFF\xFF\xFF\xE0\x00\x00\x00\x03\xFF\xFF\xFF\xC0\x00\x00\x00\x00\xFF\xFF\xFF\x00\x00\x00\x00\x00\x7F\xFF\xFE\x00\x00\x00\x00\x00\x0F\xFF\xF0\x00\x00\x00",
    /* 0x3A */ "\x00\x00\x00\x00\x00\x00\x00\x00\x00\x00\x00\x00\x00\x00\x00\x00\x00\x00\x00\x00\x00\x00\x00\x00\x00\x00\x00\x00\x00\x00\x00\x00\x00\x00\x00\x00\x00\x00\x00\x00\x00\x00\x00\x00\x00\x00\x00\x00\x00\x00\x00\x00\x00\x00\x00\x00\x00\x00\x00\x07\xC0\x00\x00\x00\x00\x00\x00\x1F\xF0\x00\x00\x00\x00\x00\x00\x3F\xF8\x00\x00\x00\x00\x00\x00\x7F\xFC\x00\x00\x00\x00\x00\x00\x7F\xFC\x00\x00\x00\x00\x00\x00\xFF\xFE\x00\x00\x00\x00\x00\x00\xFF\xFE\x00\x00\x00\x00\x00\x00\xFF\xFE\x00\x00\x00\x00\x00\x00\xFF\xFE\x00\x00\x00\x00\x00\x00\xFF\xFE\x00\x00\x00\x00\x00\x00\x7F\xFC\x00\x00\x00\x00\x00\x00\x7F\xFC\x00\x00\x00\x00\x00\x00\x3F\xF8\x00\x00\x00\x00\x00\x00\x1F\xF0\x00\x00\x00\x00\x00\x00\x07\xC0\x00\x00\x00\x00\x00\x00\x00\x00\x00\x00\x00\x00\x00\x00\x00\x00\x00\x00\x00\x00\x00\x00\x00\x00\x00\x00\x00\x00\x00\x00\x00\x00\x00\x00\x00\x00\x00\x00\x00\x00\x00\x00\x00\x00\x00\x00\x00\x00\x00\x00\x00\x00\x00\x00\x00\x00\x00\x00\x00\x00\x00\x00\x00\x00\x00\x00\x00\x00\x00\x00\x00\x00\x00\x00\x00\x00\x00\x00\x00\x00\x00\x00\x00\x00\x00\x00\x00\x00\x00\x00\x00\x00\x00\x00\x00\x00\x00\x00\x00\x00\x00\x00\x00\x00\x00\x00\x00\x00\x00\x00\x00\x00\x00\x00\x00\x00\x00\x00\x00\x00\x00\x00\x00\x00\x00\x00\x00\x00\x00\x00\x00\x00\x00\x00\x00\x00\x00\x00\x00\x00\x00\x00\x00\x00\x00\x00\x00\x00\x00\x00\x07\xC0\x00\x00\x00\x00\x00\x00\x1F\xF0\x00\x00\x00\x00\x00\x00\x3F\xF8\x00\x00\x00\x00\x00\x00\x7F\xFC\x00\x00\x00\x00\x00\x00\x7F\xFC\x00\x00\x00\x00\x00\x00\xFF\xFE\x00\x00\x00\x00\x00\x00\xFF\xFE\x00\x00\x00\x00\x00\x00\xFF\xFE\x00\x00\x00\x00\x00\x00\xFF\xFE\x00\x00\x00\x00\x00\x00\xFF\xFE\x00\x00\x00\x00\x00\x00\xFF\xFE\x00\x00\x00\x00\x00\x00\x7F\xFC\x00\x00\x00\x00\x00\x00\x7F\xFC\x00\x00\x00\x00\x00\x00\x3F\xF8\x00\x00\x00\x00\x00\x00\x1F\xF0\x00\x00\x00\x00\x00\x00\x07\xC0\x00\x00\x00\x00\x00\x00\x00\x00\x00\x00\x00\x00\x00\x00\x00\x00\x00\x00\x00\x00\x00\x00\x00\x00\x00\x00\x00\x00\x00\x00\x00\x00\x00\x00\x00\x00\x00\x00\x00\x00\x00\x00\x00\x00\x00\x00\x00\x00\x00\x00\x00\x00\x00\x00\x00\x00\x00\x00\x00\x00\x00\x00\x00\x00\x00\x00\x00",
    /* 0x3B */ "\x00\x00\x00\x3F\xF8\x00\x00\x00\x00\x00\x00\x7F\xFC\x00\x00\x00\x00\x00\x00\x7F\xFC\x00\x00\x00\x00\x00\x00\xFF\xFE\x00\x00\x00\x00\x00\x00\xFF\xFE\x00\x00\x00\x00\x00\x00\xFF\xFE\x00\x00\x00\x00\x00\x00\xFF\xFE\x00\x00\x00\x00\x00\x00\xFF\xFE\x00\x00\x00\x00\x00\x00\x7F\xFC\x00\x00\x00\x00\x00\x00\x7F\xFC\x00\x00\x00\x00\x00\x00\x3F\xF8\x00\x00\x00\x00\x00\x00\x1F\xF0\x00\x00\x00\x00\x00\x00\x07\xC0\x00\x00\x00\x00\x00\x00\x00\x00\x00\x00\x00\x00\x00\x00\x00\x00\x00\x00\x00\x00\x00\x00\x00\x00\x00\x00\x00\x00\x00\x00\x00\x00\x00\x00\x00\x00\x00\x00\x00\x00\x00\x00\x00\x00\x00\x00\x00\x00\x00\x00\x00\x00\x00\x00\x00\x00\x00\x00\x00\x00\x00\x00\x00\x00\x00\x00\x00\x00\x00\x00\x00\x00\x00\x00\x00\x00\x00\x00\x00\x00\x00\x00\x00\x00\x00\x00\x00\x00\x00\x00\x00\x00\x00\x00\x00\x00\x00\x00\x00\x00\x00\x00\x00\x00\x00\x00\x00\x00\x00\x00\x00\x00\x00\x00\x00\x00\x00\x00\x00\x00\x00\x00\x00\x00\x00\x00\x00\x00\x00\x00\x00\x00\x00\x00\x00\x00\x00\x00\x00\x00\x00\x00\x00\x00\x00\x00\x00\x00\x00\x00\x00\x00\x00\x00\x00\x00\x00\x00\x07\xE0\x00\x00\x00\x00\x00\x00\x1F\xF0\x00\x00\x00\x00\x00\x00\x3F\xF8\x00\x00\x00\x00\x00\x00\x7F\xFC\x00\x00\x00\x00\x00\x00\xFF\xFE\x00\x00\x00\x00\x00\x00\xFF\xFE\x00\x00\x00\x00\x00\x00\xFF\xFE\x00\x00\x00\x00\x00\x00\xFF\xFF\x00\x00\x00\x00\x00\x00\xFF\xFF\x00\x00\x00\x00\x00\x00\xFF\xFF\x00\x00\x00\x00\x00\x00\x7F\xFF\x00\x00\x00\x00\x00\x00\x3F\xFF\x00\x00\x00\x00\x00\x00\x1F\xFF\x00\x00\x00\x00\x00\x00\x0F\xFF\x00\x00\x00\x00\x00\x00\x00\xFF\x00\x00\x00\x00\x00\x00\x00\xFF\x00\x00\x00\x00\x00\x00\x00\xFF\x00\x00\x00\x00\x00\x00\x01\xFE\x00\x00\x00\x00\x00\x00\x01\xFE\x00\x00\x00\x00\x00\x00\x03\xFE\x00\x00\x00\x00\x00\x00\x03\xFC\x00\x00\x00\x00\x00\x00\x07\xFC\x00\x00\x00\x00\x00\x00\x0F\xF8\x00\x00\x00\x00\x00\x00\x1F\xF8\x00\x00\x00\x00\x00\x00\x7F\xF0\x00\x00\x00\x00\x00\x01\xFF\xE0\x00\x00\x00\x00\x00\x03\xFF\xC0\x00\x00\x00\x00\x00\x01\xFF\x80\x00\x00\x00\x00\x00\x01\xFF\x00\x00\x00\x00\x00\x00\x00\xFE\x00\x00\x00\x00\x00\x00\x00\xF8\x00\x00\x00\x00\x00\x00\x00\xE0\x00\x00\x00\x00",
    /* 0x3C */ "\x00\x00\x00\x00\x00\x00\x00\x00\x00\x00\x00\x00\x00\x00\x00\x00\x00\x00\x00\x00\x00\x00\x00\x00\x00\x00\x00\x00\x00\x00\x00\x00\x00\x00\x00\x00\x00\x00\x00\x00\x00\x00\x00\x00\x00\x00\x1C\x00\x00\x00\x00\x00\x00\x00\x7C\x00\x00\x00\x00\x00\x00\x03\xFC\x00\x00\x00\x00\x00\x00\x1F\xFC\x00\x00\x00\x00\x00\x00\x7F\xFC\x00\x00\x00\x00\x00\x03\xFF\xFC\x00\x00\x00\x00\x00\x0F\xFF\xFC\x00\x00\x00\x00\x00\x7F\xFF\xFC\x00\x00\x00\x00\x03\xFF\xFF\xFC\x00\x00\x00\x00\x0F\xFF\xFF\xF8\x00\x00\x00\x00\x7F\xFF\xFF\xC0\x00\x00\x00\x01\xFF\xFF\xFE\x00\x00\x00\x00\x0F\xFF\xFF\xF8\x00\x00\x00\x00\x7F\xFF\xFF\xC0\x00\x00\x00\x01\xFF\xFF\xFE\x00\x00\x00\x00\x0F\xFF\xFF\xF0\x00\x00\x00\x00\x3F\xFF\xFF\x80\x00\x00\x00\x00\x7F\xFF\xFC\x00\x00\x00\x00\x00\x7F\xFF\xF0\x00\x00\x00\x00\x00\x7F\xFF\x80\x00\x00\x00\x00\x00\x7F\xFC\x00\x00\x00\x00\x00\x00\x7F\xFC\x00\x00\x00\x00\x00\x00\x7F\xFF\x00\x00\x00\x00\x00\x00\x7F\xFF\xE0\x00\x00\x00\x00\x00\x7F\xFF\xFC\x00\x00\x00\x00\x00\x3F\xFF\xFF\x80\x00\x00\x00\x00\x0F\xFF\xFF\xF0\x00\x00\x00\x00\x01\xFF\xFF\xFE\x00\x00\x00\x00\x00\x7F\xFF\xFF\x80\x00\x00\x00\x00\x0F\xFF\xFF\xF0\x00\x00\x00\x00\x01\xFF\xFF\xFE\x00\x00\x00\x00\x00\x7F\xFF\xFF\xC0\x00\x00\x00\x00\x0F\xFF\xFF\xF8\x00\x00\x00\x00\x03\xFF\xFF\xFC\x00\x00\x00\x00\x00\x7F\xFF\xFC\x00\x00\x00\x00\x00\x1F\xFF\xFC\x00\x00\x00\x00\x00\x03\xFF\xFC\x00\x00\x00\x00\x00\x00\x7F\xFC\x00\x00\x00\x00\x00\x00\x1F\xFC\x00\x00\x00\x00\x00\x00\x03\xFC\x00\x00\x00\x00\x00\x00\x00\xFC\x00\x00\x00\x00\x00\x00\x00\x1C\x00\x00\x00\x00\x00\x00\x00\x00\x00\x00\x00\x00\x00\x00\x00\x00\x00\x00\x00\x00\x00\x00\x00\x00\x00\x00\x00\x00\x00\x00\x00\x00\x00\x00\x00\x00\x00\x00\x00\x00\x00\x00\x00\x00\x00\x00\x00\x00\x00\x00\x00\x00\x00\x00\x00\x00\x00\x00\x00\x00\x00\x00\x00\x00\x00\x00\x00\x00\x00\x00\x00\x00\x00\x00\x00\x00\x00\x00\x00\x00\x00\x00\x00\x00\x00\x00\x00\x00\x00\x00\x00\x00\x00\x00\x00\x00\x00\x00\x00\x00\x00\x00\x00\x00\x00\x00\x00\x00\x00\x00\x00\x00\x00\x00\x00\x00\x00\x00\x00\x00\x00\x00\x00\x00\x00\x00\x00\x00\x00\x00\x00\x00\x00\x00\x00\x00\x00",
    /* 0x3D */ "\x00\x00\x00\x00\x00\x00\x00\x00\x00\x00\x00\x00\x00\x00\x00\x00\x00\x00\x00\x00\x00\x00\x00\x00\x00\x00\x00\x00\x00\x00\x00\x00\x00\x00\x00\x00\x00\x00\x00\x00\x00\x00\x00\x00\x00\x00\x00\x00\x00\x00\x00\x00\x00\x00\x00\x00\x00\x00\x00\x00\x00\x00\x00\x00\x00\x3F\xFF\xFF\xFF\xFF\xFC\x00\x00\x3F\xFF\xFF\xFF\xFF\xFC\x00\x00\x3F\xFF\xFF\xFF\xFF\xFC\x00\x00\x3F\xFF\xFF\xFF\xFF\xFC\x00\x00\x3F\xFF\xFF\xFF\xFF\xFC\x00\x00\x3F\xFF\xFF\xFF\xFF\xFC\x00\x00\x3F\xFF\xFF\xFF\xFF\xFC\x00\x00\x3F\xFF\xFF\xFF\xFF\xFC\x00\x00\x00\x00\x00\x00\x00\x00\x00\x00\x00\x00\x00\x00\x00\x00\x00\x00\x00\x00\x00\x00\x00\x00\x00\x00\x00\x00\x00\x00\x00\x00\x00\x00\x00\x00\x00\x00\x00\x00\x00\x00\x00\x00\x00\x00\x00\x00\x00\x00\x00\x00\x00\x00\x00\x00\x00\x00\x00\x00\x00\x00\x00\x00\x00\x00\x00\x00\x00\x00\x00\x00\x00\x00\x00\x00\x00\x00\x00\x00\x00\x00\x00\x00\x00\x00\x00\x00\x00\x00\x00\x00\x00\x00\x00\x00\x00\x00\x00\x00\x00\x00\x00\x00\x00\x00\x00\x00\x00\x00\x00\x00\x00\x00\x3F\xFF\xFF\xFF\xFF\xFC\x00\x00\x3F\xFF\xFF\xFF\xFF\xFC\x00\x00\x3F\xFF\xFF\xFF\xFF\xFC\x00\x00\x3F\xFF\xFF\xFF\xFF\xFC\x00\x00\x3F\xFF\xFF\xFF\xFF\xFC\x00\x00\x3F\xFF\xFF\xFF\xFF\xFC\x00\x00\x3F\xFF\xFF\xFF\xFF\xFC\x00\x00\x3F\xFF\xFF\xFF\xFF\xFC\x00\x00\x00\x00\x00\x00\x00\x00\x00\x00\x00\x00\x00\x00\x00\x00\x00\x00\x00\x00\x00\x00\x00\x00\x00\x00\x00\x00\x00\x00\x00\x00\x00\x00\x00\x00\x00\x00\x00\x00\x00\x00\x00\x00\x00\x00\x00\x00\x00\x00\x00\x00\x00\x00\x00\x00\x00\x00\x00\x00\x00\x00\x00\x00\x00\x00\x00\x00\x00\x00\x00\x00\x00\x00\x00\x00\x00\x00\x00\x00\x00\x00\x00\x00\x00\x00\x00\x00\x00\x00\x00\x00\x00\x00\x00\x00\x00\x00\x00\x00\x00\x00\x00\x00\x00\x00\x00\x00\x00\x00\x00\x00\x00\x00\x00\x00\x00\x00\x00\x00\x00\x00\x00\x00\x00\x00\x00\x00\x00\x00\x00\x00\x00\x00\x00\x00\x00\x00\x00\x00\x00\x00\x00\x00\x00\x00\x00\x00\x00\x00\x00\x00\x00\x00\x00\x00\x00\x00\x00\x00\x00\x00\x00\x00\x00\x00\x00\x00\x00\x00\x00\x00\x00\x00\x00\x00\x00\x00\x00\x00\x00\x00\x00\x00\x00\x00\x00\x00\x00\x00\x00\x00\x00\x00\x00\x00\x00\x00\x00\x00\x00\x00\x00\x00\x00\x00\x00\x00\x00",
    /* 0x3E */ "\x00\x00\x00\x00\x00\x00\x00\x00\x00\x00\x00\x00\x00\x00\x00\x00\x00\x00\x00\x00\x00\x00\x00\x00\x00\x00\x00\x00\x00\x00\x00\x00\x00\x00\x00\x00\x00\x00\x00\x00\x00\x60\x00\x00\x00\x00\x00\x00\x00\x7C\x00\x00\x00\x00\x00\x00\x00\x7F\x00\x00\x00\x00\x00\x00\x00\x7F\xE0\x00\x00\x00\x00\x00\x00\x7F\xFC\x00\x00\x00\x00\x00\x00\x7F\xFF\x00\x00\x00\x00\x00\x00\x7F\xFF\xE0\x00\x00\x00\x00\x00\x7F\xFF\xF8\x00\x00\x00\x00\x00\x7F\xFF\xFF\x00\x00\x00\x00\x00\x7F\xFF\xFF\xE0\x00\x00\x00\x00\x0F\xFF\xFF\xF8\x00\x00\x00\x00\x01\xFF\xFF\xFF\x00\x00\x00\x00\x00\x3F\xFF\xFF\xC0\x00\x00\x00\x00\x07\xFF\xFF\xF8\x00\x00\x00\x00\x00\xFF\xFF\xFF\x00\x00\x00\x00\x00\x3F\xFF\xFF\xC0\x00\x00\x00\x00\x07\xFF\xFF\xF8\x00\x00\x00\x00\x00\xFF\xFF\xFC\x00\x00\x00\x00\x00\x1F\xFF\xFC\x00\x00\x00\x00\x00\x03\xFF\xFC\x00\x00\x00\x00\x00\x00\xFF\xFC\x00\x00\x00\x00\x00\x00\x7F\xFC\x00\x00\x00\x00\x00\x03\xFF\xFC\x00\x00\x00\x00\x00\x1F\xFF\xFC\x00\x00\x00\x00\x00\xFF\xFF\xFC\x00\x00\x00\x00\x03\xFF\xFF\xF8\x00\x00\x00\x00\x1F\xFF\xFF\xC0\x00\x00\x00\x00\xFF\xFF\xFF\x00\x00\x00\x00\x07\xFF\xFF\xF8\x00\x00\x00\x00\x3F\xFF\xFF\xE0\x00\x00\x00\x01\xFF\xFF\xFF\x00\x00\x00\x00\x0F\xFF\xFF\xF8\x00\x00\x00\x00\x7F\xFF\xFF\xE0\x00\x00\x00\x00\x7F\xFF\xFF\x00\x00\x00\x00\x00\x7F\xFF\xFC\x00\x00\x00\x00\x00\x7F\xFF\xE0\x00\x00\x00\x00\x00\x7F\xFF\x00\x00\x00\x00\x00\x00\x7F\xFC\x00\x00\x00\x00\x00\x00\x7F\xE0\x00\x00\x00\x00\x00\x00\x7F\x80\x00\x00\x00\x00\x00\x00\x7C\x00\x00\x00\x00\x00\x00\x00\x70\x00\x00\x00\x00\x00\x00\x00\x00\x00\x00\x00\x00\x00\x00\x00\x00\x00\x00\x00\x00\x00\x00\x00\x00\x00\x00\x00\x00\x00\x00\x00\x00\x00\x00\x00\x00\x00\x00\x00\x00\x00\x00\x00\x00\x00\x00\x00\x00\x00\x00\x00\x00\x00\x00\x00\x00\x00\x00\x00\x00\x00\x00\x00\x00\x00\x00\x00\x00\x00\x00\x00\x00\x00\x00\x00\x00\x00\x00\x00\x00\x00\x00\x00\x00\x00\x00\x00\x00\x00\x00\x00\x00\x00\x00\x00\x00\x00\x00\x00\x00\x00\x00\x00\x00\x00\x00\x00\x00\x00\x00\x00\x00\x00\x00\x00\x00\x00\x00\x00\x00\x00\x00\x00\x00\x00\x00\x00\x00\x00\x00\x00\x00\x00\x00\x00\x00\x00\x00\x00\x00\x00\x00",
    /* 0x3F */ "\x00\x00\x0F\xFF\xFF\xE0\x00\x00\x00\x00\x3F\xFF\xFF\xF8\x00\x00\x00\x00\x7F\xFF\xFF\xF8\x00\x00\x00\x00\xFF\xFF\xFF\xFC\x00\x00\x00\x01\xFF\xFF\xFF\xFE\x00\x00\x00\x03\xFF\xFF\xFF\xFE\x00\x00\x00\x03\xFF\xFF\xFF\xFF\x00\x00\x00\x01\xFF\xC0\x3F\xFF\x00\x00\x00\x00\x7F\x00\x0F\xFF\x80\x00\x00\x00\x3C\x00\x0F\xFF\x80\x00\x00\x00\x18\x00\x07\xFF\x80\x00\x00\x00\x00\x00\x07\xFF\x80\x00\x00\x00\x00\x00\x03\xFF\x80\x00\x00\x00\x00\x00\x03\xFF\x80\x00\x00\x00\x00\x00\x03\xFF\x80\x00\x00\x00\x00\x00\x03\xFF\x80\x00\x00\x00\x00\x00\x03\xFF\x80\x00\x00\x00\x00\x00\x07\xFF\x80\x00\x00\x00\x00\x00\x07\xFF\x00\x00\x00\x00\x00\x00\x0F\xFF\x00\x00\x00\x00\x00\x00\x0F\xFE\x00\x00\x00\x00\x00\x00\x1F\xFE\x00\x00\x00\x00\x00\x00\x3F\xFC\x00\x00\x00\x00\x00\x00\x7F\xF8\x00\x00\x00\x00\x00\x00\x7F\xF8\x00\x00\x00\x00\x00\x00\xFF\xF0\x00\x00\x00\x00\x00\x01\xFF\xE0\x00\x00\x00\x00\x00\x03\xFF\xC0\x00\x00\x00\x00\x00\x07\xFF\xC0\x00\x00\x00\x00\x00\x07\xFF\x80\x00\x00\x00\x00\x00\x0F\xFF\x00\x00\x00\x00\x00\x00\x1F\xFE\x00\x00\x00\x00\x00\x00\x1F\xFC\x00\x00\x00\x00\x00\x00\x3F\xFC\x00\x00\x00\x00\x00\x00\x3F\xF8\x00\x00\x00\x00\x00\x00\x3F\xF8\x00\x00\x00\x00\x00\x00\x7F\xF0\x00\x00\x00\x00\x00\x00\x7F\xF0\x00\x00\x00\x00\x00\x00\x7F\xF0\x00\x00\x00\x00\x00\x00\x7F\xF0\x00\x00\x00\x00\x00\x00\x7F\xE0\x00\x00\x00\x00\x00\x00\x7F\xE0\x00\x00\x00\x00\x00\x00\x7F\xF0\x00\x00\x00\x00\x00\x00\x00\x00\x00\x00\x00\x00\x00\x00\x00\x00\x00\x00\x00\x00\x00\x00\x00\x00\x00\x00\x00\x00\x00\x00\x00\x00\x00\x00\x00\x00\x00\x00\x00\x00\x00\x00\x00\x00\x00\x00\x00\x00\x00\x00\x00\x00\x00\x00\x00\x00\x00\x00\x00\x00\x00\x00\x0F\x80\x00\x00\x00\x00\x00\x00\x3F\xE0\x00\x00\x00\x00\x00\x00\x7F\xF0\x00\x00\x00\x00\x00\x00\xFF\xF8\x00\x00\x00\x00\x00\x00\xFF\xF8\x00\x00\x00\x00\x00\x01\xFF\xFC\x00\x00\x00\x00\x00\x01\xFF\xFC\x00\x00\x00\x00\x00\x01\xFF\xFC\x00\x00\x00\x00\x00\x01\xFF\xFC\x00\x00\x00\x00\x00\x01\xFF\xFC\x00\x00\x00\x00\x00\x01\xFF\xFC\x00\x00\x00\x00\x00\x00\xFF\xF8\x00\x00\x00\x00\x00\x00\xFF\xF8\x00\x00\x00\x00\x00\x00\x7F\xF0\x00\x00\x00",
    /* 0x40 */ "\x00\x7F\xFE\x00\x00\x00\x7F\xF8\x00\xFF\xF8\x00\x00\x00\x1F\xFC\x01\xFF\xE0\x00\x00\x00\x0F\xFE\x03\xFF\xC0\x00\x00\x00\x03\xFF\x07\xFF\x00\x00\x00\x00\x01\xFF\x0F\xFE\x00\x00\x00\x00\x00\xFF\x1F\xFC\x00\x00\x00\x00\x00\x7F\x3F\xF8\x00\x00\x00\x00\x00\x3F\x7F\xE0\x00\x00\x00\x00\x00\x3F\x7F\xE0\x00\x00\x00\x00\x00\x1F\xFF\xC0\x00\x00\x00\x00\x00\x1F\xFF\x80\x00\x00\x00\x00\x00\x0F\xFF\x00\x00\x07\xF0\x00\x00\x0F\xFE\x00\x00\x3F\xFC\x3F\x80\x07\xFE\x00\x00\xFF\xFE\x3F\x80\x07\xFC\x00\x01\xFF\xFF\x7F\x80\x03\xFC\x00\x07\xFF\xFF\x7F\x80\x03\xF8\x00\x0F\xFF\xFF\xFF\x80\x03\xF8\x00\x1F\xFF\xFF\xFF\x00\x03\xF0\x00\x1F\xFF\xFF\xFF\x00\x03\xF0\x00\x3F\xFE\x1F\xFF\x00\x01\xE0\x00\x7F\xF8\x07\xFF\x00\x01\xE0\x00\x7F\xE0\x03\xFF\x00\x01\xE0\x00\xFF\xC0\x01\xFE\x00\x01\xC0\x00\xFF\xC0\x03\xFE\x00\x01\xC0\x01\xFF\x80\x03\xFE\x00\x01\xC0\x01\xFF\x00\x03\xFE\x00\x01\xC0\x03\xFF\x00\x03\xFE\x00\x01\xC0\x03\xFE\x00\x03\xFC\x00\x01\x80\x03\xFE\x00\x03\xFC\x00\x01\x80\x07\xFE\x00\x07\xFC\x00\x03\x80\x07\xFE\x00\x07\xFC\x00\x03\x80\x07\xFC\x00\x07\xFC\x00\x03\x80\x07\xFC\x00\x07\xF8\x00\x03\x80\x07\xFC\x00\x07\xF8\x00\x07\x80\x07\xFC\x00\x0F\xF8\x00\x07\x80\x07\xFC\x00\x0F\xF8\x00\x0F\x80\x07\xFC\x00\x0F\xF8\x00\x0F\x80\x07\xFC\x00\x0F\xF8\x00\x1F\x80\x07\xFE\x00\x1F\xF8\x00\x3F\x80\x03\xFE\x00\x3F\xF8\x00\x3F\xC0\x03\xFF\x00\xFF\xF8\x00\xFF\xC0\x03\xFF\xC3\xFF\xFC\x01\xFF\xC0\x01\xFF\xFF\xFF\xFF\x07\xFF\xC0\x01\xFF\xFF\xFB\xFF\xFF\xFE\xC0\x00\xFF\xFF\xF1\xFF\xFF\xFC\xE0\x00\x7F\xFF\xE1\xFF\xFF\xF8\xE0\x00\x3F\xFF\xC0\xFF\xFF\xF0\xE0\x00\x0F\xFF\x00\x7F\xFF\xC0\xF0\x00\x03\xF8\x00\x3F\xFF\x00\xF0\x00\x00\x00\x00\x07\xF8\x00\xF8\x00\x00\x00\x00\x00\x00\x00\xFC\x00\x00\x00\x00\x00\x00\x00\xFC\x00\x00\x00\x00\x00\x00\x00\xFE\x00\x00\x00\x00\x00\x00\x00\xFF\x00\x00\x00\x00\x00\x00\x00\xFF\x80\x00\x00\x00\x00\x00\x00\xFF\xC0\x00\x00\x00\x00\x00\x00\xFF\xE0\x00\x00\x00\x00\x00\x00\x7F\xF0\x00\x00\x00\x00\x00\x00\x7F\xFC\x00\x00\x00\x00\x00\x00\x3F\xFE\x00\x00\x00\x0C\x00\x00\x1F\xFF\xC0\x00\x00\x3E\x00\x00\x0F\xFF\xF0\x00\x01\xFE\x00\x00",
    /* 0x41 */ "\x00\x00\x00\xFF\xFE\x00\x00\x00\x00\x00\x00\xFF\xFE\x00\x00\x00\x00\x00\x00\xFF\xFF\x00\x00\x00\x00\x00\x01\xFF\xFF\x00\x00\x00\x00\x00\x01\xFF\xFF\x00\x00\x00\x00\x00\x01\xFF\xFF\x00\x00\x00\x00\x00\x03\xFF\xFF\x80\x00\x00\x00\x00\x03\xFF\xFF\x80\x00\x00\x00\x00\x03\xFF\xFF\x80\x00\x00\x00\x00\x07\xFE\xFF\xC0\x00\x00\x00\x00\x07\xFE\xFF\xC0\x00\x00\x00\x00\x07\xFC\xFF\xC0\x00\x00\x00\x00\x0F\xFC\x7F\xE0\x00\x00\x00\x00\x0F\xFC\x7F\xE0\x00\x00\x00\x00\x0F\xFC\x7F\xE0\x00\x00\x00\x00\x1F\xF8\x7F\xF0\x00\x00\x00\x00\x1F\xF8\x3F\xF0\x00\x00\x00\x00\x1F\xF8\x3F\xF0\x00\x00\x00\x00\x1F\xF8\x3F\xF8\x00\x00\x00\x00\x3F\xF0\x3F\xF8\x00\x00\x00\x00\x3F\xF0\x1F\xF8\x00\x00\x00\x00\x3F\xF0\x1F\xFC\x00\x00\x00\x00\x7F\xF0\x1F\xFC\x00\x00\x00\x00\x7F\xE0\x0F\xFC\x00\x00\x00\x00\x7F\xE0\x0F\xFE\x00\x00\x00\x00\xFF\xE0\x0F\xFE\x00\x00\x00\x00\xFF\xC0\x0F\xFE\x00\x00\x00\x00\xFF\xC0\x07\xFF\x00\x00\x00\x01\xFF\xC0\x07\xFF\x00\x00\x00\x01\xFF\xC0\x07\xFF\x00\x00\x00\x01\xFF\x80\x03\xFF\x80\x00\x00\x03\xFF\x80\x03\xFF\x80\x00\x00\x03\xFF\x80\x03\xFF\x80\x00\x00\x03\xFF\x00\x03\xFF\xC0\x00\x00\x07\xFF\x00\x01\xFF\xC0\x00\x00\x07\xFF\x00\x01\xFF\xC0\x00\x00\x07\xFE\x00\x01\xFF\xE0\x00\x00\x0F\xFF\xFF\xFF\xFF\xE0\x00\x00\x0F\xFF\xFF\xFF\xFF\xE0\x00\x00\x0F\xFF\xFF\xFF\xFF\xF0\x00\x00\x1F\xFF\xFF\xFF\xFF\xF0\x00\x00\x1F\xFF\xFF\xFF\xFF\xF0\x00\x00\x1F\xFF\xFF\xFF\xFF\xF8\x00\x00\x3F\xFF\xFF\xFF\xFF\xF8\x00\x00\x3F\xFF\xFF\xFF\xFF\xF8\x00\x00\x3F\xFF\xFF\xFF\xFF\xFC\x00\x00\x7F\xFF\xFF\xFF\xFF\xFC\x00\x00\x7F\xF0\x00\x00\x3F\xFC\x00\x00\x7F\xF0\x00\x00\x1F\xFE\x00\x00\xFF\xF0\x00\x00\x1F\xFE\x00\x00\xFF\xE0\x00\x00\x1F\xFE\x00\x00\xFF\xE0\x00\x00\x0F\xFF\x00\x01\xFF\xE0\x00\x00\x0F\xFF\x00\x01\xFF\xE0\x00\x00\x0F\xFF\x00\x01\xFF\xC0\x00\x00\x0F\xFF\x00\x03\xFF\xC0\x00\x00\x07\xFF\x80\x03\xFF\xC0\x00\x00\x07\xFF\x80\x03\xFF\x80\x00\x00\x07\xFF\x80\x07\xFF\x80\x00\x00\x03\xFF\xC0\x07\xFF\x80\x00\x00\x03\xFF\xC0\x07\xFF\x80\x00\x00\x03\xFF\xC0\x0F\xFF\x00\x00\x00\x01\xFF\xE0\x0F\xFF\x00\x00\x00\x01\xFF\xE0\x0F\xFF\x00\x00\x00\x01\xFF\xE0",
    /* 0x42 */ "\x00\x3F\xFF\xFF\xFF\xE0\x00\x00\x00\x3F\xFF\xFF\xFF\xF8\x00\x00\x00\x3F\xFF\xFF\xFF\xFE\x00\x00\x00\x3F\xFF\xFF\xFF\xFF\x80\x00\x00\x3F\xFF\xFF\xFF\xFF\xC0\x00\x00\x3F\xFF\xFF\xFF\xFF\xE0\x00\x00\x3F\xFF\xFF\xFF\xFF\xF0\x00\x00\x3F\xFF\xFF\xFF\xFF\xF0\x00\x00\x3F\xFF\xFF\xFF\xFF\xF8\x00\x00\x3F\xFC\x00\x07\xFF\xF8\x00\x00\x3F\xFC\x00\x01\xFF\xF8\x00\x00\x3F\xFC\x00\x00\xFF\xFC\x00\x00\x3F\xFC\x00\x00\x7F\xFC\x00\x00\x3F\xFC\x00\x00\x3F\xFC\x00\x00\x3F\xFC\x00\x00\x3F\xFC\x00\x00\x3F\xFC\x00\x00\x3F\xFC\x00\x00\x3F\xFC\x00\x00\x3F\xFC\x00\x00\x3F\xFC\x00\x00\x3F\xFC\x00\x00\x3F\xFC\x00\x00\x3F\xFC\x00\x00\x3F\xFC\x00\x00\x3F\xFC\x00\x00\x3F\xFC\x00\x00\x7F\xF8\x00\x00\x3F\xFC\x00\x00\x7F\xF8\x00\x00\x3F\xFC\x00\x00\xFF\xF0\x00\x00\x3F\xFC\x00\x01\xFF\xF0\x00\x00\x3F\xFC\x00\x03\xFF\xE0\x00\x00\x3F\xFC\x00\x3F\xFF\xC0\x00\x00\x3F\xFF\xFF\xFF\xFF\xC0\x00\x00\x3F\xFF\xFF\xFF\xFF\x00\x00\x00\x3F\xFF\xFF\xFF\xFE\x00\x00\x00\x3F\xFF\xFF\xFF\xF8\x00\x00\x00\x3F\xFF\xFF\xFF\xFF\x00\x00\x00\x3F\xFF\xFF\xFF\xFF\xC0\x00\x00\x3F\xFF\xFF\xFF\xFF\xE0\x00\x00\x3F\xFF\xFF\xFF\xFF\xF8\x00\x00\x3F\xFF\xFF\xFF\xFF\xFC\x00\x00\x3F\xFC\x00\x07\xFF\xFE\x00\x00\x3F\xFC\x00\x00\x7F\xFF\x00\x00\x3F\xFC\x00\x00\x1F\xFF\x00\x00\x3F\xFC\x00\x00\x0F\xFF\x80\x00\x3F\xFC\x00\x00\x07\xFF\x80\x00\x3F\xFC\x00\x00\x07\xFF\x80\x00\x3F\xFC\x00\x00\x03\xFF\xC0\x00\x3F\xFC\x00\x00\x03\xFF\xC0\x00\x3F\xFC\x00\x00\x03\xFF\xC0\x00\x3F\xFC\x00\x00\x03\xFF\xC0\x00\x3F\xFC\x00\x00\x03\xFF\xC0\x00\x3F\xFC\x00\x00\x03\xFF\xC0\x00\x3F\xFC\x00\x00\x07\xFF\xC0\x00\x3F\xFC\x00\x00\x07\xFF\xC0\x00\x3F\xFC\x00\x00\x07\xFF\x80\x00\x3F\xFC\x00\x00\x0F\xFF\x80\x00\x3F\xFC\x00\x00\x1F\xFF\x80\x00\x3F\xFC\x00\x00\x7F\xFF\x00\x00\x3F\xFC\x00\x01\xFF\xFF\x00\x00\x3F\xFF\xFF\xFF\xFF\xFE\x00\x00\x3F\xFF\xFF\xFF\xFF\xFE\x00\x00\x3F\xFF\xFF\xFF\xFF\xFC\x00\x00\x3F\xFF\xFF\xFF\xFF\xF8\x00\x00\x3F\xFF\xFF\xFF\xFF\xF0\x00\x00\x3F\xFF\xFF\xFF\xFF\xE0\x00\x00\x3F\xFF\xFF\xFF\xFF\x80\x00\x00\x3F\xFF\xFF\xFF\xFE\x00\x00\x00\x3F\xFF\xFF\xFF\xF0\x00\x00\x00\x3F\xFF\xFF\xFF\x00\x00\x00",
    /* 0x43 */ "\x00\x00\x00\x3F\xFF\xFF\x80\x00\x00\x00\x00\xFF\xFF\xFF\xE0\x00\x00\x00\x03\xFF\xFF\xFF\xF0\x00\x00\x00\x07\xFF\xFF\xFF\xFC\x00\x00\x00\x1F\xFF\xFF\xFF\xFE\x00\x00\x00\x3F\xFF\xFF\xFF\xFF\x00\x00\x00\x7F\xFF\xFF\xFF\xFF\x00\x00\x00\xFF\xFF\xFF\xFF\xFE\x00\x00\x01\xFF\xFF\x00\x1F\xFC\x00\x00\x01\xFF\xFC\x00\x07\xF8\x00\x00\x03\xFF\xF0\x00\x01\xF8\x00\x00\x07\xFF\xE0\x00\x00\xF0\x00\x00\x07\xFF\xC0\x00\x00\x60\x00\x00\x0F\xFF\x80\x00\x00\x00\x00\x00\x0F\xFF\x00\x00\x00\x00\x00\x00\x1F\xFF\x00\x00\x00\x00\x00\x00\x1F\xFE\x00\x00\x00\x00\x00\x00\x3F\xFE\x00\x00\x00\x00\x00\x00\x3F\xFC\x00\x00\x00\x00\x00\x00\x3F\xFC\x00\x00\x00\x00\x00\x00\x7F\xF8\x00\x00\x00\x00\x00\x00\x7F\xF8\x00\x00\x00\x00\x00\x00\x7F\xF8\x00\x00\x00\x00\x00\x00\x7F\xF8\x00\x00\x00\x00\x00\x00\xFF\xF0\x00\x00\x00\x00\x00\x00\xFF\xF0\x00\x00\x00\x00\x00\x00\xFF\xF0\x00\x00\x00\x00\x00\x00\xFF\xF0\x00\x00\x00\x00\x00\x00\xFF\xF0\x00\x00\x00\x00\x00\x00\xFF\xF0\x00\x00\x00\x00\x00\x00\xFF\xF0\x00\x00\x00\x00\x00\x00\xFF\xF0\x00\x00\x00\x00\x00\x00\xFF\xF0\x00\x00\x00\x00\x00\x00\xFF\xF0\x00\x00\x00\x00\x00\x00\xFF\xF0\x00\x00\x00\x00\x00\x00\xFF\xF0\x00\x00\x00\x00\x00\x00\xFF\xF0\x00\x00\x00\x00\x00\x00\xFF\xF0\x00\x00\x00\x00\x00\x00\xFF\xF8\x00\x00\x00\x00\x00\x00\x7F\xF8\x00\x00\x00\x00\x00\x00\x7F\xF8\x00\x00\x00\x00\x00\x00\x7F\xF8\x00\x00\x00\x00\x00\x00\x7F\xFC\x00\x00\x00\x00\x00\x00\x7F\xFC\x00\x00\x00\x00\x00\x00\x3F\xFC\x00\x00\x00\x00\x00\x00\x3F\xFE\x00\x00\x00\x00\x00\x00\x3F\xFE\x00\x00\x00\x00\x00\x00\x1F\xFF\x00\x00\x00\x00\x00\x00\x1F\xFF\x80\x00\x00\x10\x00\x00\x0F\xFF\x80\x00\x00\x38\x00\x00\x0F\xFF\xC0\x00\x00\x78\x00\x00\x07\xFF\xF0\x00\x00\xFC\x00\x00\x07\xFF\xF8\x00\x03\xFE\x00\x00\x03\xFF\xFE\x00\x0F\xFF\x00\x00\x01\xFF\xFF\xC0\x7F\xFF\x80\x00\x00\xFF\xFF\xFF\xFF\xFF\x80\x00\x00\x7F\xFF\xFF\xFF\xFF\x80\x00\x00\x3F\xFF\xFF\xFF\xFF\x00\x00\x00\x1F\xFF\xFF\xFF\xFE\x00\x00\x00\x0F\xFF\xFF\xFF\xFC\x00\x00\x00\x07\xFF\xFF\xFF\xF0\x00\x00\x00\x01\xFF\xFF\xFF\xE0\x00\x00\x00\x00\x7F\xFF\xFF\x80\x00\x00\x00\x00\x0F\xFF\xFE\x00\x00",
    /* 0x44 */ "\x00\x7F\xFF\xFF\xFC\x00\x00\x00\x00\x7F\xFF\xFF\xFF\x80\x00\x00\x00\x7F\xFF\xFF\xFF\xE0\x00\x00\x00\x7F\xFF\xFF\xFF\xF8\x00\x00\x00\x7F\xFF\xFF\xFF\xFE\x00\x00\x00\x7F\xFF\xFF\xFF\xFF\x00\x00\x00\x7F\xFF\xFF\xFF\xFF\x80\x00\x00\x7F\xFF\xFF\xFF\xFF\xC0\x00\x00\x7F\xFF\xFF\xFF\xFF\xE0\x00\x00\x7F\xF8\x00\x7F\xFF\xF0\x00\x00\x7F\xF8\x00\x0F\xFF\xF8\x00\x00\x7F\xF8\x00\x03\xFF\xF8\x00\x00\x7F\xF8\x00\x01\xFF\xFC\x00\x00\x7F\xF8\x00\x00\xFF\xFC\x00\x00\x7F\xF8\x00\x00\x7F\xFE\x00\x00\x7F\xF8\x00\x00\x3F\xFE\x00\x00\x7F\xF8\x00\x00\x1F\xFF\x00\x00\x7F\xF8\x00\x00\x1F\xFF\x00\x00\x7F\xF8\x00\x00\x0F\xFF\x00\x00\x7F\xF8\x00\x00\x0F\xFF\x80\x00\x7F\xF8\x00\x00\x07\xFF\x80\x00\x7F\xF8\x00\x00\x07\xFF\x80\x00\x7F\xF8\x00\x00\x07\xFF\x80\x00\x7F\xF8\x00\x00\x07\xFF\x80\x00\x7F\xF8\x00\x00\x03\xFF\xC0\x00\x7F\xF8\x00\x00\x03\xFF\xC0\x00\x7F\xF8\x00\x00\x03\xFF\xC0\x00\x7F\xF8\x00\x00\x03\xFF\xC0\x00\x7F\xF8\x00\x00\x03\xFF\xC0\x00\x7F\xF8\x00\x00\x03\xFF\xC0\x00\x7F\xF8\x00\x00\x03\xFF\xC0\x00\x7F\xF8\x00\x00\x03\xFF\xC0\x00\x7F\xF8\x00\x00\x03\xFF\xC0\x00\x7F\xF8\x00\x00\x03\xFF\xC0\x00\x7F\xF8\x00\x00\x03\xFF\xC0\x00\x7F\xF8\x00\x00\x03\xFF\xC0\x00\x7F\xF8\x00\x00\x03\xFF\xC0\x00\x7F\xF8\x00\x00\x03\xFF\xC0\x00\x7F\xF8\x00\x00\x03\xFF\xC0\x00\x7F\xF8\x00\x00\x07\xFF\x80\x00\x7F\xF8\x00\x00\x07\xFF\x80\x00\x7F\xF8\x00\x00\x07\xFF\x80\x00\x7F\xF8\x00\x00\x0F\xFF\x80\x00\x7F\xF8\x00\x00\x0F\xFF\x80\x00\x7F\xF8\x00\x00\x0F\xFF\x00\x00\x7F\xF8\x00\x00\x1F\xFF\x00\x00\x7F\xF8\x00\x00\x1F\xFF\x00\x00\x7F\xF8\x00\x00\x3F\xFE\x00\x00\x7F\xF8\x00\x00\x7F\xFE\x00\x00\x7F\xF8\x00\x00\xFF\xFC\x00\x00\x7F\xF8\x00\x01\xFF\xFC\x00\x00\x7F\xF8\x00\x07\xFF\xF8\x00\x00\x7F\xF8\x00\x0F\xFF\xF0\x00\x00\x7F\xF8\x00\x7F\xFF\xF0\x00\x00\x7F\xFF\xFF\xFF\xFF\xE0\x00\x00\x7F\xFF\xFF\xFF\xFF\xC0\x00\x00\x7F\xFF\xFF\xFF\xFF\x80\x00\x00\x7F\xFF\xFF\xFF\xFF\x00\x00\x00\x7F\xFF\xFF\xFF\xFE\x00\x00\x00\x7F\xFF\xFF\xFF\xF8\x00\x00\x00\x7F\xFF\xFF\xFF\xE0\x00\x00\x00\x7F\xFF\xFF\xFF\x80\x00\x00\x00\x7F\xFF\xFF\xFC\x00\x00\x00\x00\x7F\xFF\xFF\xC0\x00\x00\x00",
    /* 0x45 */ "\x00\x07\xFF\xFF\xFF\xFF\xF0\x00\x00\x07\xFF\xFF\xFF\xFF\xF0\x00\x00\x07\xFF\xFF\xFF\xFF\xF0\x00\x00\x07\xFF\xFF\xFF\xFF\xF0\x00\x00\x07\xFF\xFF\xFF\xFF\xF0\x00\x00\x07\xFF\xFF\xFF\xFF\xF0\x00\x00\x07\xFF\xFF\xFF\xFF\xF0\x00\x00\x07\xFF\xFF\xFF\xFF\xF0\x00\x00\x07\xFF\xFF\xFF\xFF\xF0\x00\x00\x07\xFF\x80\x00\x00\x00\x00\x00\x07\xFF\x80\x00\x00\x00\x00\x00\x07\xFF\x80\x00\x00\x00\x00\x00\x07\xFF\x80\x00\x00\x00\x00\x00\x07\xFF\x80\x00\x00\x00\x00\x00\x07\xFF\x80\x00\x00\x00\x00\x00\x07\xFF\x80\x00\x00\x00\x00\x00\x07\xFF\x80\x00\x00\x00\x00\x00\x07\xFF\x80\x00\x00\x00\x00\x00\x07\xFF\x80\x00\x00\x00\x00\x00\x07\xFF\x80\x00\x00\x00\x00\x00\x07\xFF\x80\x00\x00\x00\x00\x00\x07\xFF\x80\x00\x00\x00\x00\x00\x07\xFF\x80\x00\x00\x00\x00\x00\x07\xFF\x80\x00\x00\x00\x00\x00\x07\xFF\x80\x00\x00\x00\x00\x00\x07\xFF\xFF\xFF\xFF\x00\x00\x00\x07\xFF\xFF\xFF\xFF\x00\x00\x00\x07\xFF\xFF\xFF\xFF\x00\x00\x00\x07\xFF\xFF\xFF\xFF\x00\x00\x00\x07\xFF\xFF\xFF\xFF\x00\x00\x00\x07\xFF\xFF\xFF\xFF\x00\x00\x00\x07\xFF\xFF\xFF\xFF\x00\x00\x00\x07\xFF\xFF\xFF\xFF\x00\x00\x00\x07\xFF\xFF\xFF\xFF\x00\x00\x00\x07\xFF\xFF\xFF\xFF\x00\x00\x00\x07\xFF\x80\x00\x00\x00\x00\x00\x07\xFF\x80\x00\x00\x00\x00\x00\x07\xFF\x80\x00\x00\x00\x00\x00\x07\xFF\x80\x00\x00\x00\x00\x00\x07\xFF\x80\x00\x00\x00\x00\x00\x07\xFF\x80\x00\x00\x00\x00\x00\x07\xFF\x80\x00\x00\x00\x00\x00\x07\xFF\x80\x00\x00\x00\x00\x00\x07\xFF\x80\x00\x00\x00\x00\x00\x07\xFF\x80\x00\x00\x00\x00\x00\x07\xFF\x80\x00\x00\x00\x00\x00\x07\xFF\x80\x00\x00\x00\x00\x00\x07\xFF\x80\x00\x00\x00\x00\x00\x07\xFF\x80\x00\x00\x00\x00\x00\x07\xFF\x80\x00\x00\x00\x00\x00\x07\xFF\x80\x00\x00\x00\x00\x00\x07\xFF\x80\x00\x00\x00\x00\x00\x07\xFF\x80\x00\x00\x00\x00\x00\x07\xFF\x80\x00\x00\x00\x00\x00\x07\xFF\xFF\xFF\xFF\xF8\x00\x00\x07\xFF\xFF\xFF\xFF\xF8\x00\x00\x07\xFF\xFF\xFF\xFF\xF8\x00\x00\x07\xFF\xFF\xFF\xFF\xF8\x00\x00\x07\xFF\xFF\xFF\xFF\xF8\x00\x00\x07\xFF\xFF\xFF\xFF\xF8\x00\x00\x07\xFF\xFF\xFF\xFF\xF8\x00\x00\x07\xFF\xFF\xFF\xFF\xF8\x00\x00\x07\xFF\xFF\xFF\xFF\xF8\x00\x00\x07\xFF\xFF\xFF\xFF\xF8\x00",
    /* 0x46 */ "\x00\x03\xFF\xFF\xFF\xFF\xFC\x00\x00\x03\xFF\xFF\xFF\xFF\xFC\x00\x00\x03\xFF\xFF\xFF\xFF\xFC\x00\x00\x03\xFF\xFF\xFF\xFF\xFC\x00\x00\x03\xFF\xFF\xFF\xFF\xFC\x00\x00\x03\xFF\xFF\xFF\xFF\xFC\x00\x00\x03\xFF\xFF\xFF\xFF\xFC\x00\x00\x03\xFF\xFF\xFF\xFF\xFC\x00\x00\x03\xFF\xFF\xFF\xFF\xFC\x00\x00\x03\xFF\xC0\x00\x00\x00\x00\x00\x03\xFF\xC0\x00\x00\x00\x00\x00\x03\xFF\xC0\x00\x00\x00\x00\x00\x03\xFF\xC0\x00\x00\x00\x00\x00\x03\xFF\xC0\x00\x00\x00\x00\x00\x03\xFF\xC0\x00\x00\x00\x00\x00\x03\xFF\xC0\x00\x00\x00\x00\x00\x03\xFF\xC0\x00\x00\x00\x00\x00\x03\xFF\xC0\x00\x00\x00\x00\x00\x03\xFF\xC0\x00\x00\x00\x00\x00\x03\xFF\xC0\x00\x00\x00\x00\x00\x03\xFF\xC0\x00\x00\x00\x00\x00\x03\xFF\xC0\x00\x00\x00\x00\x00\x03\xFF\xC0\x00\x00\x00\x00\x00\x03\xFF\xC0\x00\x00\x00\x00\x00\x03\xFF\xC0\x00\x00\x00\x00\x00\x03\xFF\xC0\x00\x00\x00\x00\x00\x03\xFF\xC0\x00\x00\x00\x00\x00\x03\xFF\xFF\xFF\xFF\x80\x00\x00\x03\xFF\xFF\xFF\xFF\x80\x00\x00\x03\xFF\xFF\xFF\xFF\x80\x00\x00\x03\xFF\xFF\xFF\xFF\x80\x00\x00\x03\xFF\xFF\xFF\xFF\x80\x00\x00\x03\xFF\xFF\xFF\xFF\x80\x00\x00\x03\xFF\xFF\xFF\xFF\x80\x00\x00\x03\xFF\xFF\xFF\xFF\x80\x00\x00\x03\xFF\xFF\xFF\xFF\x80\x00\x00\x03\xFF\xFF\xFF\xFF\x80\x00\x00\x03\xFF\xC0\x00\x00\x00\x00\x00\x03\xFF\xC0\x00\x00\x00\x00\x00\x03\xFF\xC0\x00\x00\x00\x00\x00\x03\xFF\xC0\x00\x00\x00\x00\x00\x03\xFF\xC0\x00\x00\x00\x00\x00\x03\xFF\xC0\x00\x00\x00\x00\x00\x03\xFF\xC0\x00\x00\x00\x00\x00\x03\xFF\xC0\x00\x00\x00\x00\x00\x03\xFF\xC0\x00\x00\x00\x00\x00\x03\xFF\xC0\x00\x00\x00\x00\x00\x03\xFF\xC0\x00\x00\x00\x00\x00\x03\xFF\xC0\x00\x00\x00\x00\x00\x03\xFF\xC0\x00\x00\x00\x00\x00\x03\xFF\xC0\x00\x00\x00\x00\x00\x03\xFF\xC0\x00\x00\x00\x00\x00\x03\xFF\xC0\x00\x00\x00\x00\x00\x03\xFF\xC0\x00\x00\x00\x00\x00\x03\xFF\xC0\x00\x00\x00\x00\x00\x03\xFF\xC0\x00\x00\x00\x00\x00\x03\xFF\xC0\x00\x00\x00\x00\x00\x03\xFF\xC0\x00\x00\x00\x00\x00\x03\xFF\xC0\x00\x00\x00\x00\x00\x03\xFF\xC0\x00\x00\x00\x00\x00\x03\xFF\xC0\x00\x00\x00\x00\x00\x03\xFF\xC0\x00\x00\x00\x00\x00\x03\xFF\xC0\x00\x00\x00\x00\x00\x03\xFF\xC0\x00\x00\x00\x00",
    /* 0x47 */ "\x00\x00\x00\xFF\xFF\xFF\x00\x00\x00\x00\x03\xFF\xFF\xFF\xC0\x00\x00\x00\x0F\xFF\xFF\xFF\xF0\x00\x00\x00\x1F\xFF\xFF\xFF\xF8\x00\x00\x00\x7F\xFF\xFF\xFF\xFE\x00\x00\x00\xFF\xFF\xFF\xFF\xFF\x00\x00\x01\xFF\xFF\xFF\xFF\xFF\x00\x00\x03\xFF\xFF\xFF\xFF\xFE\x00\x00\x07\xFF\xFE\x00\x1F\xFC\x00\x00\x07\xFF\xF8\x00\x07\xF8\x00\x00\x0F\xFF\xE0\x00\x01\xF0\x00\x00\x1F\xFF\xC0\x00\x00\xF0\x00\x00\x1F\xFF\x00\x00\x00\x60\x00\x00\x3F\xFF\x00\x00\x00\x00\x00\x00\x3F\xFE\x00\x00\x00\x00\x00\x00\x7F\xFC\x00\x00\x00\x00\x00\x00\x7F\xF8\x00\x00\x00\x00\x00\x00\xFF\xF8\x00\x00\x00\x00\x00\x00\xFF\xF0\x00\x00\x00\x00\x00\x00\xFF\xF0\x00\x00\x00\x00\x00\x01\xFF\xF0\x00\x00\x00\x00\x00\x01\xFF\xE0\x00\x00\x00\x00\x00\x01\xFF\xE0\x00\x00\x00\x00\x00\x01\xFF\xE0\x00\x00\x00\x00\x00\x03\xFF\xC0\x00\x00\x00\x00\x00\x03\xFF\xC0\x00\x00\x00\x00\x00\x03\xFF\xC0\x00\x00\x00\x00\x00\x03\xFF\xC0\x00\x00\x00\x00\x00\x03\xFF\xC0\x00\x1F\xFF\xFF\x80\x03\xFF\xC0\x00\x1F\xFF\xFF\x80\x03\xFF\xC0\x00\x1F\xFF\xFF\x80\x03\xFF\xC0\x00\x1F\xFF\xFF\x80\x03\xFF\xC0\x00\x1F\xFF\xFF\x80\x03\xFF\xC0\x00\x1F\xFF\xFF\x80\x03\xFF\xC0\x00\x1F\xFF\xFF\x80\x03\xFF\xC0\x00\x1F\xFF\xFF\x80\x03\xFF\xC0\x00\x1F\xFF\xFF\x80\x03\xFF\xC0\x00\x1F\xFF\xFF\x80\x03\xFF\xE0\x00\x00\x01\xFF\x80\x01\xFF\xE0\x00\x00\x01\xFF\x80\x01\xFF\xE0\x00\x00\x01\xFF\x80\x01\xFF\xE0\x00\x00\x01\xFF\x80\x01\xFF\xF0\x00\x00\x01\xFF\x80\x01\xFF\xF0\x00\x00\x01\xFF\x80\x00\xFF\xF0\x00\x00\x01\xFF\x80\x00\xFF\xF8\x00\x00\x01\xFF\x80\x00\xFF\xF8\x00\x00\x01\xFF\x80\x00\x7F\xFC\x00\x00\x01\xFF\x80\x00\x7F\xFE\x00\x00\x01\xFF\x80\x00\x3F\xFF\x00\x00\x01\xFF\x80\x00\x3F\xFF\x80\x00\x01\xFF\x80\x00\x1F\xFF\xC0\x00\x01\xFF\x80\x00\x0F\xFF\xF0\x00\x03\xFF\x80\x00\x0F\xFF\xFC\x00\x07\xFF\x80\x00\x07\xFF\xFF\x80\x3F\xFF\x80\x00\x03\xFF\xFF\xFF\xFF\xFF\x80\x00\x01\xFF\xFF\xFF\xFF\xFF\x80\x00\x00\xFF\xFF\xFF\xFF\xFF\x80\x00\x00\x7F\xFF\xFF\xFF\xFF\x00\x00\x00\x3F\xFF\xFF\xFF\xFC\x00\x00\x00\x0F\xFF\xFF\xFF\xF8\x00\x00\x00\x03\xFF\xFF\xFF\xE0\x00\x00\x00\x00\xFF\xFF\xFF\x80\x00\x00\x00\x00\x3F\xFF\xFE\x00\x00",
    /* 0x48 */ "\x01\xFF\xE0\x00\x00\x07\xFF\x80\x01\xFF\xE0\x00\x00\x07\xFF\x80\x01\xFF\xE0\x00\x00\x07\xFF\x80\x01\xFF\xE0\x00\x00\x07\xFF\x80\x01\xFF\xE0\x00\x00\x07\xFF\x80\x01\xFF\xE0\x00\x00\x07\xFF\x80\x01\xFF\xE0\x00\x00\x07\xFF\x80\x01\xFF\xE0\x00\x00\x07\xFF\x80\x01\xFF\xE0\x00\x00\x07\xFF\x80\x01\xFF\xE0\x00\x00\x07\xFF\x80\x01\xFF\xE0\x00\x00\x07\xFF\x80\x01\xFF\xE0\x00\x00\x07\xFF\x80\x01\xFF\xE0\x00\x00\x07\xFF\x80\x01\xFF\xE0\x00\x00\x07\xFF\x80\x01\xFF\xE0\x00\x00\x07\xFF\x80\x01\xFF\xE0\x00\x00\x07\xFF\x80\x01\xFF\xE0\x00\x00\x07\xFF\x80\x01\xFF\xE0\x00\x00\x07\xFF\x80\x01\xFF\xE0\x00\x00\x07\xFF\x80\x01\xFF\xE0\x00\x00\x07\xFF\x80\x01\xFF\xE0\x00\x00\x07\xFF\x80\x01\xFF\xE0\x00\x00\x07\xFF\x80\x01\xFF\xE0\x00\x00\x07\xFF\x80\x01\xFF\xE0\x00\x00\x07\xFF\x80\x01\xFF\xE0\x00\x00\x07\xFF\x80\x01\xFF\xFF\xFF\xFF\xFF\xFF\x80\x01\xFF\xFF\xFF\xFF\xFF\xFF\x80\x01\xFF\xFF\xFF\xFF\xFF\xFF\x80\x01\xFF\xFF\xFF\xFF\xFF\xFF\x80\x01\xFF\xFF\xFF\xFF\xFF\xFF\x80\x01\xFF\xFF\xFF\xFF\xFF\xFF\x80\x01\xFF\xFF\xFF\xFF\xFF\xFF\x80\x01\xFF\xFF\xFF\xFF\xFF\xFF\x80\x01\xFF\xFF\xFF\xFF\xFF\xFF\x80\x01\xFF\xFF\xFF\xFF\xFF\xFF\x80\x01\xFF\xE0\x00\x00\x07\xFF\x80\x01\xFF\xE0\x00\x00\x07\xFF\x80\x01\xFF\xE0\x00\x00\x07\xFF\x80\x01\xFF\xE0\x00\x00\x07\xFF\x80\x01\xFF\xE0\x00\x00\x07\xFF\x80\x01\xFF\xE0\x00\x00\x07\xFF\x80\x01\xFF\xE0\x00\x00\x07\xFF\x80\x01\xFF\xE0\x00\x00\x07\xFF\x80\x01\xFF\xE0\x00\x00\x07\xFF\x80\x01\xFF\xE0\x00\x00\x07\xFF\x80\x01\xFF\xE0\x00\x00\x07\xFF\x80\x01\xFF\xE0\x00\x00\x07\xFF\x80\x01\xFF\xE0\x00\x00\x07\xFF\x80\x01\xFF\xE0\x00\x00\x07\xFF\x80\x01\xFF\xE0\x00\x00\x07\xFF\x80\x01\xFF\xE0\x00\x00\x07\xFF\x80\x01\xFF\xE0\x00\x00\x07\xFF\x80\x01\xFF\xE0\x00\x00\x07\xFF\x80\x01\xFF\xE0\x00\x00\x07\xFF\x80\x01\xFF\xE0\x00\x00\x07\xFF\x80\x01\xFF\xE0\x00\x00\x07\xFF\x80\x01\xFF\xE0\x00\x00\x07\xFF\x80\x01\xFF\xE0\x00\x00\x07\xFF\x80\x01\xFF\xE0\x00\x00\x07\xFF\x80\x01\xFF\xE0\x00\x00\x07\xFF\x80\x01\xFF\xE0\x00\x00\x07\xFF\x80\x01\xFF\xE0\x00\x00\x07\xFF\x80\x01\xFF\xE0\x00\x00\x07\xFF\x80\x01\xFF\xE0\x00\x00\x07\xFF\x80",
    /* 0x49 */ "\x00\x00\x00\x3F\xFC\x00\x00\x00\x00\x00\x00\x3F\xFC\x00\x00\x00\x00\x00\x00\x3F\xFC\x00\x00\x00\x00\x00\x00\x3F\xFC\x00\x00\x00\x00\x00\x00\x3F\xFC\x00\x00\x00\x00\x00\x00\x3F\xFC\x00\x00\x00\x00\x00\x00\x3F\xFC\x00\x00\x00\x00\x00\x00\x3F\xFC\x00\x00\x00\x00\x00\x00\x3F\xFC\x00\x00\x00\x00\x00\x00\x3F\xFC\x00\x00\x00\x00\x00\x00\x3F\xFC\x00\x00\x00\x00\x00\x00\x3F\xFC\x00\x00\x00\x00\x00\x00\x3F\xFC\x00\x00\x00\x00\x00\x00\x3F\xFC\x00\x00\x00\x00\x00\x00\x3F\xFC\x00\x00\x00\x00\x00\x00\x3F\xFC\x00\x00\x00\x00\x00\x00\x3F\xFC\x00\x00\x00\x00\x00\x00\x3F\xFC\x00\x00\x00\x00\x00\x00\x3F\xFC\x00\x00\x00\x00\x00\x00\x3F\xFC\x00\x00\x00\x00\x00\x00\x3F\xFC\x00\x00\x00\x00\x00\x00\x3F\xFC\x00\x00\x00\x00\x00\x00\x3F\xFC\x00\x00\x00\x00\x00\x00\x3F\xFC\x00\x00\x00\x00\x00\x00\x3F\xFC\x00\x00\x00\x00\x00\x00\x3F\xFC\x00\x00\x00\x00\x00\x00\x3F\xFC\x00\x00\x00\x00\x00\x00\x3F\xFC\x00\x00\x00\x00\x00\x00\x3F\xFC\x00\x00\x00\x00\x00\x00\x3F\xFC\x00\x00\x00\x00\x00\x00\x3F\xFC\x00\x00\x00\x00\x00\x00\x3F\xFC\x00\x00\x00\x00\x00\x00\x3F\xFC\x00\x00\x00\x00\x00\x00\x3F\xFC\x00\x00\x00\x00\x00\x00\x3F\xFC\x00\x00\x00\x00\x00\x00\x3F\xFC\x00\x00\x00\x00\x00\x00\x3F\xFC\x00\x00\x00\x00\x00\x00\x3F\xFC\x00\x00\x00\x00\x00\x00\x3F\xFC\x00\x00\x00\x00\x00\x00\x3F\xFC\x00\x00\x00\x00\x00\x00\x3F\xFC\x00\x00\x00\x00\x00\x00\x3F\xFC\x00\x00\x00\x00\x00\x00\x3F\xFC\x00\x00\x00\x00\x00\x00\x3F\xFC\x00\x00\x00\x00\x00\x00\x3F\xFC\x00\x00\x00\x00\x00\x00\x3F\xFC\x00\x00\x00\x00\x00\x00\x3F\xFC\x00\x00\x00\x00\x00\x00\x3F\xFC\x00\x00\x00\x00\x00\x00\x3F\xFC\x00\x00\x00\x00\x00\x00\x3F\xFC\x00\x00\x00\x00\x00\x00\x3F\xFC\x00\x00\x00\x00\x00\x00\x3F\xFC\x00\x00\x00\x00\x00\x00\x3F\xFC\x00\x00\x00\x00\x00\x00\x3F\xFC\x00\x00\x00\x00\x00\x00\x3F\xFC\x00\x00\x00\x00\x00\x00\x3F\xFC\x00\x00\x00\x00\x00\x00\x3F\xFC\x00\x00\x00\x00\x00\x00\x3F\xFC\x00\x00\x00\x00\x00\x00\x3F\xFC\x00\x00\x00\x00\x00\x00\x3F\xFC\x00\x00\x00\x00\x00\x00\x3F\xFC\x00\x00\x00\x00\x00\x00\x3F\xFC\x00\x00\x00\x00\x00\x00\x3F\xFC\x00\x00\x00\x00\x00\x00\x3F\xFC\x00\x00\x00",
    /* 0x4A */ "\x00\x00\x00\x00\x07\xFF\x80\x00\x00\x00\x00\x00\x07\xFF\x80\x00\x00\x00\x00\x00\x07\xFF\x80\x00\x00\x00\x00\x00\x07\xFF\x80\x00\x00\x00\x00\x00\x07\xFF\x80\x00\x00\x00\x00\x00\x07\xFF\x80\x00\x00\x00\x00\x00\x07\xFF\x80\x00\x00\x00\x00\x00\x07\xFF\x80\x00\x00\x00\x00\x00\x07\xFF\x80\x00\x00\x00\x00\x00\x07\xFF\x80\x00\x00\x00\x00\x00\x07\xFF\x80\x00\x00\x00\x00\x00\x07\xFF\x80\x00\x00\x00\x00\x00\x07\xFF\x80\x00\x00\x00\x00\x00\x07\xFF\x80\x00\x00\x00\x00\x00\x07\xFF\x80\x00\x00\x00\x00\x00\x07\xFF\x80\x00\x00\x00\x00\x00\x07\xFF\x80\x00\x00\x00\x00\x00\x07\xFF\x80\x00\x00\x00\x00\x00\x07\xFF\x80\x00\x00\x00\x00\x00\x07\xFF\x80\x00\x00\x00\x00\x00\x07\xFF\x80\x00\x00\x00\x00\x00\x07\xFF\x80\x00\x00\x00\x00\x00\x07\xFF\x80\x00\x00\x00\x00\x00\x07\xFF\x80\x00\x00\x00\x00\x00\x07\xFF\x80\x00\x00\x00\x00\x00\x07\xFF\x80\x00\x00\x00\x00\x00\x07\xFF\x80\x00\x00\x00\x00\x00\x07\xFF\x80\x00\x00\x00\x00\x00\x07\xFF\x80\x00\x00\x00\x00\x00\x07\xFF\x80\x00\x00\x00\x00\x00\x07\xFF\x80\x00\x00\x00\x00\x00\x07\xFF\x80\x00\x00\x00\x00\x00\x07\xFF\x80\x00\x00\x00\x00\x00\x07\xFF\x80\x00\x00\x00\x00\x00\x07\xFF\x80\x00\x00\x00\x00\x00\x07\xFF\x80\x00\x00\x00\x00\x00\x07\xFF\x80\x00\x00\x00\x00\x00\x07\xFF\x80\x00\x00\x00\x00\x00\x07\xFF\x80\x00\x00\x00\x00\x00\x07\xFF\x80\x00\x00\x00\x00\x00\x07\xFF\x80\x00\x00\x00\x00\x00\x07\xFF\x80\x00\x00\x00\x00\x00\x07\xFF\x80\x00\x00\x00\x00\x00\x07\xFF\x80\x00\x00\x00\x00\x00\x07\xFF\x80\x00\x00\x00\x00\x00\x07\xFF\x80\x00\x00\x00\x00\x00\x07\xFF\x80\x00\x00\x00\x00\x00\x0F\xFF\x80\x00\x00\x00\x40\x00\x0F\xFF\x00\x00\x00\x00\xE0\x00\x0F\xFF\x00\x00\x00\x03\xE0\x00\x0F\xFF\x00\x00\x00\x07\xF0\x00\x1F\xFF\x00\x00\x00\x0F\xF8\x00\x3F\xFE\x00\x00\x00\x3F\xFE\x00\x7F\xFE\x00\x00\x00\x3F\xFF\x81\xFF\xFE\x00\x00\x00\x1F\xFF\xFF\xFF\xFC\x00\x00\x00\x1F\xFF\xFF\xFF\xFC\x00\x00\x00\x0F\xFF\xFF\xFF\xF8\x00\x00\x00\x07\xFF\xFF\xFF\xF0\x00\x00\x00\x03\xFF\xFF\xFF\xE0\x00\x00\x00\x01\xFF\xFF\xFF\xC0\x00\x00\x00\x00\xFF\xFF\xFF\x80\x00\x00\x00\x00\x3F\xFF\xFF\x00\x00\x00\x00\x00\x0F\xFF\xFC\x00\x00\x00",
    /* 0x4B */ "\x00\x3F\xFC\x00\x00\x0F\xFF\x80\x00\x3F\xFC\x00\x00\x1F\xFF\x00\x00\x3F\xFC\x00\x00\x3F\xFE\x00\x00\x3F\xFC\x00\x00\x3F\xFE\x00\x00\x3F\xFC\x00\x00\x7F\xFC\x00\x00\x3F\xFC\x00\x00\xFF\xF8\x00\x00\x3F\xFC\x00\x01\xFF\xF0\x00\x00\x3F\xFC\x00\x03\xFF\xE0\x00\x00\x3F\xFC\x00\x03\xFF\xE0\x00\x00\x3F\xFC\x00\x07\xFF\xC0\x00\x00\x3F\xFC\x00\x0F\xFF\x80\x00\x00\x3F\xFC\x00\x1F\xFF\x00\x00\x00\x3F\xFC\x00\x3F\xFE\x00\x00\x00\x3F\xFC\x00\x3F\xFE\x00\x00\x00\x3F\xFC\x00\x7F\xFC\x00\x00\x00\x3F\xFC\x00\xFF\xF8\x00\x00\x00\x3F\xFC\x01\xFF\xF0\x00\x00\x00\x3F\xFC\x01\xFF\xE0\x00\x00\x00\x3F\xFC\x03\xFF\xE0\x00\x00\x00\x3F\xFC\x07\xFF\xC0\x00\x00\x00\x3F\xFC\x0F\xFF\x80\x00\x00\x00\x3F\xFC\x1F\xFF\x00\x00\x00\x00\x3F\xFC\x1F\xFF\x00\x00\x00\x00\x3F\xFC\x3F\xFE\x00\x00\x00\x00\x3F\xFC\x7F\xFC\x00\x00\x00\x00\x3F\xFC\xFF\xFE\x00\x00\x00\x00\x3F\xFC\xFF\xFE\x00\x00\x00\x00\x3F\xFD\xFF\xFF\x00\x00\x00\x00\x3F\xFF\xFF\xFF\x80\x00\x00\x00\x3F\xFF\xFF\xFF\x80\x00\x00\x00\x3F\xFF\xFF\xFF\xC0\x00\x00\x00\x3F\xFF\xFF\xFF\xC0\x00\x00\x00\x3F\xFF\xFF\xFF\xE0\x00\x00\x00\x3F\xFF\xFF\xFF\xE0\x00\x00\x00\x3F\xFF\xFC\xFF\xF0\x00\x00\x00\x3F\xFF\xF8\xFF\xF8\x00\x00\x00\x3F\xFF\xF8\x7F\xF8\x00\x00\x00\x3F\xFF\xF0\x7F\xFC\x00\x00\x00\x3F\xFF\xE0\x3F\xFC\x00\x00\x00\x3F\xFF\xC0\x3F\xFE\x00\x00\x00\x3F\xFF\xC0\x1F\xFF\x00\x00\x00\x3F\xFF\x80\x0F\xFF\x00\x00\x00\x3F\xFF\x00\x0F\xFF\x80\x00\x00\x3F\xFE\x00\x07\xFF\x80\x00\x00\x3F\xFC\x00\x07\xFF\xC0\x00\x00\x3F\xFC\x00\x03\xFF\xE0\x00\x00\x3F\xFC\x00\x03\xFF\xE0\x00\x00\x3F\xFC\x00\x01\xFF\xF0\x00\x00\x3F\xFC\x00\x00\xFF\xF0\x00\x00\x3F\xFC\x00\x00\xFF\xF8\x00\x00\x3F\xFC\x00\x00\x7F\xF8\x00\x00\x3F\xFC\x00\x00\x7F\xFC\x00\x00\x3F\xFC\x00\x00\x3F\xFE\x00\x00\x3F\xFC\x00\x00\x1F\xFE\x00\x00\x3F\xFC\x00\x00\x1F\xFF\x00\x00\x3F\xFC\x00\x00\x0F\xFF\x00\x00\x3F\xFC\x00\x00\x0F\xFF\x80\x00\x3F\xFC\x00\x00\x07\xFF\xC0\x00\x3F\xFC\x00\x00\x07\xFF\xC0\x00\x3F\xFC\x00\x00\x03\xFF\xE0\x00\x3F\xFC\x00\x00\x01\xFF\xE0\x00\x3F\xFC\x00\x00\x01\xFF\xF0\x00\x3F\xFC\x00\x00\x00\xFF\xF8\x00\x3F\xFC\x00\x00\x00\xFF\xF8",
    /* 0x4C */ "\x00\x01\xFF\xE0\x00\x00\x00\x00\x00\x01\xFF\xE0\x00\x00\x00\x00\x00\x01\xFF\xE0\x00\x00\x00\x00\x00\x01\xFF\xE0\x00\x00\x00\x00\x00\x01\xFF\xE0\x00\x00\x00\x00\x00\x01\xFF\xE0\x00\x00\x00\x00\x00\x01\xFF\xE0\x00\x00\x00\x00\x00\x01\xFF\xE0\x00\x00\x00\x00\x00\x01\xFF\xE0\x00\x00\x00\x00\x00\x01\xFF\xE0\x00\x00\x00\x00\x00\x01\xFF\xE0\x00\x00\x00\x00\x00\x01\xFF\xE0\x00\x00\x00\x00\x00\x01\xFF\xE0\x00\x00\x00\x00\x00\x01\xFF\xE0\x00\x00\x00\x00\x00\x01\xFF\xE0\x00\x00\x00\x00\x00\x01\xFF\xE0\x00\x00\x00\x00\x00\x01\xFF\xE0\x00\x00\x00\x00\x00\x01\xFF\xE0\x00\x00\x00\x00\x00\x01\xFF\xE0\x00\x00\x00\x00\x00\x01\xFF\xE0\x00\x00\x00\x00\x00\x01\xFF\xE0\x00\x00\x00\x00\x00\x01\xFF\xE0\x00\x00\x00\x00\x00\x01\xFF\xE0\x00\x00\x00\x00\x00\x01\xFF\xE0\x00\x00\x00\x00\x00\x01\xFF\xE0\x00\x00\x00\x00\x00\x01\xFF\xE0\x00\x00\x00\x00\x00\x01\xFF\xE0\x00\x00\x00\x00\x00\x01\xFF\xE0\x00\x00\x00\x00\x00\x01\xFF\xE0\x00\x00\x00\x00\x00\x01\xFF\xE0\x00\x00\x00\x00\x00\x01\xFF\xE0\x00\x00\x00\x00\x00\x01\xFF\xE0\x00\x00\x00\x00\x00\x01\xFF\xE0\x00\x00\x00\x00\x00\x01\xFF\xE0\x00\x00\x00\x00\x00\x01\xFF\xE0\x00\x00\x00\x00\x00\x01\xFF\xE0\x00\x00\x00\x00\x00\x01\xFF\xE0\x00\x00\x00\x00\x00\x01\xFF\xE0\x00\x00\x00\x00\x00\x01\xFF\xE0\x00\x00\x00\x00\x00\x01\xFF\xE0\x00\x00\x00\x00\x00\x01\xFF\xE0\x00\x00\x00\x00\x00\x01\xFF\xE0\x00\x00\x00\x00\x00\x01\xFF\xE0\x00\x00\x00\x00\x00\x01\xFF\xE0\x00\x00\x00\x00\x00\x01\xFF\xE0\x00\x00\x00\x00\x00\x01\xFF\xE0\x00\x00\x00\x00\x00\x01\xFF\xE0\x00\x00\x00\x00\x00\x01\xFF\xE0\x00\x00\x00\x00\x00\x01\xFF\xE0\x00\x00\x00\x00\x00\x01\xFF\xE0\x00\x00\x00\x00\x00\x01\xFF\xE0\x00\x00\x00\x00\x00\x01\xFF\xE0\x00\x00\x00\x00\x00\x01\xFF\xE0\x00\x00\x00\x00\x00\x01\xFF\xE0\x00\x00\x00\x00\x00\x01\xFF\xFF\xFF\xFF\xF8\x00\x00\x01\xFF\xFF\xFF\xFF\xFC\x00\x00\x01\xFF\xFF\xFF\xFF\xFC\x00\x00\x01\xFF\xFF\xFF\xFF\xFC\x00\x00\x01\xFF\xFF\xFF\xFF\xFC\x00\x00\x01\xFF\xFF\xFF\xFF\xFC\x00\x00\x01\xFF\xFF\xFF\xFF\xFC\x00\x00\x01\xFF\xFF\xFF\xFF\xFC\x00\x00\x01\xFF\xFF\xFF\xFF\xFC\x00\x00\x01\xFF\xFF\xFF\xFF\xFC\x00",
    /* 0x4D */ "\x1F\xFF\x00\x00\x00\x01\xFF\xF8\x1F\xFF\x80\x00\x00\x01\xFF\xF8\x1F\xFF\x80\x00\x00\x03\xFF\xF8\x1F\xFF\x80\x00\x00\x03\xFF\xF8\x1F\xFF\xC0\x00\x00\x07\xFF\xF8\x1F\xFF\xC0\x00\x00\x07\xFF\xF8\x1F\xFF\xE0\x00\x00\x07\xFF\xF8\x1F\xFF\xE0\x00\x00\x0F\xFF\xF8\x1F\xFF\xE0\x00\x00\x0F\xFF\xF8\x1F\xFF\xF0\x00\x00\x0F\xFF\xF8\x1F\xFF\xF0\x00\x00\x1F\xFF\xF8\x1F\xFF\xF0\x00\x00\x1F\xFF\xF8\x1F\xFF\xF8\x00\x00\x1F\xFF\xF8\x1F\xFF\xF8\x00\x00\x3F\xFF\xF8\x1F\xFF\xF8\x00\x00\x3F\xFF\xF8\x1F\xFF\xFC\x00\x00\x7F\xFF\xF8\x1F\xF7\xFC\x00\x00\x7F\xDF\xF8\x1F\xF7\xFE\x00\x00\x7F\xDF\xF8\x1F\xF7\xFE\x00\x00\xFF\xDF\xF8\x1F\xF3\xFE\x00\x00\xFF\x9F\xF8\x1F\xF3\xFF\x00\x00\xFF\x9F\xF8\x1F\xF3\xFF\x00\x01\xFF\x1F\xF8\x1F\xF1\xFF\x00\x01\xFF\x1F\xF8\x1F\xF1\xFF\x80\x01\xFF\x1F\xF8\x1F\xF1\xFF\x80\x03\xFE\x3F\xF8\x1F\xF8\xFF\x80\x03\xFE\x3F\xF8\x1F\xF8\xFF\xC0\x03\xFE\x3F\xF8\x1F\xF8\x7F\xC0\x07\xFC\x3F\xF8\x1F\xF8\x7F\xE0\x07\xFC\x3F\xF8\x1F\xF8\x7F\xE0\x0F\xFC\x3F\xF8\x1F\xF8\x3F\xE0\x0F\xF8\x3F\xF8\x1F\xF8\x3F\xF0\x0F\xF8\x3F\xF8\x1F\xF8\x3F\xF0\x1F\xF8\x3F\xF8\x1F\xF8\x1F\xF0\x1F\xF0\x3F\xF8\x1F\xF8\x1F\xF8\x1F\xF0\x3F\xF8\x1F\xF8\x1F\xF8\x3F\xE0\x3F\xF8\x1F\xF8\x0F\xF8\x3F\xE0\x3F\xF8\x1F\xF8\x0F\xFC\x3F\xE0\x3F\xF8\x1F\xF8\x07\xFC\x7F\xC0\x3F\xF8\x1F\xF8\x07\xFC\x7F\xC0\x3F\xF8\x1F\xF8\x07\xFE\x7F\xC0\x3F\xF8\x1F\xF8\x03\xFE\x7F\x80\x3F\xF8\x1F\xF8\x03\xFE\xFF\x80\x3F\xF8\x1F\xF8\x03\xFF\xFF\x00\x3F\xF8\x1F\xF8\x01\xFF\xFF\x00\x3F\xF8\x1F\xF8\x01\xFF\xFF\x00\x3F\xF8\x1F\xF8\x00\xFF\xFE\x00\x3F\xF8\x1F\xF8\x00\xFF\xFE\x00\x3F\xF8\x1F\xF8\x00\xFF\xFE\x00\x3F\xF8\x1F\xF8\x00\x7F\xFC\x00\x3F\xF8\x1F\xF8\x00\x7F\xFC\x00\x3F\xF8\x1F\xF8\x00\x7F\xF8\x00\x3F\xF8\x1F\xF8\x00\x3F\xF8\x00\x3F\xF8\x1F\xF8\x00\x3F\xF8\x00\x3F\xF8\x1F\xF8\x00\x1F\xF0\x00\x3F\xF8\x1F\xF8\x00\x1F\xF0\x00\x3F\xF8\x1F\xF8\x00\x1F\xF0\x00\x3F\xF8\x1F\xF8\x00\x0F\xE0\x00\x3F\xF8\x1F\xF8\x00\x00\x00\x00\x3F\xF8\x1F\xF8\x00\x00\x00\x00\x3F\xF8\x1F\xF8\x00\x00\x00\x00\x3F\xF8\x1F\xF8\x00\x00\x00\x00\x3F\xF8\x1F\xF8\x00\x00\x00\x00\x3F\xF8\x1F\xF8\x00\x00\x00\x00\x3F\xF8",
    /* 0x4E */ "\x01\xFF\xF0\x00\x00\x07\xFF\x00\x01\xFF\xF0\x00\x00\x07\xFF\x00\x01\xFF\xF8\x00\x00\x07\xFF\x00\x01\xFF\xF8\x00\x00\x07\xFF\x00\x01\xFF\xFC\x00\x00\x07\xFF\x00\x01\xFF\xFE\x00\x00\x07\xFF\x00\x01\xFF\xFE\x00\x00\x07\xFF\x00\x01\xFF\xFF\x00\x00\x07\xFF\x00\x01\xFF\xFF\x00\x00\x07\xFF\x00\x01\xFF\xFF\x80\x00\x07\xFF\x00\x01\xFF\xFF\x80\x00\x07\xFF\x00\x01\xFF\xFF\xC0\x00\x07\xFF\x00\x01\xFF\xFF\xE0\x00\x07\xFF\x00\x01\xFF\xFF\xE0\x00\x07\xFF\x00\x01\xFF\xFF\xF0\x00\x07\xFF\x00\x01\xFF\xBF\xF0\x00\x07\xFF\x00\x01\xFF\xBF\xF8\x00\x07\xFF\x00\x01\xFF\x9F\xF8\x00\x07\xFF\x00\x01\xFF\x9F\xFC\x00\x07\xFF\x00\x01\xFF\x8F\xFE\x00\x07\xFF\x00\x01\xFF\x8F\xFE\x00\x07\xFF\x00\x01\xFF\x87\xFF\x00\x07\xFF\x00\x01\xFF\x87\xFF\x00\x07\xFF\x00\x01\xFF\x83\xFF\x80\x07\xFF\x00\x01\xFF\x83\xFF\x80\x07\xFF\x00\x01\xFF\xC1\xFF\xC0\x07\xFF\x00\x01\xFF\xC1\xFF\xC0\x07\xFF\x00\x01\xFF\xC0\xFF\xE0\x07\xFF\x00\x01\xFF\xC0\xFF\xF0\x07\xFF\x00\x01\xFF\xC0\x7F\xF0\x07\xFF\x00\x01\xFF\xC0\x7F\xF8\x07\xFF\x00\x01\xFF\xC0\x3F\xF8\x07\xFF\x00\x01\xFF\xC0\x3F\xFC\x07\xFF\x00\x01\xFF\xC0\x1F\xFC\x07\xFF\x00\x01\xFF\xC0\x0F\xFE\x07\xFF\x00\x01\xFF\xC0\x0F\xFF\x07\xFF\x00\x01\xFF\xC0\x07\xFF\x07\xFF\x00\x01\xFF\xC0\x07\xFF\x83\xFF\x00\x01\xFF\xC0\x03\xFF\x83\xFF\x00\x01\xFF\xC0\x03\xFF\xC3\xFF\x00\x01\xFF\xC0\x01\xFF\xC3\xFF\x00\x01\xFF\xC0\x01\xFF\xE3\xFF\x00\x01\xFF\xC0\x00\xFF\xE3\xFF\x00\x01\xFF\xC0\x00\x7F\xE3\xFF\x00\x01\xFF\xC0\x00\x7F\xF3\xFF\x00\x01\xFF\xC0\x00\x3F\xF3\xFF\x00\x01\xFF\xC0\x00\x3F\xFB\xFF\x00\x01\xFF\xC0\x00\x1F\xFB\xFF\x00\x01\xFF\xC0\x00\x1F\xFF\xFF\x00\x01\xFF\xC0\x00\x0F\xFF\xFF\x00\x01\xFF\xC0\x00\x0F\xFF\xFF\x00\x01\xFF\xC0\x00\x07\xFF\xFF\x00\x01\xFF\xC0\x00\x03\xFF\xFF\x00\x01\xFF\xC0\x00\x03\xFF\xFF\x00\x01\xFF\xC0\x00\x01\xFF\xFF\x00\x01\xFF\xC0\x00\x01\xFF\xFF\x00\x01\xFF\xC0\x00\x00\xFF\xFF\x00\x01\xFF\xC0\x00\x00\xFF\xFF\x00\x01\xFF\xC0\x00\x00\x7F\xFF\x00\x01\xFF\xC0\x00\x00\x3F\xFF\x00\x01\xFF\xC0\x00\x00\x3F\xFF\x00\x01\xFF\xC0\x00\x00\x1F\xFF\x00\x01\xFF\xC0\x00\x00\x1F\xFF\x00\x01\xFF\xC0\x00\x00\x0F\xFF\x00",
    /* 0x4F */ "\x00\x00\x1F\xFF\xFF\xF0\x00\x00\x00\x00\x7F\xFF\xFF\xFC\x00\x00\x00\x00\xFF\xFF\xFF\xFE\x00\x00\x00\x03\xFF\xFF\xFF\xFF\x80\x00\x00\x07\xFF\xFF\xFF\xFF\xC0\x00\x00\x0F\xFF\xFF\xFF\xFF\xE0\x00\x00\x1F\xFF\xFF\xFF\xFF\xF0\x00\x00\x3F\xFF\xFF\xFF\xFF\xF8\x00\x00\x3F\xFF\xC0\x07\xFF\xF8\x00\x00\x7F\xFF\x00\x01\xFF\xFC\x00\x00\xFF\xFC\x00\x00\xFF\xFE\x00\x00\xFF\xF8\x00\x00\x3F\xFE\x00\x01\xFF\xF0\x00\x00\x1F\xFF\x00\x03\xFF\xF0\x00\x00\x1F\xFF\x00\x03\xFF\xE0\x00\x00\x0F\xFF\x80\x03\xFF\xC0\x00\x00\x07\xFF\x80\x07\xFF\xC0\x00\x00\x07\xFF\xC0\x07\xFF\x80\x00\x00\x03\xFF\xC0\x07\xFF\x80\x00\x00\x03\xFF\xC0\x0F\xFF\x80\x00\x00\x03\xFF\xE0\x0F\xFF\x00\x00\x00\x01\xFF\xE0\x0F\xFF\x00\x00\x00\x01\xFF\xE0\x0F\xFF\x00\x00\x00\x01\xFF\xE0\x0F\xFF\x00\x00\x00\x01\xFF\xE0\x1F\xFE\x00\x00\x00\x00\xFF\xF0\x1F\xFE\x00\x00\x00\x00\xFF\xF0\x1F\xFE\x00\x00\x00\x00\xFF\xF0\x1F\xFE\x00\x00\x00\x00\xFF\xF0\x1F\xFE\x00\x00\x00\x00\xFF\xF0\x1F\xFE\x00\x00\x00\x00\xFF\xF0\x1F\xFE\x00\x00\x00\x00\xFF\xF0\x1F\xFE\x00\x00\x00\x00\xFF\xF0\x1F\xFE\x00\x00\x00\x00\xFF\xF0\x1F\xFE\x00\x00\x00\x00\xFF\xF0\x1F\xFE\x00\x00\x00\x00\xFF\xF0\x1F\xFE\x00\x00\x00\x00\xFF\xF0\x1F\xFE\x00\x00\x00\x00\xFF\xF0\x1F\xFE\x00\x00\x00\x00\xFF\xF0\x1F\xFF\x00\x00\x00\x01\xFF\xF0\x0F\xFF\x00\x00\x00\x01\xFF\xE0\x0F\xFF\x00\x00\x00\x01\xFF\xE0\x0F\xFF\x00\x00\x00\x01\xFF\xE0\x0F\xFF\x80\x00\x00\x03\xFF\xE0\x07\xFF\x80\x00\x00\x03\xFF\xC0\x07\xFF\x80\x00\x00\x03\xFF\xC0\x07\xFF\xC0\x00\x00\x07\xFF\xC0\x07\xFF\xC0\x00\x00\x07\xFF\xC0\x03\xFF\xE0\x00\x00\x0F\xFF\x80\x03\xFF\xE0\x00\x00\x0F\xFF\x80\x01\xFF\xF0\x00\x00\x1F\xFF\x00\x01\xFF\xF8\x00\x00\x3F\xFF\x00\x00\xFF\xFC\x00\x00\x7F\xFE\x00\x00\xFF\xFE\x00\x01\xFF\xFE\x00\x00\x7F\xFF\x80\x03\xFF\xFC\x00\x00\x3F\xFF\xF0\x1F\xFF\xF8\x00\x00\x1F\xFF\xFF\xFF\xFF\xF0\x00\x00\x1F\xFF\xFF\xFF\xFF\xF0\x00\x00\x0F\xFF\xFF\xFF\xFF\xE0\x00\x00\x07\xFF\xFF\xFF\xFF\xC0\x00\x00\x01\xFF\xFF\xFF\xFF\x00\x00\x00\x00\xFF\xFF\xFF\xFE\x00\x00\x00\x00\x3F\xFF\xFF\xF8\x00\x00\x00\x00\x1F\xFF\xFF\xF0\x00\x00\x00\x00\x03\xFF\xFF\x80\x00\x00",
    /* 0x50 */ "\x00\x1F\xFF\xFF\xFF\xE0\x00\x00\x00\x1F\xFF\xFF\xFF\xFC\x00\x00\x00\x1F\xFF\xFF\xFF\xFF\x00\x00\x00\x1F\xFF\xFF\xFF\xFF\xC0\x00\x00\x1F\xFF\xFF\xFF\xFF\xE0\x00\x00\x1F\xFF\xFF\xFF\xFF\xF0\x00\x00\x1F\xFF\xFF\xFF\xFF\xF8\x00\x00\x1F\xFF\xFF\xFF\xFF\xFC\x00\x00\x1F\xFF\xFF\xFF\xFF\xFC\x00\x00\x1F\xFE\x00\x03\xFF\xFE\x00\x00\x1F\xFE\x00\x00\x7F\xFE\x00\x00\x1F\xFE\x00\x00\x3F\xFF\x00\x00\x1F\xFE\x00\x00\x1F\xFF\x00\x00\x1F\xFE\x00\x00\x0F\xFF\x00\x00\x1F\xFE\x00\x00\x0F\xFF\x00\x00\x1F\xFE\x00\x00\x0F\xFF\x80\x00\x1F\xFE\x00\x00\x07\xFF\x80\x00\x1F\xFE\x00\x00\x07\xFF\x80\x00\x1F\xFE\x00\x00\x07\xFF\x80\x00\x1F\xFE\x00\x00\x07\xFF\x80\x00\x1F\xFE\x00\x00\x07\xFF\x80\x00\x1F\xFE\x00\x00\x07\xFF\x80\x00\x1F\xFE\x00\x00\x0F\xFF\x80\x00\x1F\xFE\x00\x00\x0F\xFF\x00\x00\x1F\xFE\x00\x00\x0F\xFF\x00\x00\x1F\xFE\x00\x00\x1F\xFF\x00\x00\x1F\xFE\x00\x00\x1F\xFF\x00\x00\x1F\xFE\x00\x00\x3F\xFE\x00\x00\x1F\xFE\x00\x00\xFF\xFE\x00\x00\x1F\xFE\x00\x03\xFF\xFC\x00\x00\x1F\xFF\xFF\xFF\xFF\xFC\x00\x00\x1F\xFF\xFF\xFF\xFF\xF8\x00\x00\x1F\xFF\xFF\xFF\xFF\xF0\x00\x00\x1F\xFF\xFF\xFF\xFF\xE0\x00\x00\x1F\xFF\xFF\xFF\xFF\xC0\x00\x00\x1F\xFF\xFF\xFF\xFF\x80\x00\x00\x1F\xFF\xFF\xFF\xFE\x00\x00\x00\x1F\xFF\xFF\xFF\xF8\x00\x00\x00\x1F\xFF\xFF\xFF\xE0\x00\x00\x00\x1F\xFF\xFF\xFE\x00\x00\x00\x00\x1F\xFE\x00\x00\x00\x00\x00\x00\x1F\xFE\x00\x00\x00\x00\x00\x00\x1F\xFE\x00\x00\x00\x00\x00\x00\x1F\xFE\x00\x00\x00\x00\x00\x00\x1F\xFE\x00\x00\x00\x00\x00\x00\x1F\xFE\x00\x00\x00\x00\x00\x00\x1F\xFE\x00\x00\x00\x00\x00\x00\x1F\xFE\x00\x00\x00\x00\x00\x00\x1F\xFE\x00\x00\x00\x00\x00\x00\x1F\xFE\x00\x00\x00\x00\x00\x00\x1F\xFE\x00\x00\x00\x00\x00\x00\x1F\xFE\x00\x00\x00\x00\x00\x00\x1F\xFE\x00\x00\x00\x00\x00\x00\x1F\xFE\x00\x00\x00\x00\x00\x00\x1F\xFE\x00\x00\x00\x00\x00\x00\x1F\xFE\x00\x00\x00\x00\x00\x00\x1F\xFE\x00\x00\x00\x00\x00\x00\x1F\xFE\x00\x00\x00\x00\x00\x00\x1F\xFE\x00\x00\x00\x00\x00\x00\x1F\xFE\x00\x00\x00\x00\x00\x00\x1F\xFE\x00\x00\x00\x00\x00\x00\x1F\xFE\x00\x00\x00\x00\x00\x00\x1F\xFE\x00\x00\x00\x00\x00\x00\x1F\xFE\x00\x00\x00\x00\x00",
    /* 0x51 */ "\x00\x3F\xFF\xC0\x07\xFF\xF8\x00\x00\x7F\xFF\x00\x01\xFF\xFC\x00\x00\xFF\xFC\x00\x00\xFF\xFE\x00\x00\xFF\xF8\x00\x00\x3F\xFE\x00\x01\xFF\xF0\x00\x00\x1F\xFF\x00\x03\xFF\xF0\x00\x00\x1F\xFF\x00\x03\xFF\xE0\x00\x00\x0F\xFF\x80\x03\xFF\xC0\x00\x00\x07\xFF\x80\x07\xFF\xC0\x00\x00\x07\xFF\xC0\x07\xFF\x80\x00\x00\x03\xFF\xC0\x07\xFF\x80\x00\x00\x03\xFF\xC0\x0F\xFF\x80\x00\x00\x03\xFF\xE0\x0F\xFF\x00\x00\x00\x01\xFF\xE0\x0F\xFF\x00\x00\x00\x01\xFF\xE0\x0F\xFF\x00\x00\x00\x01\xFF\xE0\x0F\xFF\x00\x00\x00\x01\xFF\xE0\x1F\xFE\x00\x00\x00\x00\xFF\xF0\x1F\xFE\x00\x00\x00\x00\xFF\xF0\x1F\xFE\x00\x00\x00\x00\xFF\xF0\x1F\xFE\x00\x00\x00\x00\xFF\xF0\x1F\xFE\x00\x00\x00\x00\xFF\xF0\x1F\xFE\x00\x00\x00\x00\xFF\xF0\x1F\xFE\x00\x00\x00\x00\xFF\xF0\x1F\xFE\x00\x00\x00\x00\xFF\xF0\x1F\xFE\x00\x00\x00\x00\xFF\xF0\x1F\xFE\x00\x00\x00\x00\xFF\xF0\x1F\xFE\x00\x00\x00\x00\xFF\xF0\x1F\xFE\x00\x00\x00\x00\xFF\xF0\x1F\xFE\x00\x00\x00\x00\xFF\xF0\x1F\xFE\x00\x00\x00\x00\xFF\xF0\x1F\xFE\x00\x00\x00\x00\xFF\xF0\x0F\xFF\x00\x00\x00\x01\xFF\xE0\x0F\xFF\x00\x00\x00\x01\xFF\xE0\x0F\xFF\x00\x00\x00\x01\xFF\xE0\x0F\xFF\x00\x00\x00\x01\xFF\xE0\x07\xFF\x80\x00\x00\x03\xFF\xC0\x07\xFF\x80\x00\x00\x03\xFF\xC0\x07\xFF\x80\x00\x00\x07\xFF\xC0\x07\xFF\xC0\x00\x00\x07\xFF\xC0\x03\xFF\xC0\x00\x00\x0F\xFF\x80\x03\xFF\xE0\x00\x00\x0F\xFF\x80\x01\xFF\xF0\x00\x00\x1F\xFF\x00\x01\xFF\xF8\x00\x00\x3F\xFF\x00\x00\xFF\xFC\x00\x00\x7F\xFE\x00\x00\xFF\xFE\x00\x00\xFF\xFE\x00\x00\x7F\xFF\x00\x01\xFF\xFC\x00\x00\x3F\xFF\xC0\x07\xFF\xF8\x00\x00\x1F\xFF\xFF\xFF\xFF\xF0\x00\x00\x1F\xFF\xFF\xFF\xFF\xF0\x00\x00\x0F\xFF\xFF\xFF\xFF\xE0\x00\x00\x07\xFF\xFF\xFF\xFF\xC0\x00\x00\x01\xFF\xFF\xFF\xFF\x00\x00\x00\x00\xFF\xFF\xFF\xFE\x00\x00\x00\x00\x3F\xFF\xFF\xF8\x00\x00\x00\x00\x1F\xFF\xFF\xF0\x00\x00\x00\x00\x03\xFF\xFF\x80\x00\x00\x00\x00\x00\x3F\xFE\x00\x00\x00\x00\x00\x00\x1F\xFE\x00\x00\x00\x00\x00\x00\x1F\xFF\x00\x00\x00\x00\x00\x00\x0F\xFF\x80\x00\x00\x00\x00\x00\x0F\xFF\xC0\x00\x00\x00\x00\x00\x07\xFF\xF0\x00\x00\x00\x00\x00\x03\xFF\xFE\x00\x00\x00\x00\x00\x03\xFF\xFF\xFF\xF8",
    /* 0x52 */ "\x00\x3F\xFF\xFF\xFF\xC0\x00\x00\x00\x3F\xFF\xFF\xFF\xF8\x00\x00\x00\x3F\xFF\xFF\xFF\xFE\x00\x00\x00\x3F\xFF\xFF\xFF\xFF\x80\x00\x00\x3F\xFF\xFF\xFF\xFF\xC0\x00\x00\x3F\xFF\xFF\xFF\xFF\xE0\x00\x00\x3F\xFF\xFF\xFF\xFF\xF0\x00\x00\x3F\xFF\xFF\xFF\xFF\xF8\x00\x00\x3F\xFF\xFF\xFF\xFF\xFC\x00\x00\x3F\xFC\x00\x0F\xFF\xFC\x00\x00\x3F\xFC\x00\x01\xFF\xFE\x00\x00\x3F\xFC\x00\x00\x7F\xFE\x00\x00\x3F\xFC\x00\x00\x3F\xFE\x00\x00\x3F\xFC\x00\x00\x1F\xFF\x00\x00\x3F\xFC\x00\x00\x1F\xFF\x00\x00\x3F\xFC\x00\x00\x0F\xFF\x00\x00\x3F\xFC\x00\x00\x0F\xFF\x00\x00\x3F\xFC\x00\x00\x0F\xFF\x00\x00\x3F\xFC\x00\x00\x0F\xFF\x00\x00\x3F\xFC\x00\x00\x0F\xFF\x00\x00\x3F\xFC\x00\x00\x0F\xFF\x00\x00\x3F\xFC\x00\x00\x0F\xFF\x00\x00\x3F\xFC\x00\x00\x0F\xFF\x00\x00\x3F\xFC\x00\x00\x1F\xFF\x00\x00\x3F\xFC\x00\x00\x1F\xFE\x00\x00\x3F\xFC\x00\x00\x3F\xFE\x00\x00\x3F\xFC\x00\x00\x7F\xFE\x00\x00\x3F\xFC\x00\x01\xFF\xFC\x00\x00\x3F\xFC\x00\x07\xFF\xFC\x00\x00\x3F\xFF\xFF\xFF\xFF\xF8\x00\x00\x3F\xFF\xFF\xFF\xFF\xF8\x00\x00\x3F\xFF\xFF\xFF\xFF\xF0\x00\x00\x3F\xFF\xFF\xFF\xFF\xE0\x00\x00\x3F\xFF\xFF\xFF\xFF\xC0\x00\x00\x3F\xFF\xFF\xFF\xFF\x80\x00\x00\x3F\xFF\xFF\xFF\xFE\x00\x00\x00\x3F\xFF\xFF\xFF\xF8\x00\x00\x00\x3F\xFF\xFF\xFF\xE0\x00\x00\x00\x3F\xFF\xFF\xFF\xF0\x00\x00\x00\x3F\xFC\x00\xFF\xF0\x00\x00\x00\x3F\xFC\x00\xFF\xF8\x00\x00\x00\x3F\xFC\x00\x7F\xF8\x00\x00\x00\x3F\xFC\x00\x7F\xFC\x00\x00\x00\x3F\xFC\x00\x3F\xFE\x00\x00\x00\x3F\xFC\x00\x3F\xFE\x00\x00\x00\x3F\xFC\x00\x1F\xFF\x00\x00\x00\x3F\xFC\x00\x1F\xFF\x00\x00\x00\x3F\xFC\x00\x0F\xFF\x80\x00\x00\x3F\xFC\x00\x0F\xFF\x80\x00\x00\x3F\xFC\x00\x07\xFF\xC0\x00\x00\x3F\xFC\x00\x03\xFF\xE0\x00\x00\x3F\xFC\x00\x03\xFF\xE0\x00\x00\x3F\xFC\x00\x01\xFF\xF0\x00\x00\x3F\xFC\x00\x01\xFF\xF0\x00\x00\x3F\xFC\x00\x00\xFF\xF8\x00\x00\x3F\xFC\x00\x00\xFF\xF8\x00\x00\x3F\xFC\x00\x00\x7F\xFC\x00\x00\x3F\xFC\x00\x00\x7F\xFE\x00\x00\x3F\xFC\x00\x00\x3F\xFE\x00\x00\x3F\xFC\x00\x00\x3F\xFF\x00\x00\x3F\xFC\x00\x00\x1F\xFF\x00\x00\x3F\xFC\x00\x00\x1F\xFF\x80\x00\x3F\xFC\x00\x00\x0F\xFF\x80\x00\x3F\xFC\x00\x00\x07\xFF\xC0",
    /* 0x53 */ "\x00\x00\x07\xFF\xFF\xF8\x00\x00\x00\x00\x0F\xFF\xFF\xFE\x00\x00\x00\x00\x3F\xFF\xFF\xFF\x80\x00\x00\x00\x7F\xFF\xFF\xFF\xC0\x00\x00\x00\xFF\xFF\xFF\xFF\xF0\x00\x00\x01\xFF\xFF\xFF\xFF\xF8\x00\x00\x03\xFF\xFF\xFF\xFF\xF8\x00\x00\x07\xFF\xFF\xFF\xFF\xF0\x00\x00\x07\xFF\xF0\x01\xFF\xE0\x00\x00\x0F\xFF\xC0\x00\x7F\xC0\x00\x00\x0F\xFF\x80\x00\x1F\x80\x00\x00\x0F\xFF\x00\x00\x07\x00\x00\x00\x1F\xFE\x00\x00\x03\x00\x00\x00\x1F\xFE\x00\x00\x00\x00\x00\x00\x1F\xFE\x00\x00\x00\x00\x00\x00\x1F\xFE\x00\x00\x00\x00\x00\x00\x1F\xFE\x00\x00\x00\x00\x00\x00\x1F\xFE\x00\x00\x00\x00\x00\x00\x1F\xFF\x00\x00\x00\x00\x00\x00\x1F\xFF\x80\x00\x00\x00\x00\x00\x1F\xFF\xC0\x00\x00\x00\x00\x00\x0F\xFF\xE0\x00\x00\x00\x00\x00\x0F\xFF\xF8\x00\x00\x00\x00\x00\x07\xFF\xFE\x00\x00\x00\x00\x00\x07\xFF\xFF\xC0\x00\x00\x00\x00\x03\xFF\xFF\xF0\x00\x00\x00\x00\x03\xFF\xFF\xFE\x00\x00\x00\x00\x01\xFF\xFF\xFF\x80\x00\x00\x00\x00\xFF\xFF\xFF\xE0\x00\x00\x00\x00\x7F\xFF\xFF\xF8\x00\x00\x00\x00\x1F\xFF\xFF\xFE\x00\x00\x00\x00\x0F\xFF\xFF\xFF\x00\x00\x00\x00\x03\xFF\xFF\xFF\x80\x00\x00\x00\x00\xFF\xFF\xFF\xE0\x00\x00\x00\x00\x1F\xFF\xFF\xE0\x00\x00\x00\x00\x07\xFF\xFF\xF0\x00\x00\x00\x00\x01\xFF\xFF\xF8\x00\x00\x00\x00\x00\x3F\xFF\xF8\x00\x00\x00\x00\x00\x0F\xFF\xFC\x00\x00\x00\x00\x00\x03\xFF\xFC\x00\x00\x00\x00\x00\x00\xFF\xFC\x00\x00\x00\x00\x00\x00\x7F\xFE\x00\x00\x00\x00\x00\x00\x3F\xFE\x00\x00\x00\x00\x00\x00\x3F\xFE\x00\x00\x00\x00\x00\x00\x1F\xFE\x00\x00\x00\x00\x00\x00\x1F\xFE\x00\x00\x00\x00\x00\x00\x1F\xFE\x00\x00\x00\x00\x00\x00\x1F\xFE\x00\x00\x03\x00\x00\x00\x1F\xFE\x00\x00\x07\x80\x00\x00\x1F\xFE\x00\x00\x0F\xE0\x00\x00\x3F\xFC\x00\x00\x0F\xF0\x00\x00\x7F\xFC\x00\x00\x1F\xFC\x00\x00\xFF\xFC\x00\x00\x3F\xFF\x00\x01\xFF\xF8\x00\x00\x7F\xFF\xF0\x0F\xFF\xF8\x00\x00\xFF\xFF\xFF\xFF\xFF\xF0\x00\x00\x7F\xFF\xFF\xFF\xFF\xE0\x00\x00\x3F\xFF\xFF\xFF\xFF\xE0\x00\x00\x0F\xFF\xFF\xFF\xFF\xC0\x00\x00\x07\xFF\xFF\xFF\xFF\x80\x00\x00\x01\xFF\xFF\xFF\xFE\x00\x00\x00\x00\x7F\xFF\xFF\xFC\x00\x00\x00\x00\x1F\xFF\xFF\xF0\x00\x00\x00\x00\x07\xFF\xFF\xC0\x00\x00",
    /* 0x54 */ "\x01\xFF\xFF\xFF\xFF\xFF\xFF\x00\x01\xFF\xFF\xFF\xFF\xFF\xFF\x00\x01\xFF\xFF\xFF\xFF\xFF\xFF\x00\x01\xFF\xFF\xFF\xFF\xFF\xFF\x00\x01\xFF\xFF\xFF\xFF\xFF\xFF\x00\x01\xFF\xFF\xFF\xFF\xFF\xFF\x00\x01\xFF\xFF\xFF\xFF\xFF\xFF\x00\x01\xFF\xFF\xFF\xFF\xFF\xFF\x00\x01\xFF\xFF\xFF\xFF\xFF\xFF\x00\x00\x00\x00\x3F\xFC\x00\x00\x00\x00\x00\x00\x3F\xFC\x00\x00\x00\x00\x00\x00\x3F\xFC\x00\x00\x00\x00\x00\x00\x3F\xFC\x00\x00\x00\x00\x00\x00\x3F\xFC\x00\x00\x00\x00\x00\x00\x3F\xFC\x00\x00\x00\x00\x00\x00\x3F\xFC\x00\x00\x00\x00\x00\x00\x3F\xFC\x00\x00\x00\x00\x00\x00\x3F\xFC\x00\x00\x00\x00\x00\x00\x3F\xFC\x00\x00\x00\x00\x00\x00\x3F\xFC\x00\x00\x00\x00\x00\x00\x3F\xFC\x00\x00\x00\x00\x00\x00\x3F\xFC\x00\x00\x00\x00\x00\x00\x3F\xFC\x00\x00\x00\x00\x00\x00\x3F\xFC\x00\x00\x00\x00\x00\x00\x3F\xFC\x00\x00\x00\x00\x00\x00\x3F\xFC\x00\x00\x00\x00\x00\x00\x3F\xFC\x00\x00\x00\x00\x00\x00\x3F\xFC\x00\x00\x00\x00\x00\x00\x3F\xFC\x00\x00\x00\x00\x00\x00\x3F\xFC\x00\x00\x00\x00\x00\x00\x3F\xFC\x00\x00\x00\x00\x00\x00\x3F\xFC\x00\x00\x00\x00\x00\x00\x3F\xFC\x00\x00\x00\x00\x00\x00\x3F\xFC\x00\x00\x00\x00\x00\x00\x3F\xFC\x00\x00\x00\x00\x00\x00\x3F\xFC\x00\x00\x00\x00\x00\x00\x3F\xFC\x00\x00\x00\x00\x00\x00\x3F\xFC\x00\x00\x00\x00\x00\x00\x3F\xFC\x00\x00\x00\x00\x00\x00\x3F\xFC\x00\x00\x00\x00\x00\x00\x3F\xFC\x00\x00\x00\x00\x00\x00\x3F\xFC\x00\x00\x00\x00\x00\x00\x3F\xFC\x00\x00\x00\x00\x00\x00\x3F\xFC\x00\x00\x00\x00\x00\x00\x3F\xFC\x00\x00\x00\x00\x00\x00\x3F\xFC\x00\x00\x00\x00\x00\x00\x3F\xFC\x00\x00\x00\x00\x00\x00\x3F\xFC\x00\x00\x00\x00\x00\x00\x3F\xFC\x00\x00\x00\x00\x00\x00\x3F\xFC\x00\x00\x00\x00\x00\x00\x3F\xFC\x00\x00\x00\x00\x00\x00\x3F\xFC\x00\x00\x00\x00\x00\x00\x3F\xFC\x00\x00\x00\x00\x00\x00\x3F\xFC\x00\x00\x00\x00\x00\x00\x3F\xFC\x00\x00\x00\x00\x00\x00\x3F\xFC\x00\x00\x00\x00\x00\x00\x3F\xFC\x00\x00\x00\x00\x00\x00\x3F\xFC\x00\x00\x00\x00\x00\x00\x3F\xFC\x00\x00\x00\x00\x00\x00\x3F\xFC\x00\x00\x00\x00\x00\x00\x3F\xFC\x00\x00\x00\x00\x00\x00\x3F\xFC\x00\x00\x00\x00\x00\x00\x3F\xFC\x00\x00\x00\x00\x00\x00\x3F\xFC\x00\x00\x00",
    /* 0x55 */ "\x01\xFF\xE0\x00\x00\x07\xFF\x00\x01\xFF\xE0\x00\x00\x07\xFF\x00\x01\xFF\xE0\x00\x00\x07\xFF\x00\x01\xFF\xE0\x00\x00\x07\xFF\x00\x01\xFF\xE0\x00\x00\x07\xFF\x00\x01\xFF\xE0\x00\x00\x07\xFF\x00\x01\xFF\xE0\x00\x00\x07\xFF\x00\x01\xFF\xE0\x00\x00\x07\xFF\x00\x01\xFF\xE0\x00\x00\x07\xFF\x00\x01\xFF\xE0\x00\x00\x07\xFF\x00\x01\xFF\xE0\x00\x00\x07\xFF\x00\x01\xFF\xE0\x00\x00\x07\xFF\x00\x01\xFF\xE0\x00\x00\x07\xFF\x00\x01\xFF\xE0\x00\x00\x07\xFF\x00\x01\xFF\xE0\x00\x00\x07\xFF\x00\x01\xFF\xE0\x00\x00\x07\xFF\x00\x01\xFF\xE0\x00\x00\x07\xFF\x00\x01\xFF\xE0\x00\x00\x07\xFF\x00\x01\xFF\xE0\x00\x00\x07\xFF\x00\x01\xFF\xE0\x00\x00\x07\xFF\x00\x01\xFF\xE0\x00\x00\x07\xFF\x00\x01\xFF\xE0\x00\x00\x07\xFF\x00\x01\xFF\xE0\x00\x00\x07\xFF\x00\x01\xFF\xE0\x00\x00\x07\xFF\x00\x01\xFF\xE0\x00\x00\x07\xFF\x00\x01\xFF\xE0\x00\x00\x07\xFF\x00\x01\xFF\xE0\x00\x00\x07\xFF\x00\x01\xFF\xE0\x00\x00\x07\xFF\x00\x01\xFF\xE0\x00\x00\x07\xFF\x00\x01\xFF\xE0\x00\x00\x07\xFF\x00\x01\xFF\xE0\x00\x00\x07\xFF\x00\x01\xFF\xE0\x00\x00\x07\xFF\x00\x01\xFF\xE0\x00\x00\x07\xFF\x00\x01\xFF\xE0\x00\x00\x07\xFF\x00\x01\xFF\xE0\x00\x00\x07\xFF\x00\x01\xFF\xE0\x00\x00\x07\xFF\x00\x01\xFF\xE0\x00\x00\x07\xFF\x00\x01\xFF\xE0\x00\x00\x07\xFF\x00\x01\xFF\xE0\x00\x00\x07\xFF\x00\x01\xFF\xE0\x00\x00\x07\xFF\x00\x01\xFF\xE0\x00\x00\x07\xFF\x00\x01\xFF\xE0\x00\x00\x07\xFF\x00\x01\xFF\xE0\x00\x00\x07\xFF\x00\x01\xFF\xE0\x00\x00\x0F\xFF\x00\x00\xFF\xF0\x00\x00\x0F\xFE\x00\x00\xFF\xF0\x00\x00\x0F\xFE\x00\x00\xFF\xF0\x00\x00\x0F\xFE\x00\x00\xFF\xF8\x00\x00\x1F\xFE\x00\x00\x7F\xF8\x00\x00\x1F\xFC\x00\x00\x7F\xFC\x00\x00\x3F\xFC\x00\x00\x7F\xFC\x00\x00\x3F\xFC\x00\x00\x3F\xFE\x00\x00\x7F\xF8\x00\x00\x3F\xFF\x00\x00\xFF\xF8\x00\x00\x3F\xFF\xC0\x03\xFF\xF8\x00\x00\x1F\xFF\xF0\x1F\xFF\xF0\x00\x00\x0F\xFF\xFF\xFF\xFF\xE0\x00\x00\x0F\xFF\xFF\xFF\xFF\xE0\x00\x00\x07\xFF\xFF\xFF\xFF\xC0\x00\x00\x03\xFF\xFF\xFF\xFF\x80\x00\x00\x01\xFF\xFF\xFF\xFF\x00\x00\x00\x00\xFF\xFF\xFF\xFE\x00\x00\x00\x00\x3F\xFF\xFF\xFC\x00\x00\x00\x00\x1F\xFF\xFF\xF0\x00\x00\x00\x00\x03\xFF\xFF\x80\x00\x00",
    /* 0x56 */ "\x07\xFF\x80\x00\x00\x03\xFF\xC0\x07\xFF\xC0\x00\x00\x03\xFF\xC0\x03\xFF\xC0\x00\x00\x03\xFF\xC0\x03\xFF\xC0\x00\x00\x03\xFF\x80\x03\xFF\xE0\x00\x00\x07\xFF\x80\x01\xFF\xE0\x00\x00\x07\xFF\x80\x01\xFF\xE0\x00\x00\x07\xFF\x00\x01\xFF\xE0\x00\x00\x0F\xFF\x00\x00\xFF\xF0\x00\x00\x0F\xFF\x00\x00\xFF\xF0\x00\x00\x0F\xFF\x00\x00\xFF\xF0\x00\x00\x0F\xFE\x00\x00\xFF\xF8\x00\x00\x1F\xFE\x00\x00\x7F\xF8\x00\x00\x1F\xFE\x00\x00\x7F\xF8\x00\x00\x1F\xFC\x00\x00\x7F\xF8\x00\x00\x1F\xFC\x00\x00\x3F\xFC\x00\x00\x3F\xFC\x00\x00\x3F\xFC\x00\x00\x3F\xF8\x00\x00\x3F\xFC\x00\x00\x3F\xF8\x00\x00\x1F\xFC\x00\x00\x7F\xF8\x00\x00\x1F\xFE\x00\x00\x7F\xF0\x00\x00\x1F\xFE\x00\x00\x7F\xF0\x00\x00\x0F\xFE\x00\x00\x7F\xF0\x00\x00\x0F\xFF\x00\x00\xFF\xE0\x00\x00\x0F\xFF\x00\x00\xFF\xE0\x00\x00\x0F\xFF\x00\x00\xFF\xE0\x00\x00\x07\xFF\x00\x00\xFF\xE0\x00\x00\x07\xFF\x80\x01\xFF\xC0\x00\x00\x07\xFF\x80\x01\xFF\xC0\x00\x00\x03\xFF\x80\x01\xFF\xC0\x00\x00\x03\xFF\xC0\x03\xFF\x80\x00\x00\x03\xFF\xC0\x03\xFF\x80\x00\x00\x01\xFF\xC0\x03\xFF\x80\x00\x00\x01\xFF\xC0\x03\xFF\x00\x00\x00\x01\xFF\xE0\x07\xFF\x00\x00\x00\x00\xFF\xE0\x07\xFF\x00\x00\x00\x00\xFF\xE0\x07\xFE\x00\x00\x00\x00\xFF\xE0\x0F\xFE\x00\x00\x00\x00\x7F\xF0\x0F\xFE\x00\x00\x00\x00\x7F\xF0\x0F\xFE\x00\x00\x00\x00\x7F\xF0\x0F\xFC\x00\x00\x00\x00\x7F\xF8\x1F\xFC\x00\x00\x00\x00\x3F\xF8\x1F\xFC\x00\x00\x00\x00\x3F\xF8\x1F\xF8\x00\x00\x00\x00\x3F\xF8\x1F\xF8\x00\x00\x00\x00\x1F\xFC\x3F\xF8\x00\x00\x00\x00\x1F\xFC\x3F\xF0\x00\x00\x00\x00\x1F\xFC\x3F\xF0\x00\x00\x00\x00\x0F\xFC\x3F\xF0\x00\x00\x00\x00\x0F\xFE\x7F\xE0\x00\x00\x00\x00\x0F\xFE\x7F\xE0\x00\x00\x00\x00\x07\xFE\x7F\xE0\x00\x00\x00\x00\x07\xFE\xFF\xE0\x00\x00\x00\x00\x07\xFF\xFF\xC0\x00\x00\x00\x00\x07\xFF\xFF\xC0\x00\x00\x00\x00\x03\xFF\xFF\xC0\x00\x00\x00\x00\x03\xFF\xFF\x80\x00\x00\x00\x00\x03\xFF\xFF\x80\x00\x00\x00\x00\x01\xFF\xFF\x80\x00\x00\x00\x00\x01\xFF\xFF\x00\x00\x00\x00\x00\x01\xFF\xFF\x00\x00\x00\x00\x00\x00\xFF\xFF\x00\x00\x00\x00\x00\x00\xFF\xFE\x00\x00\x00\x00\x00\x00\xFF\xFE\x00\x00\x00\x00\x00\x00\x7F\xFE\x00\x00\x00",
    /* 0x57 */ "\xFC\x00\x00\x1F\xFC\x00\x00\x3F\xFC\x00\x00\x3F\xFC\x00\x00\x3F\xFC\x00\x00\x3F\xFC\x00\x00\x3F\xFE\x00\x00\x3F\xFC\x00\x00\x3F\xFE\x00\x00\x3F\xFE\x00\x00\x3F\xFE\x00\x00\x7F\xFE\x00\x00\x7F\xFE\x00\x00\x7F\xFE\x00\x00\x7F\xFE\x00\x00\x7F\xFE\x00\x00\x7F\xFE\x00\x00\x7F\xFF\x00\x00\x7F\xFF\x00\x00\x7F\xFF\x00\x00\x7F\xFF\x00\x00\xFF\xFF\x00\x00\x7F\xFF\x00\x00\xFF\xFF\x00\x00\xFF\xFF\x00\x00\xFF\xFF\x80\x00\xFF\xFF\x00\x00\xFF\xFF\x80\x00\xFF\xFF\x00\x01\xFF\xFF\x80\x00\xFF\xFF\x80\x01\xFF\xFF\x80\x00\xFF\xFF\x80\x01\xFE\xFF\xC0\x01\xFF\xFF\x80\x01\xFE\xFF\xC0\x01\xFF\xFF\x80\x03\xFE\x7F\xC0\x01\xFF\xFF\x80\x03\xFE\x7F\xC0\x01\xFF\xFF\x80\x03\xFE\x7F\xC0\x01\xFF\xFF\xC0\x03\xFC\x7F\xE0\x01\xFF\xFF\xC0\x07\xFC\x7F\xE0\x03\xFF\xFF\xC0\x07\xFC\x7F\xE0\x03\xFF\xFF\xC0\x07\xFC\x3F\xE0\x03\xFF\xFF\xC0\x07\xFC\x3F\xF0\x03\xFF\xFF\xC0\x0F\xF8\x3F\xF0\x03\xFF\xFF\xE0\x0F\xF8\x3F\xF0\x03\xFF\xFF\xE0\x0F\xF8\x1F\xF0\x07\xFF\xFF\xE0\x0F\xF8\x1F\xF8\x07\xFF\xFF\xE0\x1F\xF8\x1F\xF8\x07\xFF\xFF\xE0\x1F\xF0\x1F\xF8\x07\xFF\xFF\xE0\x1F\xF0\x1F\xF8\x07\xFE\x7F\xF0\x1F\xF0\x0F\xFC\x07\xFE\x7F\xF0\x1F\xF0\x0F\xFC\x0F\xFE\x7F\xF0\x3F\xE0\x0F\xFC\x0F\xFE\x7F\xF0\x3F\xE0\x0F\xFC\x0F\xFE\x7F\xF0\x3F\xE0\x07\xFC\x0F\xFC\x3F\xF0\x3F\xE0\x07\xFE\x0F\xFC\x3F\xF8\x3F\xE0\x07\xFE\x0F\xFC\x3F\xF8\x7F\xC0\x07\xFE\x0F\xFC\x3F\xF8\x7F\xC0\x03\xFE\x1F\xFC\x3F\xF8\x7F\xC0\x03\xFE\x1F\xF8\x1F\xF8\x7F\xC0\x03\xFF\x1F\xF8\x1F\xF8\x7F\x80\x03\xFF\x1F\xF8\x1F\xFC\xFF\x80\x03\xFF\x1F\xF8\x1F\xFC\xFF\x80\x01\xFF\x1F\xF8\x1F\xFC\xFF\x80\x01\xFF\x1F\xF8\x0F\xFC\xFF\x00\x01\xFF\xBF\xF0\x0F\xFC\xFF\x00\x01\xFF\xBF\xF0\x0F\xFD\xFF\x00\x00\xFF\xBF\xF0\x0F\xFF\xFF\x00\x00\xFF\xBF\xF0\x0F\xFF\xFF\x00\x00\xFF\xFF\xF0\x07\xFF\xFE\x00\x00\xFF\xFF\xE0\x07\xFF\xFE\x00\x00\x7F\xFF\xE0\x07\xFF\xFE\x00\x00\x7F\xFF\xE0\x07\xFF\xFE\x00\x00\x7F\xFF\xE0\x07\xFF\xFC\x00\x00\x7F\xFF\xE0\x03\xFF\xFC\x00\x00\x7F\xFF\xC0\x03\xFF\xFC\x00\x00\x3F\xFF\xC0\x03\xFF\xFC\x00\x00\x3F\xFF\xC0\x03\xFF\xFC\x00\x00\x3F\xFF\xC0\x03\xFF\xF8\x00\x00\x3F\xFF\xC0\x01\xFF\xF8\x00\x00\x1F\xFF\x80",
    /* 0x58 */ "\x00\xFF\xF8\x00\x00\x1F\xFF\x00\x00\x7F\xFC\x00\x00\x1F\xFE\x00\x00\x7F\xFC\x00\x00\x3F\xFC\x00\x00\x3F\xFE\x00\x00\x3F\xFC\x00\x00\x3F\xFE\x00\x00\x7F\xF8\x00\x00\x1F\xFF\x00\x00\x7F\xF8\x00\x00\x0F\xFF\x00\x00\xFF\xF0\x00\x00\x0F\xFF\x80\x00\xFF\xF0\x00\x00\x07\xFF\x80\x01\xFF\xE0\x00\x00\x07\xFF\xC0\x01\xFF\xE0\x00\x00\x03\xFF\xC0\x03\xFF\xC0\x00\x00\x03\xFF\xE0\x03\xFF\xC0\x00\x00\x01\xFF\xE0\x03\xFF\x80\x00\x00\x01\xFF\xF0\x07\xFF\x80\x00\x00\x00\xFF\xF0\x07\xFF\x00\x00\x00\x00\xFF\xF8\x0F\xFE\x00\x00\x00\x00\x7F\xF8\x0F\xFE\x00\x00\x00\x00\x3F\xFC\x1F\xFC\x00\x00\x00\x00\x3F\xFC\x1F\xFC\x00\x00\x00\x00\x1F\xFE\x3F\xF8\x00\x00\x00\x00\x1F\xFE\x3F\xF8\x00\x00\x00\x00\x0F\xFF\x3F\xF0\x00\x00\x00\x00\x0F\xFF\x7F\xF0\x00\x00\x00\x00\x07\xFF\xFF\xE0\x00\x00\x00\x00\x07\xFF\xFF\xE0\x00\x00\x00\x00\x03\xFF\xFF\xC0\x00\x00\x00\x00\x01\xFF\xFF\xC0\x00\x00\x00\x00\x01\xFF\xFF\x80\x00\x00\x00\x00\x00\xFF\xFF\x00\x00\x00\x00\x00\x00\xFF\xFF\x00\x00\x00\x00\x00\x00\x7F\xFE\x00\x00\x00\x00\x00\x00\xFF\xFE\x00\x00\x00\x00\x00\x00\xFF\xFF\x00\x00\x00\x00\x00\x01\xFF\xFF\x80\x00\x00\x00\x00\x01\xFF\xFF\x80\x00\x00\x00\x00\x03\xFF\xFF\xC0\x00\x00\x00\x00\x07\xFF\xFF\xC0\x00\x00\x00\x00\x07\xFF\xFF\xE0\x00\x00\x00\x00\x0F\xFE\xFF\xE0\x00\x00\x00\x00\x0F\xFE\xFF\xF0\x00\x00\x00\x00\x1F\xFC\x7F\xF0\x00\x00\x00\x00\x1F\xFC\x7F\xF8\x00\x00\x00\x00\x3F\xF8\x3F\xFC\x00\x00\x00\x00\x3F\xF8\x3F\xFC\x00\x00\x00\x00\x7F\xF0\x1F\xFE\x00\x00\x00\x00\xFF\xF0\x1F\xFE\x00\x00\x00\x00\xFF\xE0\x0F\xFF\x00\x00\x00\x01\xFF\xE0\x0F\xFF\x00\x00\x00\x01\xFF\xC0\x07\xFF\x80\x00\x00\x03\xFF\xC0\x07\xFF\x80\x00\x00\x03\xFF\x80\x03\xFF\xC0\x00\x00\x07\xFF\x80\x03\xFF\xE0\x00\x00\x07\xFF\x00\x01\xFF\xE0\x00\x00\x0F\xFF\x00\x01\xFF\xF0\x00\x00\x1F\xFE\x00\x00\xFF\xF0\x00\x00\x1F\xFE\x00\x00\xFF\xF8\x00\x00\x3F\xFC\x00\x00\x7F\xF8\x00\x00\x3F\xFC\x00\x00\x7F\xFC\x00\x00\x7F\xF8\x00\x00\x3F\xFE\x00\x00\x7F\xF8\x00\x00\x3F\xFE\x00\x00\xFF\xF0\x00\x00\x1F\xFF\x00\x00\xFF\xF0\x00\x00\x1F\xFF\x00\x01\xFF\xE0\x00\x00\x0F\xFF\x80\x01\xFF\xE0\x00\x00\x0F\xFF\x80",
    /* 0x59 */ "\x01\xFF\xF0\x00\x00\x07\xFF\x80\x00\xFF\xF0\x00\x00\x0F\xFF\x00\x00\xFF\xF0\x00\x00\x0F\xFF\x00\x00\x7F\xF8\x00\x00\x1F\xFE\x00\x00\x7F\xF8\x00\x00\x1F\xFE\x00\x00\x3F\xFC\x00\x00\x3F\xFC\x00\x00\x3F\xFC\x00\x00\x3F\xFC\x00\x00\x3F\xFE\x00\x00\x3F\xF8\x00\x00\x1F\xFE\x00\x00\x7F\xF8\x00\x00\x1F\xFE\x00\x00\x7F\xF0\x00\x00\x0F\xFF\x00\x00\xFF\xF0\x00\x00\x0F\xFF\x00\x00\xFF\xE0\x00\x00\x07\xFF\x80\x01\xFF\xE0\x00\x00\x07\xFF\x80\x01\xFF\xC0\x00\x00\x03\xFF\x80\x01\xFF\xC0\x00\x00\x03\xFF\xC0\x03\xFF\xC0\x00\x00\x01\xFF\xC0\x03\xFF\x80\x00\x00\x01\xFF\xE0\x07\xFF\x80\x00\x00\x00\xFF\xE0\x07\xFF\x00\x00\x00\x00\xFF\xF0\x0F\xFF\x00\x00\x00\x00\x7F\xF0\x0F\xFE\x00\x00\x00\x00\x7F\xF0\x0F\xFE\x00\x00\x00\x00\x3F\xF8\x1F\xFC\x00\x00\x00\x00\x3F\xF8\x1F\xFC\x00\x00\x00\x00\x1F\xFC\x3F\xF8\x00\x00\x00\x00\x1F\xFC\x3F\xF8\x00\x00\x00\x00\x0F\xFC\x3F\xF0\x00\x00\x00\x00\x0F\xFE\x7F\xF0\x00\x00\x00\x00\x07\xFE\x7F\xE0\x00\x00\x00\x00\x07\xFF\xFF\xE0\x00\x00\x00\x00\x07\xFF\xFF\xC0\x00\x00\x00\x00\x03\xFF\xFF\xC0\x00\x00\x00\x00\x03\xFF\xFF\x80\x00\x00\x00\x00\x01\xFF\xFF\x80\x00\x00\x00\x00\x01\xFF\xFF\x00\x00\x00\x00\x00\x00\xFF\xFF\x00\x00\x00\x00\x00\x00\xFF\xFE\x00\x00\x00\x00\x00\x00\x7F\xFE\x00\x00\x00\x00\x00\x00\x7F\xFC\x00\x00\x00\x00\x00\x00\x3F\xFC\x00\x00\x00\x00\x00\x00\x3F\xFC\x00\x00\x00\x00\x00\x00\x3F\xFC\x00\x00\x00\x00\x00\x00\x3F\xFC\x00\x00\x00\x00\x00\x00\x3F\xFC\x00\x00\x00\x00\x00\x00\x3F\xFC\x00\x00\x00\x00\x00\x00\x3F\xFC\x00\x00\x00\x00\x00\x00\x3F\xFC\x00\x00\x00\x00\x00\x00\x3F\xFC\x00\x00\x00\x00\x00\x00\x3F\xFC\x00\x00\x00\x00\x00\x00\x3F\xFC\x00\x00\x00\x00\x00\x00\x3F\xFC\x00\x00\x00\x00\x00\x00\x3F\xFC\x00\x00\x00\x00\x00\x00\x3F\xFC\x00\x00\x00\x00\x00\x00\x3F\xFC\x00\x00\x00\x00\x00\x00\x3F\xFC\x00\x00\x00\x00\x00\x00\x3F\xFC\x00\x00\x00\x00\x00\x00\x3F\xFC\x00\x00\x00\x00\x00\x00\x3F\xFC\x00\x00\x00\x00\x00\x00\x3F\xFC\x00\x00\x00\x00\x00\x00\x3F\xFC\x00\x00\x00\x00\x00\x00\x3F\xFC\x00\x00\x00\x00\x00\x00\x3F\xFC\x00\x00\x00\x00\x00\x00\x3F\xFC\x00\x00\x00\x00\x00\x00\x3F\xFC\x00\x00\x00",
    /* 0x5A */ "\x00\x0F\xFF\xFF\xFF\xFF\xFE\x00\x00\x0F\xFF\xFF\xFF\xFF\xFE\x00\x00\x0F\xFF\xFF\xFF\xFF\xFE\x00\x00\x0F\xFF\xFF\xFF\xFF\xFE\x00\x00\x0F\xFF\xFF\xFF\xFF\xFE\x00\x00\x0F\xFF\xFF\xFF\xFF\xFE\x00\x00\x0F\xFF\xFF\xFF\xFF\xFE\x00\x00\x0F\xFF\xFF\xFF\xFF\xFC\x00\x00\x0F\xFF\xFF\xFF\xFF\xF8\x00\x00\x00\x00\x00\x00\xFF\xF8\x00\x00\x00\x00\x00\x01\xFF\xF0\x00\x00\x00\x00\x00\x01\xFF\xE0\x00\x00\x00\x00\x00\x03\xFF\xE0\x00\x00\x00\x00\x00\x07\xFF\xC0\x00\x00\x00\x00\x00\x07\xFF\x80\x00\x00\x00\x00\x00\x0F\xFF\x80\x00\x00\x00\x00\x00\x1F\xFF\x00\x00\x00\x00\x00\x00\x1F\xFF\x00\x00\x00\x00\x00\x00\x3F\xFE\x00\x00\x00\x00\x00\x00\x7F\xFC\x00\x00\x00\x00\x00\x00\x7F\xFC\x00\x00\x00\x00\x00\x00\xFF\xF8\x00\x00\x00\x00\x00\x01\xFF\xF0\x00\x00\x00\x00\x00\x01\xFF\xF0\x00\x00\x00\x00\x00\x03\xFF\xE0\x00\x00\x00\x00\x00\x03\xFF\xC0\x00\x00\x00\x00\x00\x07\xFF\xC0\x00\x00\x00\x00\x00\x0F\xFF\x80\x00\x00\x00\x00\x00\x0F\xFF\x00\x00\x00\x00\x00\x00\x1F\xFF\x00\x00\x00\x00\x00\x00\x3F\xFE\x00\x00\x00\x00\x00\x00\x3F\xFC\x00\x00\x00\x00\x00\x00\x7F\xFC\x00\x00\x00\x00\x00\x00\xFF\xF8\x00\x00\x00\x00\x00\x00\xFF\xF8\x00\x00\x00\x00\x00\x01\xFF\xF0\x00\x00\x00\x00\x00\x03\xFF\xE0\x00\x00\x00\x00\x00\x03\xFF\xE0\x00\x00\x00\x00\x00\x07\xFF\xC0\x00\x00\x00\x00\x00\x0F\xFF\x80\x00\x00\x00\x00\x00\x0F\xFF\x80\x00\x00\x00\x00\x00\x1F\xFF\x00\x00\x00\x00\x00\x00\x3F\xFE\x00\x00\x00\x00\x00\x00\x3F\xFE\x00\x00\x00\x00\x00\x00\x7F\xFC\x00\x00\x00\x00\x00\x00\x7F\xF8\x00\x00\x00\x00\x00\x00\xFF\xF8\x00\x00\x00\x00\x00\x01\xFF\xF0\x00\x00\x00\x00\x00\x01\xFF\xE0\x00\x00\x00\x00\x00\x03\xFF\xE0\x00\x00\x00\x00\x00\x07\xFF\xC0\x00\x00\x00\x00\x00\x07\xFF\xC0\x00\x00\x00\x00\x00\x0F\xFF\x80\x00\x00\x00\x00\x00\x1F\xFF\x00\x00\x00\x00\x00\x00\x1F\xFF\xFF\xFF\xFF\xFE\x00\x00\x3F\xFF\xFF\xFF\xFF\xFE\x00\x00\x7F\xFF\xFF\xFF\xFF\xFE\x00\x00\x7F\xFF\xFF\xFF\xFF\xFE\x00\x00\x7F\xFF\xFF\xFF\xFF\xFE\x00\x00\x7F\xFF\xFF\xFF\xFF\xFE\x00\x00\x7F\xFF\xFF\xFF\xFF\xFE\x00\x00\x7F\xFF\xFF\xFF\xFF\xFE\x00\x00\x7F\xFF\xFF\xFF\xFF\xFE\x00\x00\x7F\xFF\xFF\xFF\xFF\xFE\x00",
    /* 0x5B */ "\x00\x00\x00\x7F\xC0\x00\x00\x00\x00\x00\x00\x7F\xC0\x00\x00\x00\x00\x00\x00\x7F\xC0\x00\x00\x00\x00\x00\x00\x7F\xC0\x00\x00\x00\x00\x00\x00\x7F\xC0\x00\x00\x00\x00\x00\x00\x7F\xC0\x00\x00\x00\x00\x00\x00\x7F\xC0\x00\x00\x00\x00\x00\x00\x7F\xC0\x00\x00\x00\x00\x00\x00\x7F\xC0\x00\x00\x00\x00\x00\x00\x7F\xC0\x00\x00\x00\x00\x00\x00\x7F\xC0\x00\x00\x00\x00\x00\x00\x7F\xC0\x00\x00\x00\x00\x00\x00\x7F\xC0\x00\x00\x00\x00\x00\x00\x7F\xC0\x00\x00\x00\x00\x00\x00\x7F\xC0\x00\x00\x00\x00\x00\x00\x7F\xC0\x00\x00\x00\x00\x00\x00\x7F\xC0\x00\x00\x00\x00\x00\x00\x7F\xC0\x00\x00\x00\x00\x00\x00\x7F\xC0\x00\x00\x00\x00\x00\x00\x7F\xC0\x00\x00\x00\x00\x00\x00\x7F\xC0\x00\x00\x00\x00\x00\x00\x7F\xC0\x00\x00\x00\x00\x00\x00\x7F\xC0\x00\x00\x00\x00\x00\x00\x7F\xC0\x00\x00\x00\x00\x00\x00\x7F\xC0\x00\x00\x00\x00\x00\x00\x7F\xC0\x00\x00\x00\x00\x00\x00\x7F\xC0\x00\x00\x00\x00\x00\x00\x7F\xC0\x00\x00\x00\x00\x00\x00\x7F\xC0\x00\x00\x00\x00\x00\x00\x7F\xC0\x00\x00\x00\x00\x00\x00\x7F\xC0\x00\x00\x00\x00\x00\x00\x7F\xC0\x00\x00\x00\x00\x00\x00\x7F\xC0\x00\x00\x00\x00\x00\x00\x7F\xC0\x00\x00\x00\x00\x00\x00\x7F\xC0\x00\x00\x00\x00\x00\x00\x7F\xC0\x00\x00\x00\x00\x00\x00\x7F\xC0\x00\x00\x00\x00\x00\x00\x7F\xC0\x00\x00\x00\x00\x00\x00\x7F\xC0\x00\x00\x00\x00\x00\x00\x7F\xC0\x00\x00\x00\x00\x00\x00\x7F\xC0\x00\x00\x00\x00\x00\x00\x7F\xC0\x00\x00\x00\x00\x00\x00\x7F\xC0\x00\x00\x00\x00\x00\x00\x7F\xC0\x00\x00\x00\x00\x00\x00\x7F\xC0\x00\x00\x00\x00\x00\x00\x7F\xC0\x00\x00\x00\x00\x00\x00\x7F\xC0\x00\x00\x00\x00\x00\x00\x7F\xC0\x00\x00\x00\x00\x00\x00\x7F\xC0\x00\x00\x00\x00\x00\x00\x7F\xC0\x00\x00\x00\x00\x00\x00\x7F\xC0\x00\x00\x00\x00\x00\x00\x7F\xC0\x00\x00\x00\x00\x00\x00\x7F\xC0\x00\x00\x00\x00\x00\x00\x7F\xC0\x00\x00\x00\x00\x00\x00\x7F\xC0\x00\x00\x00\x00\x00\x00\x7F\xC0\x00\x00\x00\x00\x00\x00\x7F\xC0\x00\x00\x00\x00\x00\x00\x7F\xC0\x00\x00\x00\x00\x00\x00\x7F\xC0\x00\x00\x00\x00\x00\x00\x7F\xC0\x00\x00\x00\x00\x00\x00\x7F\xC0\x00\x00\x00\x00\x00\x00\x7F\xC0\x00\x00\x00\x00\x00\x00\x7F\xC0\x00\x00\x00\x00\x00\x00\x7F\xC0\x00\x00\x00",
    /* 0x5C */ "\x00\x00\x0F\xF0\x00\x00\x00\x00\x00\x00\x07\xF0\x00\x00\x00\x00\x00\x00\x07\xF8\x00\x00\x00\x00\x00\x00\x07\xF8\x00\x00\x00\x00\x00\x00\x07\xF8\x00\x00\x00\x00\x00\x00\x03\xFC\x00\x00\x00\x00\x00\x00\x03\xFC\x00\x00\x00\x00\x00\x00\x03\xFC\x00\x00\x00\x00\x00\x00\x03\xFC\x00\x00\x00\x00\x00\x00\x01\xFE\x00\x00\x00\x00\x00\x00\x01\xFE\x00\x00\x00\x00\x00\x00\x01\xFE\x00\x00\x00\x00\x00\x00\x01\xFE\x00\x00\x00\x00\x00\x00\x00\xFF\x00\x00\x00\x00\x00\x00\x00\xFF\x00\x00\x00\x00\x00\x00\x00\xFF\x00\x00\x00\x00\x00\x00\x00\x7F\x80\x00\x00\x00\x00\x00\x00\x7F\x80\x00\x00\x00\x00\x00\x00\x7F\x80\x00\x00\x00\x00\x00\x00\x7F\x80\x00\x00\x00\x00\x00\x00\x3F\xC0\x00\x00\x00\x00\x00\x00\x3F\xC0\x00\x00\x00\x00\x00\x00\x3F\xC0\x00\x00\x00\x00\x00\x00\x3F\xC0\x00\x00\x00\x00\x00\x00\x1F\xE0\x00\x00\x00\x00\x00\x00\x1F\xE0\x00\x00\x00\x00\x00\x00\x1F\xE0\x00\x00\x00\x00\x00\x00\x1F\xE0\x00\x00\x00\x00\x00\x00\x0F\xF0\x00\x00\x00\x00\x00\x00\x0F\xF0\x00\x00\x00\x00\x00\x00\x0F\xF0\x00\x00\x00\x00\x00\x00\x07\xF8\x00\x00\x00\x00\x00\x00\x07\xF8\x00\x00\x00\x00\x00\x00\x07\xF8\x00\x00\x00\x00\x00\x00\x07\xF8\x00\x00\x00\x00\x00\x00\x03\xFC\x00\x00\x00\x00\x00\x00\x03\xFC\x00\x00\x00\x00\x00\x00\x03\xFC\x00\x00\x00\x00\x00\x00\x03\xFC\x00\x00\x00\x00\x00\x00\x01\xFE\x00\x00\x00\x00\x00\x00\x01\xFE\x00\x00\x00\x00\x00\x00\x01\xFE\x00\x00\x00\x00\x00\x00\x01\xFE\x00\x00\x00\x00\x00\x00\x00\xFF\x00\x00\x00\x00\x00\x00\x00\xFF\x00\x00\x00\x00\x00\x00\x00\xFF\x00\x00\x00\x00\x00\x00\x00\x7F\x80\x00\x00\x00\x00\x00\x00\x7F\x80\x00\x00\x00\x00\x00\x00\x7F\x80\x00\x00\x00\x00\x00\x00\x7F\x80\x00\x00\x00\x00\x00\x00\x3F\xC0\x00\x00\x00\x00\x00\x00\x3F\xC0\x00\x00\x00\x00\x00\x00\x3F\xC0\x00\x00\x00\x00\x00\x00\x3F\xC0\x00\x00\x00\x00\x00\x00\x1F\xE0\x00\x00\x00\x00\x00\x00\x1F\xE0\x00\x00\x00\x00\x00\x00\x1F\xE0\x00\x00\x00\x00\x00\x00\x1F\xE0\x00\x00\x00\x00\x00\x00\x0F\xF0\x00\x00\x00\x00\x00\x00\x0F\xF0\x00\x00\x00\x00\x00\x00\x0F\xF0\x00\x00\x00\x00\x00\x00\x07\xF8\x00\x00\x00\x00\x00\x00\x07\xF8\x00\x00\x00\x00\x00\x00\x07\xF8\x00\x00",
    /* 0x5D */ "\x00\x00\x00\x03\xFE\x00\x00\x00\x00\x00\x00\x03\xFE\x00\x00\x00\x00\x00\x00\x03\xFE\x00\x00\x00\x00\x00\x00\x03\xFE\x00\x00\x00\x00\x00\x00\x03\xFE\x00\x00\x00\x00\x00\x00\x03\xFE\x00\x00\x00\x00\x00\x00\x03\xFE\x00\x00\x00\x00\x00\x00\x03\xFE\x00\x00\x00\x00\x00\x00\x03\xFE\x00\x00\x00\x00\x00\x00\x03\xFE\x00\x00\x00\x00\x00\x00\x03\xFE\x00\x00\x00\x00\x00\x00\x03\xFE\x00\x00\x00\x00\x00\x00\x03\xFE\x00\x00\x00\x00\x00\x00\x03\xFE\x00\x00\x00\x00\x00\x00\x03\xFE\x00\x00\x00\x00\x00\x00\x03\xFE\x00\x00\x00\x00\x00\x00\x03\xFE\x00\x00\x00\x00\x00\x00\x03\xFE\x00\x00\x00\x00\x00\x00\x03\xFE\x00\x00\x00\x00\x00\x00\x03\xFE\x00\x00\x00\x00\x00\x00\x03\xFE\x00\x00\x00\x00\x00\x00\x03\xFE\x00\x00\x00\x00\x00\x00\x03\xFE\x00\x00\x00\x00\x00\x00\x03\xFE\x00\x00\x00\x00\x00\x00\x03\xFE\x00\x00\x00\x00\x00\x00\x03\xFE\x00\x00\x00\x00\x00\x00\x03\xFE\x00\x00\x00\x00\x00\x00\x03\xFE\x00\x00\x00\x00\x00\x00\x03\xFE\x00\x00\x00\x00\x00\x00\x03\xFE\x00\x00\x00\x00\x00\x00\x03\xFE\x00\x00\x00\x00\x00\x00\x03\xFE\x00\x00\x00\x00\x00\x00\x03\xFE\x00\x00\x00\x00\x00\x00\x03\xFE\x00\x00\x00\x00\x00\x00\x03\xFE\x00\x00\x00\x00\x00\x00\x03\xFE\x00\x00\x00\x00\x00\x00\x03\xFE\x00\x00\x00\x00\x00\x00\x03\xFE\x00\x00\x00\x00\x00\x00\x03\xFE\x00\x00\x00\x00\x00\x00\x03\xFE\x00\x00\x00\x00\x00\x00\x03\xFE\x00\x00\x00\x00\x00\x00\x03\xFE\x00\x00\x00\x00\x00\x00\x03\xFE\x00\x00\x00\x00\x00\x00\x03\xFE\x00\x00\x00\x00\x00\x00\x03\xFE\x00\x00\x00\x00\x00\x00\x03\xFE\x00\x00\x00\x00\x00\x00\x03\xFE\x00\x00\x00\x00\x00\x00\x03\xFE\x00\x00\x00\x00\x00\x00\x03\xFE\x00\x00\x00\x00\x00\x00\x03\xFE\x00\x00\x00\x00\x00\x00\x03\xFE\x00\x00\x00\x00\x00\x00\x03\xFE\x00\x00\x00\x00\x00\x00\x03\xFE\x00\x00\x00\x00\x00\x00\x03\xFE\x00\x00\x00\x00\x00\x00\x03\xFE\x00\x00\x00\x00\x00\x00\x03\xFE\x00\x00\x00\x00\x00\x00\x03\xFE\x00\x00\x00\x00\x00\x00\x03\xFE\x00\x00\x00\x00\x00\x00\x03\xFE\x00\x00\x00\x00\x00\x00\x03\xFE\x00\x00\x00\x00\x00\x00\x03\xFE\x00\x00\x00\x00\x00\x00\x03\xFE\x00\x00\x00\x00\x00\x00\x03\xFE\x00\x00\x00\x00\x00\x00\x03\xFE\x00\x00\x00",
    /* 0x5E */ "\x00\x00\x00\x3F\xF8\x00\x00\x00\x00\x00\x00\x7F\xFC\x00\x00\x00\x00\x00\x00\x7F\xFC\x00\x00\x00\x00\x00\x00\xFF\xFE\x00\x00\x00\x00\x00\x00\xFF\xFE\x00\x00\x00\x00\x00\x00\xFF\xFE\x00\x00\x00\x00\x00\x01\xFF\xFF\x00\x00\x00\x00\x00\x01\xFF\xFF\x00\x00\x00\x00\x00\x01\xFF\xFF\x80\x00\x00\x00\x00\x03\xFE\xFF\x80\x00\x00\x00\x00\x03\xFE\xFF\x80\x00\x00\x00\x00\x07\xFC\x7F\xC0\x00\x00\x00\x00\x07\xFC\x7F\xC0\x00\x00\x00\x00\x07\xFC\x7F\xC0\x00\x00\x00\x00\x0F\xF8\x3F\xE0\x00\x00\x00\x00\x0F\xF8\x3F\xE0\x00\x00\x00\x00\x1F\xF8\x3F\xF0\x00\x00\x00\x00\x1F\xF0\x1F\xF0\x00\x00\x00\x00\x1F\xF0\x1F\xF0\x00\x00\x00\x00\x3F\xF0\x1F\xF8\x00\x00\x00\x00\x3F\xE0\x0F\xF8\x00\x00\x00\x00\x7F\xE0\x0F\xFC\x00\x00\x00\x00\x7F\xE0\x0F\xFC\x00\x00\x00\x00\x7F\xC0\x07\xFC\x00\x00\x00\x00\xFF\xC0\x07\xFE\x00\x00\x00\x00\xFF\x80\x03\xFE\x00\x00\x00\x01\xFF\x80\x03\xFF\x00\x00\x00\x01\xFF\x80\x03\xFF\x00\x00\x00\x01\xFF\x00\x01\xFF\x00\x00\x00\x03\xFF\x00\x01\xFF\x80\x00\x00\x03\xFF\x00\x01\xFF\x80\x00\x00\x03\xFE\x00\x00\xFF\xC0\x00\x00\x07\xFE\x00\x00\xFF\xC0\x00\x00\x07\xFE\x00\x00\x7F\xC0\x00\x00\x0F\xFC\x00\x00\x7F\xE0\x00\x00\x0F\xFC\x00\x00\x7F\xE0\x00\x00\x0F\xF8\x00\x00\x3F\xE0\x00\x00\x00\x00\x00\x00\x00\x00\x00\x00\x00\x00\x00\x00\x00\x00\x00\x00\x00\x00\x00\x00\x00\x00\x00\x00\x00\x00\x00\x00\x00\x00\x00\x00\x00\x00\x00\x00\x00\x00\x00\x00\x00\x00\x00\x00\x00\x00\x00\x00\x00\x00\x00\x00\x00\x00\x00\x00\x00\x00\x00\x00\x00\x00\x00\x00\x00\x00\x00\x00\x00\x00\x00\x00\x00\x00\x00\x00\x00\x00\x00\x00\x00\x00\x00\x00\x00\x00\x00\x00\x00\x00\x00\x00\x00\x00\x00\x00\x00\x00\x00\x00\x00\x00\x00\x00\x00\x00\x00\x00\x00\x00\x00\x00\x00\x00\x00\x00\x00\x00\x00\x00\x00\x00\x00\x00\x00\x00\x00\x00\x00\x00\x00\x00\x00\x00\x00\x00\x00\x00\x00\x00\x00\x00\x00\x00\x00\x00\x00\x00\x00\x00\x00\x00\x00\x00\x00\x00\x00\x00\x00\x00\x00\x00\x00\x00\x00\x00\x00\x00\x00\x00\x00\x00\x00\x00\x00\x00\x00\x00\x00\x00\x00\x00\x00\x00\x00\x00\x00\x00\x00\x00\x00\x00\x00\x00\x00\x00\x00\x00\x00\x00\x00\x00\x00\x00\x00\x00\x00\x00\x00\x00\x00\x00\x00\x00\x00",
    /* 0x5F */ "\x00\x00\x00\x00\x00\x00\x00\x00\x00\x00\x00\x00\x00\x00\x00\x00\x00\x00\x00\x00\x00\x00\x00\x00\x00\x00\x00\x00\x00\x00\x00\x00\x00\x00\x00\x00\x00\x00\x00\x00\x00\x00\x00\x00\x00\x00\x00\x00\x00\x00\x00\x00\x00\x00\x00\x00\x00\x00\x00\x00\x00\x00\x00\x00\x00\x00\x00\x00\x00\x00\x00\x00\x00\x00\x00\x00\x00\x00\x00\x00\x00\x00\x00\x00\x00\x00\x00\x00\x00\x00\x00\x00\x00\x00\x00\x00\x00\x00\x00\x00\x00\x00\x00\x00\x00\x00\x00\x00\x00\x00\x00\x00\x00\x00\x00\x00\x00\x00\x00\x00\x00\x00\x00\x00\x00\x00\x00\x00\x00\x00\x00\x00\x00\x00\x00\x00\x00\x00\x00\x00\x00\x00\x00\x00\x00\x00\x00\x00\x00\x00\x00\x00\x00\x00\x00\x00\x00\x00\x00\x00\x00\x00\x00\x00\x00\x00\x00\x00\x00\x00\x00\x00\x00\x00\x00\x00\x00\x00\x00\x00\x00\x00\x00\x00\x00\x00\x00\x00\x00\x00\x00\x00\x00\x00\x00\x00\x00\x00\x00\x00\x00\x00\x00\x00\x00\x00\x00\x00\x00\x00\x00\x00\x00\x00\x00\x00\x00\x00\x00\x00\x00\x00\x00\x00\x00\x00\x00\x00\x00\x00\x00\x00\x00\x00\x00\x00\x00\x00\x00\x00\x00\x00\x00\x00\x00\x00\x00\x00\x00\xFF\xFF\xFF\xFF\xFF\xFE\x00\x00\xFF\xFF\xFF\xFF\xFF\xFE\x00\x00\xFF\xFF\xFF\xFF\xFF\xFE\x00\x00\xFF\xFF\xFF\xFF\xFF\xFE\x00\x00\xFF\xFF\xFF\xFF\xFF\xFE\x00\x00\xFF\xFF\xFF\xFF\xFF\xFE\x00\x00\xFF\xFF\xFF\xFF\xFF\xFE\x00\x00\x00\x00\x00\x00\x00\x00\x00\x00\x00\x00\x00\x00\x00\x00\x00\x00\x00\x00\x00\x00\x00\x00\x00\x00\x00\x00\x00\x00\x00\x00\x00\x00\x00\x00\x00\x00\x00\x00\x00\x00\x00\x00\x00\x00\x00\x00\x00\x00\x00\x00\x00\x00\x00\x00\x00\x00\x00\x00\x00\x00\x00\x00\x00\x00\x00\x00\x00\x00\x00\x00\x00\x00\x00\x00\x00\x00\x00\x00\x00\x00\x00\x00\x00\x00\x00\x00\x00\x00\x00\x00\x00\x00\x00\x00\x00\x00\x00\x00\x00\x00\x00\x00\x00\x00\x00\x00\x00\x00\x00\x00\x00\x00\x00\x00\x00\x00\x00\x00\x00\x00\x00\x00\x00\x00\x00\x00\x00\x00\x00\x00\x00\x00\x00\x00\x00\x00\x00\x00\x00\x00\x00\x00\x00\x00\x00\x00\x00\x00\x00\x00\x00\x00\x00\x00\x00\x00\x00\x00\x00\x00\x00\x00\x00\x00\x00\x00\x00\x00\x00\x00\x00\x00\x00\x00\x00\x00\x00\x00\x00\x00\x00\x00\x00\x00\x00\x00\x00\x00\x00\x00\x00\x00\x00\x00\x00\x00\x00\x00\x00\x00\x00\x00\x00\x00\x00\x00\x00",
    /* 0x60 */ "\x00\x01\xFF\xFC\x00\x00\x00\x00\x00\x00\xFF\xFC\x00\x00\x00\x00\x00\x00\x3F\xFE\x00\x00\x00\x00\x00\x00\x1F\xFF\x00\x00\x00\x00\x00\x00\x0F\xFF\x80\x00\x00\x00\x00\x00\x07\xFF\xC0\x00\x00\x00\x00\x00\x03\xFF\xE0\x00\x00\x00\x00\x00\x01\xFF\xF0\x00\x00\x00\x00\x00\x00\xFF\xF0\x00\x00\x00\x00\x00\x00\x7F\xF8\x00\x00\x00\x00\x00\x00\x3F\xF0\x00\x00\x00\x00\x00\x00\x1F\xE0\x00\x00\x00\x00\x00\x00\x0F\xC0\x00\x00\x00\x00\x00\x00\x03\x80\x00\x00\x00\x00\x00\x00\x01\x00\x00\x00\x00\x00\x00\x00\x00\x00\x00\x00\x00\x00\x00\x00\x00\x00\x00\x00\x00\x00\x00\x00\x00\x00\x00\x00\x00\x00\x00\x00\x00\x00\x00\x00\x00\x00\x00\x00\x00\x00\x00\x00\x00\x00\x00\x00\x00\x00\x00\x00\x00\x00\x00\x00\x00\x00\x00\x00\x00\x00\x00\x00\x00\x00\x00\x00\x00\x00\x00\x00\x00\x00\x00\x00\x00\x00\x00\x00\x00\x00\x00\x00\x00\x00\x00\x00\x00\x00\x00\x00\x00\x00\x00\x00\x00\x00\x00\x00\x00\x00\x00\x00\x00\x00\x00\x00\x00\x00\x00\x00\x00\x00\x00\x00\x00\x00\x00\x00\x00\x00\x00\x00\x00\x00\x00\x00\x00\x00\x00\x00\x00\x00\x00\x00\x00\x00\x00\x00\x00\x00\x00\x00\x00\x00\x00\x00\x00\x00\x00\x00\x00\x00\x00\x00\x00\x00\x00\x00\x00\x00\x00\x00\x00\x00\x00\x00\x00\x00\x00\x00\x00\x00\x00\x00\x00\x00\x00\x00\x00\x00\x00\x00\x00\x00\x00\x00\x00\x00\x00\x00\x00\x00\x00\x00\x00\x00\x00\x00\x00\x00\x00\x00\x00\x00\x00\x00\x00\x00\x00\x00\x00\x00\x00\x00\x00\x00\x00\x00\x00\x00\x00\x00\x00\x00\x00\x00\x00\x00\x00\x00\x00\x00\x00\x00\x00\x00\x00\x00\x00\x00\x00\x00\x00\x00\x00\x00\x00\x00\x00\x00\x00\x00\x00\x00\x00\x00\x00\x00\x00\x00\x00\x00\x00\x00\x00\x00\x00\x00\x00\x00\x00\x00\x00\x00\x00\x00\x00\x00\x00\x00\x00\x00\x00\x00\x00\x00\x00\x00\x00\x00\x00\x00\x00\x00\x00\x00\x00\x00\x00\x00\x00\x00\x00\x00\x00\x00\x00\x00\x00\x00\x00\x00\x00\x00\x00\x00\x00\x00\x00\x00\x00\x00\x00\x00\x00\x00\x00\x00\x00\x00\x00\x00\x00\x00\x00\x00\x00\x00\x00\x00\x00\x00\x00\x00\x00\x00\x00\x00\x00\x00\x00\x00\x00\x00\x00\x00\x00\x00\x00\x00\x00\x00\x00\x00\x00\x00\x00\x00\x00\x00\x00\x00\x00\x00\x00\x00\x00\x00\x00\x00\x00\x00\x00\x00\x00\x00\x00\x00\x00\x00\x00\x00\x00\x00\x00",
    /* 0x61 */ "\x00\x00\x00\x00\x00\x00\x00\x00\x00\x00\x00\x00\x00\x00\x00\x00\x00\x00\x00\x00\x00\x00\x00\x00\x00\x00\x00\x00\x00\x00\x00\x00\x00\x00\x00\x00\x00\x00\x00\x00\x00\x00\x00\x00\x00\x00\x00\x00\x00\x00\x00\x00\xC0\x00\x00\x00\x00\x00\x00\x7F\xFF\x00\x00\x00\x00\x00\x03\xFF\xFF\xC0\x00\x00\x00\x00\x1F\xFF\xFF\xF0\x00\x00\x00\x00\x7F\xFF\xFF\xF8\x00\x00\x00\x01\xFF\xFF\xFF\xFC\x00\x00\x00\x03\xFF\xFF\xFF\xFE\x00\x00\x00\x07\xFF\xFF\xFF\xFF\x00\x00\x00\x03\xFF\xFF\xFF\xFF\x00\x00\x00\x03\xFF\xFF\xFF\xFF\x80\x00\x00\x01\xFF\xE0\x3F\xFF\x80\x00\x00\x01\xFF\x00\x0F\xFF\xC0\x00\x00\x00\xF8\x00\x07\xFF\xC0\x00\x00\x00\xE0\x00\x03\xFF\xC0\x00\x00\x00\x40\x00\x03\xFF\xC0\x00\x00\x00\x00\x00\x01\xFF\xE0\x00\x00\x00\x00\x00\x01\xFF\xE0\x00\x00\x00\x00\x00\x01\xFF\xE0\x00\x00\x00\x00\x00\x01\xFF\xE0\x00\x00\x00\x00\x00\x03\xFF\xE0\x00\x00\x00\x00\x00\xFF\xFF\xE0\x00\x00\x00\x00\x1F\xFF\xFF\xE0\x00\x00\x00\x00\xFF\xFF\xFF\xE0\x00\x00\x00\x07\xFF\xFF\xFF\xE0\x00\x00\x00\x1F\xFF\xFF\xFF\xE0\x00\x00\x00\x3F\xFF\xFF\xFF\xE0\x00\x00\x00\xFF\xFF\xFF\xFF\xE0\x00\x00\x01\xFF\xFF\xC1\xFF\xE0\x00\x00\x03\xFF\xFC\x01\xFF\xE0\x00\x00\x07\xFF\xE0\x01\xFF\xE0\x00\x00\x07\xFF\xC0\x01\xFF\xE0\x00\x00\x0F\xFF\x00\x01\xFF\xE0\x00\x00\x0F\xFE\x00\x01\xFF\xE0\x00\x00\x1F\xFE\x00\x01\xFF\xE0\x00\x00\x1F\xFC\x00\x01\xFF\xE0\x00\x00\x1F\xFC\x00\x01\xFF\xE0\x00\x00\x1F\xFC\x00\x01\xFF\xE0\x00\x00\x1F\xFC\x00\x01\xFF\xE0\x00\x00\x1F\xFC\x00\x03\xFF\xE0\x00\x00\x1F\xFE\x00\x07\xFF\xE0\x00\x00\x1F\xFE\x00\x1F\xFF\xE0\x00\x00\x1F\xFF\x80\x7F\xFF\xE0\x00\x00\x0F\xFF\xFF\xFF\xFF\xE0\x00\x00\x0F\xFF\xFF\xFF\xFF\xE0\x00\x00\x0F\xFF\xFF\xFF\xFF\xE0\x00\x00\x07\xFF\xFF\xFF\xFF\xE0\x00\x00\x03\xFF\xFF\xFE\x7F\xE0\x00\x00\x01\xFF\xFF\xF8\x7F\xE0\x00\x00\x00\xFF\xFF\xF0\x7F\xE0\x00\x00\x00\x7F\xFF\xC0\x7F\xE0\x00\x00\x00\x3F\xFF\x00\x7F\xE0\x00\x00\x00\x07\xFC\x00\x00\x00\x00\x00\x00\x00\x00\x00\x00\x00\x00\x00\x00\x00\x00\x00\x00\x00\x00\x00\x00\x00\x00\x00\x00\x00\x00\x00\x00\x00\x00\x00\x00\x00\x00\x00\x00\x00\x00\x00\x00\x00\x00\x00\x00\x00\x00\x00\x00\x00\x00",
    /* 0x62 */ "\x00\x1F\xFE\x00\x00\x00\x00\x00\x00\x1F\xFE\x00\x00\x00\x00\x00\x00\x1F\xFE\x00\x00\x00\x00\x00\x00\x1F\xFE\x00\x00\x00\x00\x00\x00\x1F\xFE\x00\x00\x00\x00\x00\x00\x1F\xFE\x00\x00\x00\x00\x00\x00\x1F\xFE\x00\x00\x00\x00\x00\x00\x1F\xFE\x00\x00\x00\x00\x00\x00\x1F\xFE\x00\x00\x00\x00\x00\x00\x1F\xFE\x00\x00\x00\x00\x00\x00\x1F\xFE\x00\x00\x00\x00\x00\x00\x1F\xFE\x00\x00\x00\x00\x00\x00\x1F\xFE\x00\x00\x00\x00\x00\x00\x1F\xFE\x00\x00\x00\x00\x00\x00\x1F\xFE\x00\x00\x00\x00\x00\x00\x1F\xFE\x00\x00\x00\x00\x00\x00\x1F\xFE\x00\x7F\x80\x00\x00\x00\x1F\xFE\x03\xFF\xF0\x00\x00\x00\x1F\xFE\x0F\xFF\xFC\x00\x00\x00\x1F\xFE\x3F\xFF\xFF\x00\x00\x00\x1F\xFE\x7F\xFF\xFF\x80\x00\x00\x1F\xFF\xFF\xFF\xFF\xC0\x00\x00\x1F\xFF\xFF\xFF\xFF\xE0\x00\x00\x1F\xFF\xFF\xFF\xFF\xE0\x00\x00\x1F\xFF\xFF\xFF\xFF\xF0\x00\x00\x1F\xFF\xFF\xFF\xFF\xF8\x00\x00\x1F\xFF\xF8\x03\xFF\xF8\x00\x00\x1F\xFF\xE0\x00\xFF\xFC\x00\x00\x1F\xFF\xC0\x00\x7F\xFC\x00\x00\x1F\xFF\x00\x00\x7F\xFC\x00\x00\x1F\xFE\x00\x00\x3F\xFE\x00\x00\x1F\xFE\x00\x00\x3F\xFE\x00\x00\x1F\xFE\x00\x00\x1F\xFE\x00\x00\x1F\xFE\x00\x00\x1F\xFE\x00\x00\x1F\xFE\x00\x00\x1F\xFE\x00\x00\x1F\xFE\x00\x00\x1F\xFF\x00\x00\x1F\xFE\x00\x00\x0F\xFF\x00\x00\x1F\xFE\x00\x00\x0F\xFF\x00\x00\x1F\xFE\x00\x00\x0F\xFF\x00\x00\x1F\xFE\x00\x00\x0F\xFF\x00\x00\x1F\xFE\x00\x00\x0F\xFF\x00\x00\x1F\xFE\x00\x00\x0F\xFF\x00\x00\x1F\xFE\x00\x00\x0F\xFF\x00\x00\x1F\xFE\x00\x00\x0F\xFF\x00\x00\x1F\xFE\x00\x00\x0F\xFF\x00\x00\x1F\xFE\x00\x00\x0F\xFF\x00\x00\x1F\xFE\x00\x00\x1F\xFE\x00\x00\x1F\xFE\x00\x00\x1F\xFE\x00\x00\x1F\xFE\x00\x00\x1F\xFE\x00\x00\x1F\xFE\x00\x00\x1F\xFE\x00\x00\x1F\xFE\x00\x00\x3F\xFE\x00\x00\x1F\xFE\x00\x00\x3F\xFC\x00\x00\x1F\xFE\x00\x00\x7F\xFC\x00\x00\x1F\xFE\x00\x00\xFF\xF8\x00\x00\x1F\xFF\x00\x00\xFF\xF8\x00\x00\x1F\xFF\xC0\x03\xFF\xF8\x00\x00\x1F\xFF\xF0\x07\xFF\xF0\x00\x00\x1F\xFF\xFF\xFF\xFF\xE0\x00\x00\x1F\xFF\xFF\xFF\xFF\xE0\x00\x00\x1F\xFF\xFF\xFF\xFF\xC0\x00\x00\x1F\xFF\xFF\xFF\xFF\x80\x00\x00\x1F\xFB\xFF\xFF\xFF\x00\x00\x00\x1F\xF8\xFF\xFF\xFE\x00\x00\x00\x1F\xF8\x7F\xFF\xFC\x00\x00",
    /* 0x63 */ "\x00\x00\x00\x00\x00\x00\x00\x00\x00\x00\x00\x00\x00\x00\x00\x00\x00\x00\x00\x00\x00\x00\x00\x00\x00\x00\x00\x00\x00\x00\x00\x00\x00\x00\x00\x00\x00\x00\x00\x00\x00\x00\x00\x00\x00\x00\x00\x00\x00\x00\x00\x00\xFF\xC0\x00\x00\x00\x00\x00\x07\xFF\xFC\x00\x00\x00\x00\x00\x3F\xFF\xFE\x00\x00\x00\x00\x00\x7F\xFF\xFF\x80\x00\x00\x00\x01\xFF\xFF\xFF\xC0\x00\x00\x00\x03\xFF\xFF\xFF\xF0\x00\x00\x00\x07\xFF\xFF\xFF\xE0\x00\x00\x00\x0F\xFF\xFF\xFF\xC0\x00\x00\x00\x1F\xFF\xFF\xFF\xC0\x00\x00\x00\x3F\xFF\xFF\xFF\x80\x00\x00\x00\x7F\xFF\x80\x3F\x00\x00\x00\x00\x7F\xFE\x00\x0E\x00\x00\x00\x00\xFF\xFC\x00\x02\x00\x00\x00\x01\xFF\xF8\x00\x00\x00\x00\x00\x01\xFF\xF0\x00\x00\x00\x00\x00\x01\xFF\xE0\x00\x00\x00\x00\x00\x03\xFF\xE0\x00\x00\x00\x00\x00\x03\xFF\xC0\x00\x00\x00\x00\x00\x03\xFF\xC0\x00\x00\x00\x00\x00\x03\xFF\xC0\x00\x00\x00\x00\x00\x07\xFF\x80\x00\x00\x00\x00\x00\x07\xFF\x80\x00\x00\x00\x00\x00\x07\xFF\x80\x00\x00\x00\x00\x00\x07\xFF\x80\x00\x00\x00\x00\x00\x07\xFF\x80\x00\x00\x00\x00\x00\x07\xFF\x80\x00\x00\x00\x00\x00\x07\xFF\x80\x00\x00\x00\x00\x00\x07\xFF\x80\x00\x00\x00\x00\x00\x07\xFF\x80\x00\x00\x00\x00\x00\x07\xFF\x80\x00\x00\x00\x00\x00\x07\xFF\x80\x00\x00\x00\x00\x00\x07\xFF\xC0\x00\x00\x00\x00\x00\x03\xFF\xC0\x00\x00\x00\x00\x00\x03\xFF\xC0\x00\x00\x00\x00\x00\x03\xFF\xE0\x00\x00\x00\x00\x00\x03\xFF\xE0\x00\x00\x00\x00\x00\x01\xFF\xF0\x00\x00\x00\x00\x00\x01\xFF\xF8\x00\x00\x00\x00\x00\x00\xFF\xFC\x00\x03\x80\x00\x00\x00\xFF\xFE\x00\x07\x80\x00\x00\x00\x7F\xFF\x80\x1F\xC0\x00\x00\x00\x7F\xFF\xFF\xFF\xC0\x00\x00\x00\x3F\xFF\xFF\xFF\xE0\x00\x00\x00\x1F\xFF\xFF\xFF\xF0\x00\x00\x00\x0F\xFF\xFF\xFF\xF0\x00\x00\x00\x07\xFF\xFF\xFF\xF0\x00\x00\x00\x03\xFF\xFF\xFF\xE0\x00\x00\x00\x00\xFF\xFF\xFF\x80\x00\x00\x00\x00\x7F\xFF\xFE\x00\x00\x00\x00\x00\x0F\xFF\xF8\x00\x00\x00\x00\x00\x01\xFF\xC0\x00\x00\x00\x00\x00\x00\x00\x00\x00\x00\x00\x00\x00\x00\x00\x00\x00\x00\x00\x00\x00\x00\x00\x00\x00\x00\x00\x00\x00\x00\x00\x00\x00\x00\x00\x00\x00\x00\x00\x00\x00\x00\x00\x00\x00\x00\x00\x00\x00\x00\x00\x00\x00\x00\x00\x00\x00\x00",
    /* 0x64 */ "\x00\x00\x00\x00\x00\x7F\xF8\x00\x00\x00\x00\x00\x00\x7F\xF8\x00\x00\x00\x00\x00\x00\x7F\xF8\x00\x00\x00\x00\x00\x00\x7F\xF8\x00\x00\x00\x00\x00\x00\x7F\xF8\x00\x00\x00\x00\x00\x00\x7F\xF8\x00\x00\x00\x00\x00\x00\x7F\xF8\x00\x00\x00\x00\x00\x00\x7F\xF8\x00\x00\x00\x00\x00\x00\x7F\xF8\x00\x00\x00\x00\x00\x00\x7F\xF8\x00\x00\x00\x00\x00\x00\x7F\xF8\x00\x00\x00\x00\x00\x00\x7F\xF8\x00\x00\x00\x00\x00\x00\x7F\xF8\x00\x00\x00\x00\x00\x00\x7F\xF8\x00\x00\x00\x00\x00\x00\x7F\xF8\x00\x00\x00\x00\x00\x00\x7F\xF8\x00\x00\x00\x00\xFF\x80\x7F\xF8\x00\x00\x00\x07\xFF\xF0\x7F\xF8\x00\x00\x00\x1F\xFF\xF8\x7F\xF8\x00\x00\x00\x3F\xFF\xFE\x7F\xF8\x00\x00\x00\x7F\xFF\xFF\x7F\xF8\x00\x00\x00\xFF\xFF\xFF\xFF\xF8\x00\x00\x01\xFF\xFF\xFF\xFF\xF8\x00\x00\x03\xFF\xFF\xFF\xFF\xF8\x00\x00\x07\xFF\xFF\xFF\xFF\xF8\x00\x00\x0F\xFF\xFF\xFF\xFF\xF8\x00\x00\x0F\xFF\xE0\x0F\xFF\xF8\x00\x00\x1F\xFF\x80\x03\xFF\xF8\x00\x00\x1F\xFF\x00\x00\xFF\xF8\x00\x00\x3F\xFE\x00\x00\x7F\xF8\x00\x00\x3F\xFE\x00\x00\x7F\xF8\x00\x00\x7F\xFC\x00\x00\x7F\xF8\x00\x00\x7F\xFC\x00\x00\x7F\xF8\x00\x00\x7F\xF8\x00\x00\x7F\xF8\x00\x00\x7F\xF8\x00\x00\x7F\xF8\x00\x00\xFF\xF8\x00\x00\x7F\xF8\x00\x00\xFF\xF0\x00\x00\x7F\xF8\x00\x00\xFF\xF0\x00\x00\x7F\xF8\x00\x00\xFF\xF0\x00\x00\x7F\xF8\x00\x00\xFF\xF0\x00\x00\x7F\xF8\x00\x00\xFF\xF0\x00\x00\x7F\xF8\x00\x00\xFF\xF0\x00\x00\x7F\xF8\x00\x00\xFF\xF0\x00\x00\x7F\xF8\x00\x00\xFF\xF0\x00\x00\x7F\xF8\x00\x00\xFF\xF0\x00\x00\x7F\xF8\x00\x00\xFF\xF0\x00\x00\x7F\xF8\x00\x00\xFF\xF0\x00\x00\x7F\xF8\x00\x00\xFF\xF0\x00\x00\x7F\xF8\x00\x00\xFF\xF8\x00\x00\x7F\xF8\x00\x00\x7F\xF8\x00\x00\x7F\xF8\x00\x00\x7F\xF8\x00\x00\x7F\xF8\x00\x00\x7F\xFC\x00\x00\x7F\xF8\x00\x00\x7F\xFC\x00\x00\x7F\xF8\x00\x00\x3F\xFE\x00\x00\xFF\xF8\x00\x00\x3F\xFF\x00\x01\xFF\xF8\x00\x00\x1F\xFF\x80\x07\xFF\xF8\x00\x00\x1F\xFF\xC0\x1F\xFF\xF8\x00\x00\x0F\xFF\xFF\xFF\xFF\xF8\x00\x00\x0F\xFF\xFF\xFF\xFF\xF8\x00\x00\x07\xFF\xFF\xFF\xFF\xF8\x00\x00\x03\xFF\xFF\xFF\xFF\xF8\x00\x00\x03\xFF\xFF\xFF\xBF\xF8\x00\x00\x01\xFF\xFF\xFF\x3F\xF8\x00\x00\x00\x7F\xFF\xFC\x1F\xF8\x00",
    /* 0x65 */ "\x00\x00\x00\x00\x00\x00\x00\x00\x00\x00\x00\x00\x00\x00\x00\x00\x00\x00\x00\x00\x00\x00\x00\x00\x00\x00\x00\x00\x00\x00\x00\x00\x00\x00\x00\x00\x00\x00\x00\x00\x00\x00\x00\x00\x00\x00\x00\x00\x00\x00\x00\x00\xC0\x00\x00\x00\x00\x00\x00\x3F\xFF\x00\x00\x00\x00\x00\x00\xFF\xFF\xC0\x00\x00\x00\x00\x03\xFF\xFF\xF0\x00\x00\x00\x00\x0F\xFF\xFF\xF8\x00\x00\x00\x00\x1F\xFF\xFF\xFC\x00\x00\x00\x00\x3F\xFF\xFF\xFE\x00\x00\x00\x00\x7F\xFF\xFF\xFF\x00\x00\x00\x00\xFF\xFF\xFF\xFF\x80\x00\x00\x01\xFF\xFF\xFF\xFF\xC0\x00\x00\x01\xFF\xFC\x0F\xFF\xC0\x00\x00\x03\xFF\xF0\x03\xFF\xE0\x00\x00\x07\xFF\xC0\x00\xFF\xE0\x00\x00\x07\xFF\x80\x00\x7F\xE0\x00\x00\x0F\xFF\x00\x00\x7F\xF0\x00\x00\x0F\xFE\x00\x00\x3F\xF0\x00\x00\x0F\xFE\x00\x00\x3F\xF0\x00\x00\x1F\xFC\x00\x00\x3F\xF0\x00\x00\x1F\xFC\x00\x00\x1F\xF8\x00\x00\x1F\xFC\x00\x00\x1F\xF8\x00\x00\x3F\xF8\x00\x00\x1F\xF8\x00\x00\x3F\xF8\x00\x00\x1F\xF8\x00\x00\x3F\xFF\xFF\xFF\xFF\xF8\x00\x00\x3F\xFF\xFF\xFF\xFF\xF8\x00\x00\x3F\xFF\xFF\xFF\xFF\xF8\x00\x00\x3F\xFF\xFF\xFF\xFF\xF8\x00\x00\x3F\xFF\xFF\xFF\xFF\xF8\x00\x00\x3F\xFF\xFF\xFF\xFF\xF8\x00\x00\x3F\xFF\xFF\xFF\xFF\xF8\x00\x00\x3F\xFF\xFF\xFF\xFF\xF8\x00\x00\x3F\xF8\x00\x00\x00\x00\x00\x00\x3F\xFC\x00\x00\x00\x00\x00\x00\x1F\xFC\x00\x00\x00\x00\x00\x00\x1F\xFC\x00\x00\x00\x00\x00\x00\x1F\xFE\x00\x00\x00\x00\x00\x00\x1F\xFE\x00\x00\x00\x00\x00\x00\x0F\xFF\x00\x00\x00\x00\x00\x00\x0F\xFF\x00\x00\x00\x00\x00\x00\x0F\xFF\x80\x00\x00\x00\x00\x00\x07\xFF\xC0\x00\x00\x00\x00\x00\x07\xFF\xF0\x00\x0F\x00\x00\x00\x03\xFF\xFC\x00\x3F\x00\x00\x00\x01\xFF\xFF\xFF\xFF\x80\x00\x00\x00\xFF\xFF\xFF\xFF\xC0\x00\x00\x00\xFF\xFF\xFF\xFF\xC0\x00\x00\x00\x7F\xFF\xFF\xFF\xE0\x00\x00\x00\x3F\xFF\xFF\xFF\xE0\x00\x00\x00\x0F\xFF\xFF\xFF\x80\x00\x00\x00\x07\xFF\xFF\xFF\x00\x00\x00\x00\x01\xFF\xFF\xFC\x00\x00\x00\x00\x00\x7F\xFF\xE0\x00\x00\x00\x00\x00\x07\xFF\x00\x00\x00\x00\x00\x00\x00\x00\x00\x00\x00\x00\x00\x00\x00\x00\x00\x00\x00\x00\x00\x00\x00\x00\x00\x00\x00\x00\x00\x00\x00\x00\x00\x00\x00\x00\x00\x00\x00\x00\x00\x00\x00\x00\x00\x00\x00\x00\x00\x00\x00",
    /* 0x66 */ "\x00\x00\x00\x1F\xFF\xFF\x00\x00\x00\x00\x00\x3F\xFF\xFE\x00\x00\x00\x00\x00\x3F\xFF\xFE\x00\x00\x00\x00\x00\x7F\xFF\xFE\x00\x00\x00\x00\x00\x7F\xFF\xFE\x00\x00\x00\x00\x00\xFF\xFF\xFC\x00\x00\x00\x00\x00\xFF\xFC\x00\x00\x00\x00\x00\x00\xFF\xF0\x00\x00\x00\x00\x00\x01\xFF\xF0\x00\x00\x00\x00\x00\x01\xFF\xE0\x00\x00\x00\x00\x00\x01\xFF\xE0\x00\x00\x00\x00\x00\x01\xFF\xE0\x00\x00\x00\x00\x00\x01\xFF\xE0\x00\x00\x00\x00\x00\x01\xFF\xE0\x00\x00\x00\x00\x00\x01\xFF\xE0\x00\x00\x00\x00\x00\x01\xFF\xE0\x00\x00\x00\x00\x00\x01\xFF\xE0\x00\x00\x00\x00\x00\x01\xFF\xE0\x00\x00\x00\x00\x00\x01\xFF\xFF\xF0\x00\x00\x00\x00\xFF\xFF\xFF\xF0\x00\x00\x00\x00\xFF\xFF\xFF\xF0\x00\x00\x00\x00\xFF\xFF\xFF\xF0\x00\x00\x00\x00\xFF\xFF\xFF\xF0\x00\x00\x00\x00\xFF\xFF\xFF\xF0\x00\x00\x00\x00\xFF\xFF\xFF\xF0\x00\x00\x00\x00\xFF\xFF\xFF\xF0\x00\x00\x00\x00\xFF\xFF\xFF\xF0\x00\x00\x00\x00\xFF\xFF\xFF\xF0\x00\x00\x00\x00\x01\xFF\xE0\x00\x00\x00\x00\x00\x01\xFF\xE0\x00\x00\x00\x00\x00\x01\xFF\xE0\x00\x00\x00\x00\x00\x01\xFF\xE0\x00\x00\x00\x00\x00\x01\xFF\xE0\x00\x00\x00\x00\x00\x01\xFF\xE0\x00\x00\x00\x00\x00\x01\xFF\xE0\x00\x00\x00\x00\x00\x01\xFF\xE0\x00\x00\x00\x00\x00\x01\xFF\xE0\x00\x00\x00\x00\x00\x01\xFF\xE0\x00\x00\x00\x00\x00\x01\xFF\xE0\x00\x00\x00\x00\x00\x01\xFF\xE0\x00\x00\x00\x00\x00\x01\xFF\xE0\x00\x00\x00\x00\x00\x01\xFF\xE0\x00\x00\x00\x00\x00\x01\xFF\xE0\x00\x00\x00\x00\x00\x01\xFF\xE0\x00\x00\x00\x00\x00\x01\xFF\xE0\x00\x00\x00\x00\x00\x01\xFF\xE0\x00\x00\x00\x00\x00\x01\xFF\xE0\x00\x00\x00\x00\x00\x01\xFF\xE0\x00\x00\x00\x00\x00\x01\xFF\xE0\x00\x00\x00\x00\x00\x01\xFF\xE0\x00\x00\x00\x00\x00\x01\xFF\xE0\x00\x00\x00\x00\x00\x01\xFF\xE0\x00\x00\x00\x00\x00\x01\xFF\xE0\x00\x00\x00\x00\x00\x01\xFF\xE0\x00\x00\x00\x00\x00\x01\xFF\xE0\x00\x00\x00\x00\x00\x01\xFF\xE0\x00\x00\x00\x00\x00\x01\xFF\xE0\x00\x00\x00\x00\x00\x01\xFF\xE0\x00\x00\x00\x00\x00\x01\xFF\xE0\x00\x00\x00\x00\x00\x01\xFF\xE0\x00\x00\x00\x00\x00\x01\xFF\xE0\x00\x00\x00\x00\x00\x01\xFF\xE0\x00\x00\x00\x00\x00\x01\xFF\xE0\x00\x00\x00\x00\x00\x01\xFF\xE0\x00\x00\x00",
    /* 0x67 */ "\x00\x00\x7F\xFF\xFF\xFF\xFF\x00\x00\x00\xFF\xFF\xFF\xFF\xFF\x00\x00\x01\xFF\xFF\xFF\xFF\xFF\x00\x00\x03\xFF\xFF\xFF\xFF\xFF\x00\x00\x07\xFF\xF0\x7F\xFF\xFF\x00\x00\x07\xFF\xC0\x1F\xFF\xFF\x00\x00\x0F\xFF\x80\x0F\xFE\x00\x00\x00\x0F\xFF\x00\x07\xFE\x00\x00\x00\x0F\xFE\x00\x03\xFF\x00\x00\x00\x1F\xFE\x00\x03\xFF\x00\x00\x00\x1F\xFC\x00\x01\xFF\x80\x00\x00\x1F\xFC\x00\x01\xFF\x80\x00\x00\x1F\xFC\x00\x01\xFF\x80\x00\x00\x1F\xFC\x00\x01\xFF\x80\x00\x00\x1F\xFC\x00\x01\xFF\x80\x00\x00\x1F\xFC\x00\x01\xFF\x80\x00\x00\x1F\xFC\x00\x01\xFF\x80\x00\x00\x1F\xFE\x00\x03\xFF\x80\x00\x00\x0F\xFE\x00\x03\xFF\x80\x00\x00\x0F\xFE\x00\x03\xFF\x00\x00\x00\x07\xFF\x00\x07\xFF\x00\x00\x00\x07\xFF\x80\x0F\xFF\x00\x00\x00\x03\xFF\xC0\x1F\xFE\x00\x00\x00\x01\xFF\xF0\x7F\xFE\x00\x00\x00\x01\xFF\xFF\xFF\xFC\x00\x00\x00\x00\xFF\xFF\xFF\xF8\x00\x00\x00\x00\x3F\xFF\xFF\xF0\x00\x00\x00\x00\x3F\xFF\xFF\xE0\x00\x00\x00\x00\x7F\xFF\xFF\x80\x00\x00\x00\x00\xFF\xFF\xFE\x00\x00\x00\x00\x01\xFE\x3F\xF0\x00\x00\x00\x00\x03\xFE\x00\x00\x00\x00\x00\x00\x03\xFC\x00\x00\x00\x00\x00\x00\x07\xFC\x00\x00\x00\x00\x00\x00\x07\xFC\x00\x00\x00\x00\x00\x00\x07\xFC\x00\x00\x00\x00\x00\x00\x07\xFE\x00\x00\x00\x00\x00\x00\x07\xFF\x00\x00\x00\x00\x00\x00\x07\xFF\xFF\xFF\x80\x00\x00\x00\x07\xFF\xFF\xFF\xFF\x00\x00\x00\x03\xFF\xFF\xFF\xFF\xE0\x00\x00\x03\xFF\xFF\xFF\xFF\xF0\x00\x00\x01\xFF\xFF\xFF\xFF\xFC\x00\x00\x00\xFF\xFF\xFF\xFF\xFE\x00\x00\x00\x7F\xFF\xFF\xFF\xFE\x00\x00\x00\x7F\xFF\xFF\xFF\xFF\x00\x00\x01\xFF\xFF\xFF\xFF\xFF\x00\x00\x03\xFF\xFF\xFF\xFF\xFF\x80\x00\x07\xFC\x00\x00\x7F\xFF\x80\x00\x0F\xF8\x00\x00\x1F\xFF\x80\x00\x1F\xF8\x00\x00\x0F\xFF\x80\x00\x1F\xF0\x00\x00\x07\xFF\x80\x00\x3F\xF0\x00\x00\x07\xFF\x80\x00\x3F\xF0\x00\x00\x07\xFF\x80\x00\x3F\xF0\x00\x00\x07\xFF\x00\x00\x3F\xF0\x00\x00\x0F\xFF\x00\x00\x3F\xF8\x00\x00\x0F\xFE\x00\x00\x3F\xF8\x00\x00\x1F\xFE\x00\x00\x3F\xFC\x00\x00\x7F\xFC\x00\x00\x1F\xFF\x00\x00\xFF\xFC\x00\x00\x1F\xFF\xE0\x0F\xFF\xF8\x00\x00\x0F\xFF\xFF\xFF\xFF\xF0\x00\x00\x07\xFF\xFF\xFF\xFF\xC0\x00\x00\x03\xFF\xFF\xFF\xFF\x80\x00",
    /* 0x68 */ "\x00\x1F\xFE\x00\x00\x00\x00\x00\x00\x1F\xFE\x00\x00\x00\x00\x00\x00\x1F\xFE\x00\x00\x00\x00\x00\x00\x1F\xFE\x00\x00\x00\x00\x00\x00\x1F\xFE\x00\x00\x00\x00\x00\x00\x1F\xFE\x00\x00\x00\x00\x00\x00\x1F\xFE\x00\x00\x00\x00\x00\x00\x1F\xFE\x00\x00\x00\x00\x00\x00\x1F\xFE\x00\x00\x00\x00\x00\x00\x1F\xFE\x00\x00\x00\x00\x00\x00\x1F\xFE\x00\x00\x00\x00\x00\x00\x1F\xFE\x00\x00\x00\x00\x00\x00\x1F\xFE\x00\x00\x00\x00\x00\x00\x1F\xFE\x00\x00\x00\x00\x00\x00\x1F\xFE\x00\x00\x00\x00\x00\x00\x1F\xFE\x00\x00\x00\x00\x00\x00\x1F\xFE\x00\x00\x00\x00\x00\x00\x1F\xFE\x00\x7F\xE0\x00\x00\x00\x1F\xFE\x03\xFF\xF8\x00\x00\x00\x1F\xFE\x07\xFF\xFE\x00\x00\x00\x1F\xFE\x1F\xFF\xFF\x00\x00\x00\x1F\xFE\x3F\xFF\xFF\x80\x00\x00\x1F\xFE\xFF\xFF\xFF\xC0\x00\x00\x1F\xFF\xFF\xFF\xFF\xC0\x00\x00\x1F\xFF\xFF\xFF\xFF\xE0\x00\x00\x1F\xFF\xFF\xFF\xFF\xE0\x00\x00\x1F\xFF\xFF\xFF\xFF\xE0\x00\x00\x1F\xFF\xF8\x07\xFF\xF0\x00\x00\x1F\xFF\xF0\x01\xFF\xF0\x00\x00\x1F\xFF\xC0\x01\xFF\xF0\x00\x00\x1F\xFF\x80\x00\xFF\xF0\x00\x00\x1F\xFF\x00\x00\xFF\xF8\x00\x00\x1F\xFE\x00\x00\xFF\xF8\x00\x00\x1F\xFE\x00\x00\x7F\xF8\x00\x00\x1F\xFE\x00\x00\x7F\xF8\x00\x00\x1F\xFE\x00\x00\x7F\xF8\x00\x00\x1F\xFE\x00\x00\x7F\xF8\x00\x00\x1F\xFE\x00\x00\x7F\xF8\x00\x00\x1F\xFE\x00\x00\x7F\xF8\x00\x00\x1F\xFE\x00\x00\x7F\xF8\x00\x00\x1F\xFE\x00\x00\x7F\xF8\x00\x00\x1F\xFE\x00\x00\x7F\xF8\x00\x00\x1F\xFE\x00\x00\x7F\xF8\x00\x00\x1F\xFE\x00\x00\x7F\xF8\x00\x00\x1F\xFE\x00\x00\x7F\xF8\x00\x00\x1F\xFE\x00\x00\x7F\xF8\x00\x00\x1F\xFE\x00\x00\x7F\xF8\x00\x00\x1F\xFE\x00\x00\x7F\xF8\x00\x00\x1F\xFE\x00\x00\x7F\xF8\x00\x00\x1F\xFE\x00\x00\x7F\xF8\x00\x00\x1F\xFE\x00\x00\x7F\xF8\x00\x00\x1F\xFE\x00\x00\x7F\xF8\x00\x00\x1F\xFE\x00\x00\x7F\xF8\x00\x00\x1F\xFE\x00\x00\x7F\xF8\x00\x00\x1F\xFE\x00\x00\x7F\xF8\x00\x00\x1F\xFE\x00\x00\x7F\xF8\x00\x00\x1F\xFE\x00\x00\x7F\xF8\x00\x00\x1F\xFE\x00\x00\x7F\xF8\x00\x00\x1F\xFE\x00\x00\x7F\xF8\x00\x00\x1F\xFE\x00\x00\x7F\xF8\x00\x00\x1F\xFE\x00\x00\x7F\xF8\x00\x00\x1F\xFE\x00\x00\x7F\xF8\x00\x00\x1F\xFE\x00\x00\x7F\xF8\x00\x00\x1F\xFE\x00\x00\x7F\xF8\x00",
    /* 0x69 */ "\x00\x00\x00\x3F\xFC\x00\x00\x00\x00\x00\x00\x7F\xFE\x00\x00\x00\x00\x00\x00\x7F\xFE\x00\x00\x00\x00\x00\x00\x7F\xFE\x00\x00\x00\x00\x00\x00\x7F\xFE\x00\x00\x00\x00\x00\x00\x7F\xFE\x00\x00\x00\x00\x00\x00\x3F\xFC\x00\x00\x00\x00\x00\x00\x3F\xFC\x00\x00\x00\x00\x00\x00\x1F\xF8\x00\x00\x00\x00\x00\x00\x07\xE0\x00\x00\x00\x00\x00\x00\x00\x00\x00\x00\x00\x00\x00\x00\x00\x00\x00\x00\x00\x00\x00\x00\x00\x00\x00\x00\x00\x00\x00\x00\x00\x00\x00\x00\x00\x00\x00\x00\x00\x00\x00\x00\x00\x00\x00\x00\x00\x00\x00\x00\x00\x00\x00\x00\x00\x00\x00\x00\x00\x00\x00\x00\x00\x00\x00\x00\x00\x00\x00\x00\x3F\xFC\x00\x00\x00\x00\x00\x00\x3F\xFC\x00\x00\x00\x00\x00\x00\x3F\xFC\x00\x00\x00\x00\x00\x00\x3F\xFC\x00\x00\x00\x00\x00\x00\x3F\xFC\x00\x00\x00\x00\x00\x00\x3F\xFC\x00\x00\x00\x00\x00\x00\x3F\xFC\x00\x00\x00\x00\x00\x00\x3F\xFC\x00\x00\x00\x00\x00\x00\x3F\xFC\x00\x00\x00\x00\x00\x00\x3F\xFC\x00\x00\x00\x00\x00\x00\x3F\xFC\x00\x00\x00\x00\x00\x00\x3F\xFC\x00\x00\x00\x00\x00\x00\x3F\xFC\x00\x00\x00\x00\x00\x00\x3F\xFC\x00\x00\x00\x00\x00\x00\x3F\xFC\x00\x00\x00\x00\x00\x00\x3F\xFC\x00\x00\x00\x00\x00\x00\x3F\xFC\x00\x00\x00\x00\x00\x00\x3F\xFC\x00\x00\x00\x00\x00\x00\x3F\xFC\x00\x00\x00\x00\x00\x00\x3F\xFC\x00\x00\x00\x00\x00\x00\x3F\xFC\x00\x00\x00\x00\x00\x00\x3F\xFC\x00\x00\x00\x00\x00\x00\x3F\xFC\x00\x00\x00\x00\x00\x00\x3F\xFC\x00\x00\x00\x00\x00\x00\x3F\xFC\x00\x00\x00\x00\x00\x00\x3F\xFC\x00\x00\x00\x00\x00\x00\x3F\xFC\x00\x00\x00\x00\x00\x00\x3F\xFC\x00\x00\x00\x00\x00\x00\x3F\xFC\x00\x00\x00\x00\x00\x00\x3F\xFC\x00\x00\x00\x00\x00\x00\x3F\xFC\x00\x00\x00\x00\x00\x00\x3F\xFC\x00\x00\x00\x00\x00\x00\x3F\xFC\x00\x00\x00\x00\x00\x00\x3F\xFC\x00\x00\x00\x00\x00\x00\x3F\xFC\x00\x00\x00\x00\x00\x00\x3F\xFC\x00\x00\x00\x00\x00\x00\x3F\xFC\x00\x00\x00\x00\x00\x00\x3F\xFC\x00\x00\x00\x00\x00\x00\x3F\xFC\x00\x00\x00\x00\x00\x00\x3F\xFC\x00\x00\x00\x00\x00\x00\x3F\xFC\x00\x00\x00\x00\x00\x00\x3F\xFC\x00\x00\x00\x00\x00\x00\x3F\xFC\x00\x00\x00\x00\x00\x00\x3F\xFC\x00\x00\x00\x00\x00\x00\x3F\xFC\x00\x00\x00\x00\x00\x00\x3F\xFC\x00\x00\x00",
    /* 0x6A */ "\x00\x00\x00\x00\x00\x00\x00\x00\x00\x00\x00\x00\x00\x00\x00\x00\x00\x00\x00\x00\x00\x00\x00\x00\x00\x00\x00\x00\x00\x00\x00\x00\x00\x00\x00\x00\x00\x00\x00\x00\x00\x00\x00\x00\x00\x00\x00\x00\x00\x00\x00\x00\x00\x00\x00\x00\x00\x00\x00\x0F\xFE\x00\x00\x00\x00\x00\x00\x0F\xFF\x00\x00\x00\x00\x00\x00\x0F\xFF\x00\x00\x00\x00\x00\x00\x0F\xFF\x00\x00\x00\x00\x00\x00\x0F\xFF\x00\x00\x00\x00\x00\x00\x0F\xFF\x00\x00\x00\x00\x00\x00\x0F\xFF\x00\x00\x00\x00\x00\x00\x0F\xFF\x00\x00\x00\x00\x00\x00\x0F\xFF\x00\x00\x00\x00\x00\x00\x0F\xFF\x00\x00\x00\x00\x00\x00\x0F\xFF\x00\x00\x00\x00\x00\x00\x0F\xFF\x00\x00\x00\x00\x00\x00\x0F\xFF\x00\x00\x00\x00\x00\x00\x0F\xFF\x00\x00\x00\x00\x00\x00\x0F\xFF\x00\x00\x00\x00\x00\x00\x0F\xFF\x00\x00\x00\x00\x00\x00\x0F\xFF\x00\x00\x00\x00\x00\x00\x0F\xFF\x00\x00\x00\x00\x00\x00\x0F\xFF\x00\x00\x00\x00\x00\x00\x0F\xFF\x00\x00\x00\x00\x00\x00\x0F\xFF\x00\x00\x00\x00\x00\x00\x0F\xFF\x00\x00\x00\x00\x00\x00\x0F\xFF\x00\x00\x00\x00\x00\x00\x0F\xFF\x00\x00\x00\x00\x00\x00\x0F\xFF\x00\x00\x00\x00\x00\x00\x0F\xFF\x00\x00\x00\x00\x00\x00\x0F\xFF\x00\x00\x00\x00\x00\x00\x0F\xFF\x00\x00\x00\x00\x00\x00\x0F\xFF\x00\x00\x00\x00\x00\x00\x0F\xFF\x00\x00\x00\x00\x00\x00\x0F\xFF\x00\x00\x00\x00\x00\x00\x0F\xFF\x00\x00\x00\x00\x00\x00\x0F\xFF\x00\x00\x00\x00\x00\x00\x0F\xFF\x00\x00\x00\x00\x00\x00\x0F\xFF\x00\x00\x00\x00\x00\x00\x0F\xFF\x00\x00\x00\x00\x00\x00\x0F\xFF\x00\x00\x00\x00\x00\x00\x0F\xFF\x00\x00\x00\x00\x00\x00\x0F\xFF\x00\x00\x00\x00\x00\x00\x0F\xFF\x00\x00\x00\x00\x00\x00\x0F\xFF\x00\x00\x00\x00\x00\x00\x0F\xFF\x00\x00\x00\x00\x00\x00\x0F\xFF\x00\x00\x00\x00\x00\x00\x0F\xFF\x00\x00\x00\x00\x00\x00\x0F\xFF\x00\x00\x00\x00\x00\x00\x0F\xFF\x00\x00\x00\x00\x00\x00\x0F\xFF\x00\x00\x00\x00\x00\x00\x0F\xFF\x00\x00\x00\x00\x00\x00\x0F\xFF\x00\x00\x00\x00\x00\x00\x0F\xFF\x00\x00\x00\x00\x00\x00\x0F\xFF\x00\x00\x00\x00\x00\x00\x0F\xFF\x00\x00\x00\x00\x00\x00\x0F\xFF\x00\x00\x00\x00\x00\x00\x0F\xFF\x00\x00\x00\x00\x00\x00\x0F\xFF\x00\x00\x00\x00\x00\x00\x0F\xFF\x00\x00\x00\x00\x00\x00\x1F\xFF\x00\x00\x00",
    /* 0x6B */ "\x00\x07\xFF\x80\x00\x00\x00\x00\x00\x07\xFF\x80\x00\x00\x00\x00\x00\x07\xFF\x80\x00\x00\x00\x00\x00\x07\xFF\x80\x00\x00\x00\x00\x00\x07\xFF\x80\x00\x00\x00\x00\x00\x07\xFF\x80\x00\x00\x00\x00\x00\x07\xFF\x80\x00\x00\x00\x00\x00\x07\xFF\x80\x00\x00\x00\x00\x00\x07\xFF\x80\x00\x00\x00\x00\x00\x07\xFF\x80\x00\x00\x00\x00\x00\x07\xFF\x80\x00\x00\x00\x00\x00\x07\xFF\x80\x00\x00\x00\x00\x00\x07\xFF\x80\x00\x00\x00\x00\x00\x07\xFF\x80\x00\x00\x00\x00\x00\x07\xFF\x80\x00\x00\x00\x00\x00\x07\xFF\x80\x00\x00\x00\x00\x00\x07\xFF\x80\x00\x00\x00\x00\x00\x07\xFF\x80\x00\x00\x00\x00\x00\x07\xFF\x80\x00\x3F\xFE\x00\x00\x07\xFF\x80\x00\x3F\xFE\x00\x00\x07\xFF\x80\x00\x7F\xFC\x00\x00\x07\xFF\x80\x00\xFF\xF8\x00\x00\x07\xFF\x80\x01\xFF\xF0\x00\x00\x07\xFF\x80\x03\xFF\xE0\x00\x00\x07\xFF\x80\x03\xFF\xC0\x00\x00\x07\xFF\x80\x07\xFF\xC0\x00\x00\x07\xFF\x80\x0F\xFF\x80\x00\x00\x07\xFF\x80\x1F\xFF\x00\x00\x00\x07\xFF\x80\x3F\xFE\x00\x00\x00\x07\xFF\x80\x3F\xFC\x00\x00\x00\x07\xFF\x80\x7F\xF8\x00\x00\x00\x07\xFF\x80\xFF\xF8\x00\x00\x00\x07\xFF\x81\xFF\xF0\x00\x00\x00\x07\xFF\x81\xFF\xE0\x00\x00\x00\x07\xFF\x83\xFF\xC0\x00\x00\x00\x07\xFF\x87\xFF\x80\x00\x00\x00\x07\xFF\x8F\xFF\x00\x00\x00\x00\x07\xFF\x9F\xFF\x00\x00\x00\x00\x07\xFF\x9F\xFE\x00\x00\x00\x00\x07\xFF\xBF\xFF\x00\x00\x00\x00\x07\xFF\xFF\xFF\x80\x00\x00\x00\x07\xFF\xFF\xFF\x80\x00\x00\x00\x07\xFF\xFF\xFF\xC0\x00\x00\x00\x07\xFF\xFF\xFF\xE0\x00\x00\x00\x07\xFF\xFF\xFF\xE0\x00\x00\x00\x07\xFF\xFF\xFF\xF0\x00\x00\x00\x07\xFF\xFF\x7F\xF0\x00\x00\x00\x07\xFF\xFE\x7F\xF8\x00\x00\x00\x07\xFF\xFC\x3F\xFC\x00\x00\x00\x07\xFF\xF8\x3F\xFC\x00\x00\x00\x07\xFF\xF0\x1F\xFE\x00\x00\x00\x07\xFF\xE0\x0F\xFF\x00\x00\x00\x07\xFF\xE0\x0F\xFF\x00\x00\x00\x07\xFF\xC0\x07\xFF\x80\x00\x00\x07\xFF\x80\x07\xFF\xC0\x00\x00\x07\xFF\x80\x03\xFF\xC0\x00\x00\x07\xFF\x80\x01\xFF\xE0\x00\x00\x07\xFF\x80\x01\xFF\xE0\x00\x00\x07\xFF\x80\x00\xFF\xF0\x00\x00\x07\xFF\x80\x00\xFF\xF8\x00\x00\x07\xFF\x80\x00\x7F\xF8\x00\x00\x07\xFF\x80\x00\x3F\xFC\x00\x00\x07\xFF\x80\x00\x3F\xFE\x00\x00\x07\xFF\x80\x00\x1F\xFE\x00",
    /* 0x6C */ "\x00\x00\x00\x7F\xF8\x00\x00\x00\x00\x00\x00\x7F\xF8\x00\x00\x00\x00\x00\x00\x7F\xF8\x00\x00\x00\x00\x00\x00\x7F\xF8\x00\x00\x00\x00\x00\x00\x7F\xF8\x00\x00\x00\x00\x00\x00\x7F\xF8\x00\x00\x00\x00\x00\x00\x7F\xF8\x00\x00\x00\x00\x00\x00\x7F\xF8\x00\x00\x00\x00\x00\x00\x7F\xF8\x00\x00\x00\x00\x00\x00\x7F\xF8\x00\x00\x00\x00\x00\x00\x7F\xF8\x00\x00\x00\x00\x00\x00\x7F\xF8\x00\x00\x00\x00\x00\x00\x7F\xF8\x00\x00\x00\x00\x00\x00\x7F\xF8\x00\x00\x00\x00\x00\x00\x7F\xF8\x00\x00\x00\x00\x00\x00\x7F\xF8\x00\x00\x00\x00\x00\x00\x7F\xF8\x00\x00\x00\x00\x00\x00\x7F\xF8\x00\x00\x00\x00\x00\x00\x7F\xF8\x00\x00\x00\x00\x00\x00\x7F\xF8\x00\x00\x00\x00\x00\x00\x7F\xF8\x00\x00\x00\x00\x00\x00\x7F\xF8\x00\x00\x00\x00\x00\x00\x7F\xF8\x00\x00\x00\x00\x00\x00\x7F\xF8\x00\x00\x00\x00\x00\x00\x7F\xF8\x00\x00\x00\x00\x00\x00\x7F\xF8\x00\x00\x00\x00\x00\x00\x7F\xF8\x00\x00\x00\x00\x00\x00\x7F\xF8\x00\x00\x00\x00\x00\x00\x7F\xF8\x00\x00\x00\x00\x00\x00\x7F\xF8\x00\x00\x00\x00\x00\x00\x7F\xF8\x00\x00\x00\x00\x00\x00\x7F\xF8\x00\x00\x00\x00\x00\x00\x7F\xF8\x00\x00\x00\x00\x00\x00\x7F\xF8\x00\x00\x00\x00\x00\x00\x7F\xF8\x00\x00\x00\x00\x00\x00\x7F\xF8\x00\x00\x00\x00\x00\x00\x7F\xF8\x00\x00\x00\x00\x00\x00\x7F\xF8\x00\x00\x00\x00\x00\x00\x7F\xF8\x00\x00\x00\x00\x00\x00\x7F\xF8\x00\x00\x00\x00\x00\x00\x7F\xF8\x00\x00\x00\x00\x00\x00\x7F\xF8\x00\x00\x00\x00\x00\x00\x7F\xF8\x00\x00\x00\x00\x00\x00\x7F\xF8\x00\x00\x00\x00\x00\x00\x7F\xF8\x00\x00\x00\x00\x00\x00\x7F\xF8\x00\x00\x00\x00\x00\x00\x7F\xF8\x00\x00\x00\x00\x00\x00\x7F\xF8\x00\x00\x00\x00\x00\x00\x7F\xF8\x00\x00\x00\x00\x00\x00\x7F\xF8\x00\x00\x00\x00\x00\x00\x7F\xF8\x00\x00\x00\x00\x00\x00\x7F\xF8\x00\x00\x00\x00\x00\x00\x7F\xF8\x00\x00\x00\x00\x00\x00\x7F\xF8\x00\x00\x00\x00\x00\x00\x7F\xF8\x00\x00\x00\x00\x00\x00\x7F\xF8\x00\x00\x00\x00\x00\x00\x7F\xFC\x00\x00\x00\x00\x00\x00\x7F\xFF\x80\x00\x00\x00\x00\x00\x7F\xFF\x80\x00\x00\x00\x00\x00\x3F\xFF\x80\x00\x00\x00\x00\x00\x3F\xFF\xC0\x00\x00\x00\x00\x00\x3F\xFF\xC0\x00\x00\x00\x00\x00\x1F\xFF\xC0\x00\x00\x00\x00\x00\x0F\xFF\xC0\x00\x00",
    /* 0x6D */ "\x00\x00\x00\x00\x00\x00\x00\x00\x00\x00\x00\x00\x00\x00\x00\x00\x00\x00\x00\x00\x00\x00\x00\x00\x00\x00\x00\x00\x00\x00\x00\x00\x00\x00\x00\x00\x00\x00\x00\x00\x00\x00\x00\x00\x00\x00\x00\x00\x00\x00\x00\x00\x00\x00\x00\x00\x00\x00\x3F\xF0\x00\x00\xFF\x00\xFE\x00\xFF\xFC\x00\x07\xFF\xE0\xFE\x03\xFF\xFF\x00\x1F\xFF\xF8\xFE\x07\xFF\xFF\x80\x3F\xFF\xFC\xFE\x1F\xFF\xFF\xC0\xFF\xFF\xFE\xFE\x3F\xFF\xFF\xE1\xFF\xFF\xFE\xFF\x7F\xFF\xFF\xE3\xFF\xFF\xFF\xFF\xFF\xFF\xFF\xF7\xFF\xFF\xFF\xFF\xFF\xFF\xFF\xFF\xFF\xFF\xFF\xFF\xFF\xFF\xFF\xFF\xFF\xFF\xFF\xFF\xFE\x03\xFF\xFF\xF0\x0F\xFF\xFF\xF8\x00\xFF\xFF\xC0\x07\xFF\xFF\xF0\x00\xFF\xFF\x80\x07\xFF\xFF\xE0\x00\x7F\xFF\x00\x03\xFF\xFF\xC0\x00\x7F\xFE\x00\x03\xFF\xFF\x80\x00\x7F\xFC\x00\x03\xFF\xFF\x80\x00\x3F\xFC\x00\x01\xFF\xFF\x80\x00\x3F\xFC\x00\x01\xFF\xFF\x80\x00\x3F\xFC\x00\x01\xFF\xFF\x80\x00\x3F\xFC\x00\x01\xFF\xFF\x80\x00\x3F\xFC\x00\x01\xFF\xFF\x80\x00\x3F\xFC\x00\x01\xFF\xFF\x80\x00\x3F\xFC\x00\x01\xFF\xFF\x80\x00\x3F\xFC\x00\x01\xFF\xFF\x80\x00\x3F\xFC\x00\x01\xFF\xFF\x80\x00\x3F\xFC\x00\x01\xFF\xFF\x80\x00\x3F\xFC\x00\x01\xFF\xFF\x80\x00\x3F\xFC\x00\x01\xFF\xFF\x80\x00\x3F\xFC\x00\x01\xFF\xFF\x80\x00\x3F\xFC\x00\x01\xFF\xFF\x80\x00\x3F\xFC\x00\x01\xFF\xFF\x80\x00\x3F\xFC\x00\x01\xFF\xFF\x80\x00\x3F\xFC\x00\x01\xFF\xFF\x80\x00\x3F\xFC\x00\x01\xFF\xFF\x80\x00\x3F\xFC\x00\x01\xFF\xFF\x80\x00\x3F\xFC\x00\x01\xFF\xFF\x80\x00\x3F\xFC\x00\x01\xFF\xFF\x80\x00\x3F\xFC\x00\x01\xFF\xFF\x80\x00\x3F\xFC\x00\x01\xFF\xFF\x80\x00\x3F\xFC\x00\x01\xFF\xFF\x80\x00\x3F\xFC\x00\x01\xFF\xFF\x80\x00\x3F\xFC\x00\x01\xFF\xFF\x80\x00\x3F\xFC\x00\x01\xFF\xFF\x80\x00\x3F\xFC\x00\x01\xFF\xFF\x80\x00\x3F\xFC\x00\x01\xFF\xFF\x80\x00\x3F\xFC\x00\x01\xFF\xFF\x80\x00\x3F\xFC\x00\x01\xFF\xFF\x80\x00\x3F\xFC\x00\x01\xFF\xFF\x80\x00\x3F\xFC\x00\x01\xFF\xFF\x80\x00\x3F\xFC\x00\x01\xFF\x00\x00\x00\x00\x00\x00\x00\x00\x00\x00\x00\x00\x00\x00\x00\x00\x00\x00\x00\x00\x00\x00\x00\x00\x00\x00\x00\x00\x00\x00\x00\x00\x00\x00\x00\x00\x00\x00\x00\x00\x00\x00\x00\x00\x00\x00\x00\x00\x00\x00\x00\x00\x00\x00\x00\x00",
    /* 0x6E */ "\x00\x00\x00\x00\x00\x00\x00\x00\x00\x00\x00\x00\x00\x00\x00\x00\x00\x00\x00\x00\x00\x00\x00\x00\x00\x00\x00\x00\x00\x00\x00\x00\x00\x00\x00\x00\x00\x00\x00\x00\x00\x00\x00\x00\x00\x00\x00\x00\x00\x00\x00\x00\x00\x00\x00\x00\x00\x00\x00\x00\x7F\xC0\x00\x00\x00\x1F\xF8\x03\xFF\xF8\x00\x00\x00\x1F\xF8\x0F\xFF\xFE\x00\x00\x00\x1F\xF8\x1F\xFF\xFF\x00\x00\x00\x1F\xF8\x7F\xFF\xFF\x80\x00\x00\x1F\xF8\xFF\xFF\xFF\xC0\x00\x00\x1F\xFD\xFF\xFF\xFF\xC0\x00\x00\x1F\xFF\xFF\xFF\xFF\xE0\x00\x00\x1F\xFF\xFF\xFF\xFF\xE0\x00\x00\x1F\xFF\xFF\xFF\xFF\xE0\x00\x00\x1F\xFF\xF8\x07\xFF\xF0\x00\x00\x1F\xFF\xF0\x01\xFF\xF0\x00\x00\x1F\xFF\xC0\x01\xFF\xF0\x00\x00\x1F\xFF\x80\x00\xFF\xF0\x00\x00\x1F\xFF\x00\x00\xFF\xF8\x00\x00\x1F\xFE\x00\x00\xFF\xF8\x00\x00\x1F\xFE\x00\x00\x7F\xF8\x00\x00\x1F\xFE\x00\x00\x7F\xF8\x00\x00\x1F\xFE\x00\x00\x7F\xF8\x00\x00\x1F\xFE\x00\x00\x7F\xF8\x00\x00\x1F\xFE\x00\x00\x7F\xF8\x00\x00\x1F\xFE\x00\x00\x7F\xF8\x00\x00\x1F\xFE\x00\x00\x7F\xF8\x00\x00\x1F\xFE\x00\x00\x7F\xF8\x00\x00\x1F\xFE\x00\x00\x7F\xF8\x00\x00\x1F\xFE\x00\x00\x7F\xF8\x00\x00\x1F\xFE\x00\x00\x7F\xF8\x00\x00\x1F\xFE\x00\x00\x7F\xF8\x00\x00\x1F\xFE\x00\x00\x7F\xF8\x00\x00\x1F\xFE\x00\x00\x7F\xF8\x00\x00\x1F\xFE\x00\x00\x7F\xF8\x00\x00\x1F\xFE\x00\x00\x7F\xF8\x00\x00\x1F\xFE\x00\x00\x7F\xF8\x00\x00\x1F\xFE\x00\x00\x7F\xF8\x00\x00\x1F\xFE\x00\x00\x7F\xF8\x00\x00\x1F\xFE\x00\x00\x7F\xF8\x00\x00\x1F\xFE\x00\x00\x7F\xF8\x00\x00\x1F\xFE\x00\x00\x7F\xF8\x00\x00\x1F\xFE\x00\x00\x7F\xF8\x00\x00\x1F\xFE\x00\x00\x7F\xF8\x00\x00\x1F\xFE\x00\x00\x7F\xF8\x00\x00\x1F\xFE\x00\x00\x7F\xF8\x00\x00\x1F\xFE\x00\x00\x7F\xF8\x00\x00\x1F\xFE\x00\x00\x7F\xF8\x00\x00\x1F\xFE\x00\x00\x7F\xF8\x00\x00\x1F\xFE\x00\x00\x7F\xF8\x00\x00\x1F\xFE\x00\x00\x7F\xF8\x00\x00\x1F\xFE\x00\x00\x7F\xF8\x00\x00\x1F\xFE\x00\x00\x7F\xF8\x00\x00\x1F\xFE\x00\x00\x7F\xF8\x00\x00\x00\x00\x00\x00\x00\x00\x00\x00\x00\x00\x00\x00\x00\x00\x00\x00\x00\x00\x00\x00\x00\x00\x00\x00\x00\x00\x00\x00\x00\x00\x00\x00\x00\x00\x00\x00\x00\x00\x00\x00\x00\x00\x00\x00\x00\x00\x00\x00\x00\x00\x00\x00\x00\x00\x00",
    /* 0x6F */ "\x00\x00\x00\x00\x00\x00\x00\x00\x00\x00\x00\x00\x00\x00\x00\x00\x00\x00\x00\x00\x00\x00\x00\x00\x00\x00\x00\x00\x00\x00\x00\x00\x00\x00\x00\x00\x00\x00\x00\x00\x00\x00\x00\x00\x00\x00\x00\x00\x00\x00\x00\x3F\xF0\x00\x00\x00\x00\x00\x01\xFF\xFF\x00\x00\x00\x00\x00\x07\xFF\xFF\xC0\x00\x00\x00\x00\x1F\xFF\xFF\xF0\x00\x00\x00\x00\x3F\xFF\xFF\xF8\x00\x00\x00\x00\xFF\xFF\xFF\xFC\x00\x00\x00\x01\xFF\xFF\xFF\xFF\x00\x00\x00\x03\xFF\xFF\xFF\xFF\x00\x00\x00\x07\xFF\xFF\xFF\xFF\x80\x00\x00\x07\xFF\xFF\xFF\xFF\xC0\x00\x00\x0F\xFF\xE0\x0F\xFF\xE0\x00\x00\x1F\xFF\x80\x03\xFF\xE0\x00\x00\x1F\xFF\x00\x01\xFF\xF0\x00\x00\x3F\xFE\x00\x00\xFF\xF0\x00\x00\x3F\xFE\x00\x00\xFF\xF8\x00\x00\x3F\xFC\x00\x00\x7F\xF8\x00\x00\x7F\xF8\x00\x00\x7F\xFC\x00\x00\x7F\xF8\x00\x00\x3F\xFC\x00\x00\x7F\xF8\x00\x00\x3F\xFC\x00\x00\xFF\xF8\x00\x00\x3F\xFC\x00\x00\xFF\xF0\x00\x00\x3F\xFC\x00\x00\xFF\xF0\x00\x00\x1F\xFE\x00\x00\xFF\xF0\x00\x00\x1F\xFE\x00\x00\xFF\xF0\x00\x00\x1F\xFE\x00\x00\xFF\xF0\x00\x00\x1F\xFE\x00\x00\xFF\xF0\x00\x00\x1F\xFE\x00\x00\xFF\xF0\x00\x00\x1F\xFE\x00\x00\xFF\xF0\x00\x00\x1F\xFE\x00\x00\xFF\xF0\x00\x00\x1F\xFE\x00\x00\xFF\xF0\x00\x00\x1F\xFE\x00\x00\xFF\xF0\x00\x00\x3F\xFC\x00\x00\xFF\xF8\x00\x00\x3F\xFC\x00\x00\x7F\xF8\x00\x00\x3F\xFC\x00\x00\x7F\xF8\x00\x00\x3F\xFC\x00\x00\x7F\xF8\x00\x00\x7F\xFC\x00\x00\x3F\xFC\x00\x00\x7F\xF8\x00\x00\x3F\xFE\x00\x00\xFF\xF8\x00\x00\x3F\xFE\x00\x00\xFF\xF0\x00\x00\x1F\xFF\x00\x01\xFF\xF0\x00\x00\x1F\xFF\x80\x03\xFF\xE0\x00\x00\x0F\xFF\xE0\x0F\xFF\xE0\x00\x00\x07\xFF\xFF\xFF\xFF\xC0\x00\x00\x07\xFF\xFF\xFF\xFF\x80\x00\x00\x03\xFF\xFF\xFF\xFF\x00\x00\x00\x01\xFF\xFF\xFF\xFF\x00\x00\x00\x00\xFF\xFF\xFF\xFC\x00\x00\x00\x00\x3F\xFF\xFF\xF8\x00\x00\x00\x00\x1F\xFF\xFF\xF0\x00\x00\x00\x00\x07\xFF\xFF\xC0\x00\x00\x00\x00\x01\xFF\xFF\x00\x00\x00\x00\x00\x00\x3F\xF0\x00\x00\x00\x00\x00\x00\x00\x00\x00\x00\x00\x00\x00\x00\x00\x00\x00\x00\x00\x00\x00\x00\x00\x00\x00\x00\x00\x00\x00\x00\x00\x00\x00\x00\x00\x00\x00\x00\x00\x00\x00\x00\x00\x00\x00\x00\x00\x00\x00\x00\x00\x00\x00\x00\x00\x00\x00\x00\x00",
    /* 0x70 */ "\x00\x1F\xF8\x3F\xFF\xFF\x00\x00\x00\x1F\xFC\xFF\xFF\xFF\x80\x00\x00\x1F\xFD\xFF\xFF\xFF\xC0\x00\x00\x1F\xFF\xFF\xFF\xFF\xE0\x00\x00\x1F\xFF\xFF\xFF\xFF\xE0\x00\x00\x1F\xFF\xFF\xFF\xFF\xF0\x00\x00\x1F\xFF\xFF\xFF\xFF\xF8\x00\x00\x1F\xFF\xF8\x03\xFF\xF8\x00\x00\x1F\xFF\xE0\x00\xFF\xFC\x00\x00\x1F\xFF\xC0\x00\x7F\xFC\x00\x00\x1F\xFF\x00\x00\x7F\xFC\x00\x00\x1F\xFE\x00\x00\x3F\xFE\x00\x00\x1F\xFE\x00\x00\x3F\xFE\x00\x00\x1F\xFE\x00\x00\x1F\xFE\x00\x00\x1F\xFE\x00\x00\x1F\xFE\x00\x00\x1F\xFE\x00\x00\x1F\xFE\x00\x00\x1F\xFE\x00\x00\x1F\xFF\x00\x00\x1F\xFE\x00\x00\x0F\xFF\x00\x00\x1F\xFE\x00\x00\x0F\xFF\x00\x00\x1F\xFE\x00\x00\x0F\xFF\x00\x00\x1F\xFE\x00\x00\x0F\xFF\x00\x00\x1F\xFE\x00\x00\x0F\xFF\x00\x00\x1F\xFE\x00\x00\x0F\xFF\x00\x00\x1F\xFE\x00\x00\x0F\xFF\x00\x00\x1F\xFE\x00\x00\x0F\xFF\x00\x00\x1F\xFE\x00\x00\x0F\xFF\x00\x00\x1F\xFE\x00\x00\x0F\xFF\x00\x00\x1F\xFE\x00\x00\x1F\xFE\x00\x00\x1F\xFE\x00\x00\x1F\xFE\x00\x00\x1F\xFE\x00\x00\x1F\xFE\x00\x00\x1F\xFE\x00\x00\x1F\xFE\x00\x00\x1F\xFE\x00\x00\x3F\xFE\x00\x00\x1F\xFE\x00\x00\x3F\xFC\x00\x00\x1F\xFE\x00\x00\x7F\xFC\x00\x00\x1F\xFE\x00\x00\xFF\xF8\x00\x00\x1F\xFF\x00\x00\xFF\xF8\x00\x00\x1F\xFF\xC0\x03\xFF\xF8\x00\x00\x1F\xFF\xF0\x07\xFF\xF0\x00\x00\x1F\xFF\xFF\xFF\xFF\xE0\x00\x00\x1F\xFF\xFF\xFF\xFF\xE0\x00\x00\x1F\xFF\xFF\xFF\xFF\xC0\x00\x00\x1F\xFF\xFF\xFF\xFF\x80\x00\x00\x1F\xFF\xFF\xFF\xFF\x00\x00\x00\x1F\xFE\xFF\xFF\xFE\x00\x00\x00\x1F\xFE\x7F\xFF\xFC\x00\x00\x00\x1F\xFE\x1F\xFF\xF0\x00\x00\x00\x1F\xFE\x07\xFF\xC0\x00\x00\x00\x1F\xFE\x01\xFE\x00\x00\x00\x00\x1F\xFE\x00\x00\x00\x00\x00\x00\x1F\xFE\x00\x00\x00\x00\x00\x00\x1F\xFE\x00\x00\x00\x00\x00\x00\x1F\xFE\x00\x00\x00\x00\x00\x00\x1F\xFE\x00\x00\x00\x00\x00\x00\x1F\xFE\x00\x00\x00\x00\x00\x00\x1F\xFE\x00\x00\x00\x00\x00\x00\x1F\xFE\x00\x00\x00\x00\x00\x00\x1F\xFE\x00\x00\x00\x00\x00\x00\x1F\xFE\x00\x00\x00\x00\x00\x00\x1F\xFE\x00\x00\x00\x00\x00\x00\x1F\xFE\x00\x00\x00\x00\x00\x00\x1F\xFE\x00\x00\x00\x00\x00\x00\x1F\xFE\x00\x00\x00\x00\x00\x00\x1F\xFE\x00\x00\x00\x00\x00\x00\x1F\xFE\x00\x00\x00\x00\x00",
    /* 0x71 */ "\x00\x00\x3F\xFF\xFE\x1F\xF8\x00\x00\x00\x7F\xFF\xFF\x9F\xF8\x00\x00\x00\xFF\xFF\xFF\xFF\xF8\x00\x00\x01\xFF\xFF\xFF\xFF\xF8\x00\x00\x03\xFF\xFF\xFF\xFF\xF8\x00\x00\x07\xFF\xFF\xFF\xFF\xF8\x00\x00\x0F\xFF\xFF\xFF\xFF\xF8\x00\x00\x0F\xFF\xE0\x0F\xFF\xF8\x00\x00\x1F\xFF\x80\x03\xFF\xF8\x00\x00\x1F\xFF\x00\x00\xFF\xF8\x00\x00\x3F\xFE\x00\x00\x7F\xF8\x00\x00\x3F\xFE\x00\x00\x7F\xF8\x00\x00\x7F\xFC\x00\x00\x7F\xF8\x00\x00\x7F\xFC\x00\x00\x7F\xF8\x00\x00\x7F\xF8\x00\x00\x7F\xF8\x00\x00\x7F\xF8\x00\x00\x7F\xF8\x00\x00\xFF\xF8\x00\x00\x7F\xF8\x00\x00\xFF\xF0\x00\x00\x7F\xF8\x00\x00\xFF\xF0\x00\x00\x7F\xF8\x00\x00\xFF\xF0\x00\x00\x7F\xF8\x00\x00\xFF\xF0\x00\x00\x7F\xF8\x00\x00\xFF\xF0\x00\x00\x7F\xF8\x00\x00\xFF\xF0\x00\x00\x7F\xF8\x00\x00\xFF\xF0\x00\x00\x7F\xF8\x00\x00\xFF\xF0\x00\x00\x7F\xF8\x00\x00\xFF\xF0\x00\x00\x7F\xF8\x00\x00\xFF\xF0\x00\x00\x7F\xF8\x00\x00\xFF\xF0\x00\x00\x7F\xF8\x00\x00\xFF\xF0\x00\x00\x7F\xF8\x00\x00\xFF\xF8\x00\x00\x7F\xF8\x00\x00\x7F\xF8\x00\x00\x7F\xF8\x00\x00\x7F\xF8\x00\x00\x7F\xF8\x00\x00\x7F\xFC\x00\x00\x7F\xF8\x00\x00\x7F\xFC\x00\x00\x7F\xF8\x00\x00\x3F\xFE\x00\x00\xFF\xF8\x00\x00\x3F\xFF\x00\x01\xFF\xF8\x00\x00\x3F\xFF\x80\x07\xFF\xF8\x00\x00\x1F\xFF\xC0\x1F\xFF\xF8\x00\x00\x1F\xFF\xFF\xFF\xFF\xF8\x00\x00\x0F\xFF\xFF\xFF\xFF\xF8\x00\x00\x07\xFF\xFF\xFF\xFF\xF8\x00\x00\x07\xFF\xFF\xFF\xFF\xF8\x00\x00\x03\xFF\xFF\xFF\x7F\xF8\x00\x00\x01\xFF\xFF\xFE\x7F\xF8\x00\x00\x00\x7F\xFF\xFC\x7F\xF8\x00\x00\x00\x3F\xFF\xF0\x7F\xF8\x00\x00\x00\x0F\xFF\xE0\x7F\xF8\x00\x00\x00\x01\xFF\x00\x7F\xF8\x00\x00\x00\x00\x00\x00\x7F\xF8\x00\x00\x00\x00\x00\x00\x7F\xF8\x00\x00\x00\x00\x00\x00\x7F\xF8\x00\x00\x00\x00\x00\x00\x7F\xF8\x00\x00\x00\x00\x00\x00\x7F\xF8\x00\x00\x00\x00\x00\x00\x7F\xF8\x00\x00\x00\x00\x00\x00\x7F\xF8\x00\x00\x00\x00\x00\x00\x7F\xF8\x00\x00\x00\x00\x00\x00\x7F\xF8\x00\x00\x00\x00\x00\x00\x7F\xF8\x00\x00\x00\x00\x00\x00\x7F\xF8\x00\x00\x00\x00\x00\x00\x7F\xF8\x00\x00\x00\x00\x00\x00\x7F\xF8\x00\x00\x00\x00\x00\x00\x7F\xF8\x00\x00\x00\x00\x00\x00\x7F\xF8\x00\x00\x00\x00\x00\x00\x7F\xF8\x00",
    /* 0x72 */ "\x00\x00\x00\x00\x00\x00\x00\x00\x00\x00\x00\x00\x00\x00\x00\x00\x00\x00\x00\x00\x00\x00\x00\x00\x00\x00\x00\x00\x00\x00\x00\x00\x00\x00\x00\x00\x00\x00\x00\x00\x00\x00\x00\x00\x00\x00\x00\x00\x00\x00\x00\x00\x00\x00\x00\x00\x00\x00\x00\x00\x00\x7F\x80\x00\x00\x00\x0F\xFC\x01\xFF\xC0\x00\x00\x00\x0F\xFC\x07\xFF\xC0\x00\x00\x00\x0F\xFC\x0F\xFF\xC0\x00\x00\x00\x0F\xFC\x1F\xFF\xC0\x00\x00\x00\x0F\xFC\x3F\xFF\x80\x00\x00\x00\x0F\xFC\x7F\xFF\x80\x00\x00\x00\x0F\xFC\xFF\xFF\x80\x00\x00\x00\x0F\xFE\xFF\xFF\x80\x00\x00\x00\x0F\xFF\xFF\xFF\x80\x00\x00\x00\x0F\xFF\xFF\x81\x00\x00\x00\x00\x0F\xFF\xFE\x00\x00\x00\x00\x00\x0F\xFF\xF8\x00\x00\x00\x00\x00\x0F\xFF\xF0\x00\x00\x00\x00\x00\x0F\xFF\xE0\x00\x00\x00\x00\x00\x0F\xFF\xC0\x00\x00\x00\x00\x00\x0F\xFF\xC0\x00\x00\x00\x00\x00\x0F\xFF\x80\x00\x00\x00\x00\x00\x0F\xFF\x80\x00\x00\x00\x00\x00\x0F\xFF\x00\x00\x00\x00\x00\x00\x0F\xFF\x00\x00\x00\x00\x00\x00\x0F\xFF\x00\x00\x00\x00\x00\x00\x0F\xFF\x00\x00\x00\x00\x00\x00\x0F\xFF\x00\x00\x00\x00\x00\x00\x0F\xFF\x00\x00\x00\x00\x00\x00\x0F\xFF\x00\x00\x00\x00\x00\x00\x0F\xFF\x00\x00\x00\x00\x00\x00\x0F\xFF\x00\x00\x00\x00\x00\x00\x0F\xFF\x00\x00\x00\x00\x00\x00\x0F\xFF\x00\x00\x00\x00\x00\x00\x0F\xFF\x00\x00\x00\x00\x00\x00\x0F\xFF\x00\x00\x00\x00\x00\x00\x0F\xFF\x00\x00\x00\x00\x00\x00\x0F\xFF\x00\x00\x00\x00\x00\x00\x0F\xFF\x00\x00\x00\x00\x00\x00\x0F\xFF\x00\x00\x00\x00\x00\x00\x0F\xFF\x00\x00\x00\x00\x00\x00\x0F\xFF\x00\x00\x00\x00\x00\x00\x0F\xFF\x00\x00\x00\x00\x00\x00\x0F\xFF\x00\x00\x00\x00\x00\x00\x0F\xFF\x00\x00\x00\x00\x00\x00\x0F\xFF\x00\x00\x00\x00\x00\x00\x0F\xFF\x00\x00\x00\x00\x00\x00\x0F\xFF\x00\x00\x00\x00\x00\x00\x0F\xFF\x00\x00\x00\x00\x00\x00\x0F\xFF\x00\x00\x00\x00\x00\x00\x0F\xFF\x00\x00\x00\x00\x00\x00\x0F\xFF\x00\x00\x00\x00\x00\x00\x0F\xFF\x00\x00\x00\x00\x00\x00\x0F\xFF\x00\x00\x00\x00\x00\x00\x00\x00\x00\x00\x00\x00\x00\x00\x00\x00\x00\x00\x00\x00\x00\x00\x00\x00\x00\x00\x00\x00\x00\x00\x00\x00\x00\x00\x00\x00\x00\x00\x00\x00\x00\x00\x00\x00\x00\x00\x00\x00\x00\x00\x00\x00\x00\x00\x00\x00\x00\x00\x00\x00",
    /* 0x73 */ "\x00\x00\x00\x00\x00\x00\x00\x00\x00\x00\x00\x00\x00\x00\x00\x00\x00\x00\x00\x00\x00\x00\x00\x00\x00\x00\x00\x00\x00\x00\x00\x00\x00\x00\x00\x00\x00\x00\x00\x00\x00\x00\x00\x00\x00\x00\x00\x00\x00\x00\x00\x1F\xFC\x00\x00\x00\x00\x00\x00\xFF\xFF\xC0\x00\x00\x00\x00\x03\xFF\xFF\xF0\x00\x00\x00\x00\x07\xFF\xFF\xFC\x00\x00\x00\x00\x1F\xFF\xFF\xFE\x00\x00\x00\x00\x3F\xFF\xFF\xFF\x80\x00\x00\x00\x7F\xFF\xFF\xFF\x80\x00\x00\x00\x7F\xFF\xFF\xFF\x00\x00\x00\x00\xFF\xFF\xFF\xFF\x00\x00\x00\x00\xFF\xFC\x07\xFE\x00\x00\x00\x01\xFF\xF0\x01\xFC\x00\x00\x00\x01\xFF\xE0\x00\x78\x00\x00\x00\x01\xFF\xC0\x00\x10\x00\x00\x00\x01\xFF\xC0\x00\x00\x00\x00\x00\x01\xFF\xC0\x00\x00\x00\x00\x00\x01\xFF\xC0\x00\x00\x00\x00\x00\x01\xFF\xE0\x00\x00\x00\x00\x00\x01\xFF\xF0\x00\x00\x00\x00\x00\x00\xFF\xF8\x00\x00\x00\x00\x00\x00\xFF\xFE\x00\x00\x00\x00\x00\x00\x7F\xFF\xC0\x00\x00\x00\x00\x00\x7F\xFF\xF0\x00\x00\x00\x00\x00\x3F\xFF\xFE\x00\x00\x00\x00\x00\x1F\xFF\xFF\x80\x00\x00\x00\x00\x0F\xFF\xFF\xE0\x00\x00\x00\x00\x03\xFF\xFF\xF8\x00\x00\x00\x00\x00\xFF\xFF\xFC\x00\x00\x00\x00\x00\x3F\xFF\xFE\x00\x00\x00\x00\x00\x0F\xFF\xFF\x00\x00\x00\x00\x00\x01\xFF\xFF\x00\x00\x00\x00\x00\x00\x7F\xFF\x80\x00\x00\x00\x00\x00\x1F\xFF\x80\x00\x00\x00\x00\x00\x07\xFF\xC0\x00\x00\x00\x00\x00\x03\xFF\xC0\x00\x00\x00\x00\x00\x01\xFF\xC0\x00\x00\x00\x00\x00\x01\xFF\xC0\x00\x00\x00\x00\x00\x01\xFF\xC0\x00\x00\x00\x60\x00\x01\xFF\xC0\x00\x00\x00\xF0\x00\x03\xFF\xC0\x00\x00\x01\xFC\x00\x03\xFF\xC0\x00\x00\x01\xFF\x00\x07\xFF\x80\x00\x00\x03\xFF\xE0\x1F\xFF\x80\x00\x00\x07\xFF\xFF\xFF\xFF\x00\x00\x00\x07\xFF\xFF\xFF\xFF\x00\x00\x00\x07\xFF\xFF\xFF\xFE\x00\x00\x00\x03\xFF\xFF\xFF\xFC\x00\x00\x00\x00\xFF\xFF\xFF\xF8\x00\x00\x00\x00\x3F\xFF\xFF\xF0\x00\x00\x00\x00\x0F\xFF\xFF\xC0\x00\x00\x00\x00\x03\xFF\xFF\x00\x00\x00\x00\x00\x00\x3F\xF8\x00\x00\x00\x00\x00\x00\x00\x00\x00\x00\x00\x00\x00\x00\x00\x00\x00\x00\x00\x00\x00\x00\x00\x00\x00\x00\x00\x00\x00\x00\x00\x00\x00\x00\x00\x00\x00\x00\x00\x00\x00\x00\x00\x00\x00\x00\x00\x00\x00\x00\x00\x00\x00\x00\x00\x00\x00\x00\x00",
    /* 0x74 */ "\x00\x00\x00\x7F\xC0\x00\x00\x00\x00\x00\x00\x7F\xE0\x00\x00\x00\x00\x00\x00\x7F\xE0\x00\x00\x00\x00\x00\x00\x7F\xE0\x00\x00\x00\x00\x00\x00\x7F\xE0\x00\x00\x00\x00\x00\x00\xFF\xE0\x00\x00\x00\x00\x00\x00\xFF\xE0\x00\x00\x00\x00\x00\x00\xFF\xE0\x00\x00\x00\x00\x00\x00\xFF\xE0\x00\x00\x00\x00\x00\x00\xFF\xE0\x00\x00\x00\x00\x00\x00\xFF\xE0\x00\x00\x00\x00\x00\x00\xFF\xE0\x00\x00\x00\x00\x00\x00\xFF\xE0\x00\x00\x00\x00\x00\x00\xFF\xE0\x00\x00\x00\x00\x00\xFF\xFF\xFF\xFE\x00\x00\x00\x00\xFF\xFF\xFF\xFE\x00\x00\x00\x00\xFF\xFF\xFF\xFE\x00\x00\x00\x00\xFF\xFF\xFF\xFE\x00\x00\x00\x00\xFF\xFF\xFF\xFE\x00\x00\x00\x00\xFF\xFF\xFF\xFE\x00\x00\x00\x00\xFF\xFF\xFF\xFE\x00\x00\x00\x00\xFF\xFF\xFF\xFE\x00\x00\x00\x00\xFF\xFF\xFF\xFE\x00\x00\x00\x00\xFF\xFF\xFF\xFE\x00\x00\x00\x00\x01\xFF\xE0\x00\x00\x00\x00\x00\x01\xFF\xE0\x00\x00\x00\x00\x00\x01\xFF\xE0\x00\x00\x00\x00\x00\x01\xFF\xE0\x00\x00\x00\x00\x00\x01\xFF\xE0\x00\x00\x00\x00\x00\x01\xFF\xE0\x00\x00\x00\x00\x00\x01\xFF\xE0\x00\x00\x00\x00\x00\x01\xFF\xE0\x00\x00\x00\x00\x00\x01\xFF\xE0\x00\x00\x00\x00\x00\x01\xFF\xE0\x00\x00\x00\x00\x00\x01\xFF\xE0\x00\x00\x00\x00\x00\x01\xFF\xE0\x00\x00\x00\x00\x00\x01\xFF\xE0\x00\x00\x00\x00\x00\x01\xFF\xE0\x00\x00\x00\x00\x00\x01\xFF\xE0\x00\x00\x00\x00\x00\x01\xFF\xE0\x00\x00\x00\x00\x00\x01\xFF\xE0\x00\x00\x00\x00\x00\x01\xFF\xE0\x00\x00\x00\x00\x00\x01\xFF\xE0\x00\x00\x00\x00\x00\x01\xFF\xE0\x00\x00\x00\x00\x00\x01\xFF\xE0\x00\x00\x00\x00\x00\x01\xFF\xE0\x00\x00\x00\x00\x00\x01\xFF\xE0\x00\x00\x00\x00\x00\x01\xFF\xE0\x00\x00\x00\x00\x00\x01\xFF\xE0\x00\x00\x00\x00\x00\x01\xFF\xE0\x00\x00\x00\x00\x00\x01\xFF\xF0\x00\x00\x00\x00\x00\x01\xFF\xF0\x00\x00\x00\x00\x00\x00\xFF\xF8\x00\x00\x00\x00\x00\x00\xFF\xFC\x00\x00\x00\x00\x00\x00\xFF\xFF\xFE\x00\x00\x00\x00\x00\xFF\xFF\xFE\x00\x00\x00\x00\x00\x7F\xFF\xFE\x00\x00\x00\x00\x00\x7F\xFF\xFF\x00\x00\x00\x00\x00\x3F\xFF\xFF\x00\x00\x00\x00\x00\x1F\xFF\xFF\x00\x00\x00\x00\x00\x0F\xFF\xFF\x00\x00\x00\x00\x00\x07\xFF\xFF\x00\x00\x00\x00\x00\x01\xFF\xFE\x00\x00\x00\x00\x00\x00\x7F\xF0\x00\x00",
    /* 0x75 */ "\x00\x00\x00\x00\x00\x00\x00\x00\x00\x00\x00\x00\x00\x00\x00\x00\x00\x00\x00\x00\x00\x00\x00\x00\x00\x00\x00\x00\x00\x00\x00\x00\x00\x00\x00\x00\x00\x00\x00\x00\x00\x00\x00\x00\x00\x00\x00\x00\x00\x00\x00\x00\x00\x00\x00\x00\x00\x1F\xFE\x00\x00\x7F\xF8\x00\x00\x1F\xFE\x00\x00\x7F\xF8\x00\x00\x1F\xFE\x00\x00\x7F\xF8\x00\x00\x1F\xFE\x00\x00\x7F\xF8\x00\x00\x1F\xFE\x00\x00\x7F\xF8\x00\x00\x1F\xFE\x00\x00\x7F\xF8\x00\x00\x1F\xFE\x00\x00\x7F\xF8\x00\x00\x1F\xFE\x00\x00\x7F\xF8\x00\x00\x1F\xFE\x00\x00\x7F\xF8\x00\x00\x1F\xFE\x00\x00\x7F\xF8\x00\x00\x1F\xFE\x00\x00\x7F\xF8\x00\x00\x1F\xFE\x00\x00\x7F\xF8\x00\x00\x1F\xFE\x00\x00\x7F\xF8\x00\x00\x1F\xFE\x00\x00\x7F\xF8\x00\x00\x1F\xFE\x00\x00\x7F\xF8\x00\x00\x1F\xFE\x00\x00\x7F\xF8\x00\x00\x1F\xFE\x00\x00\x7F\xF8\x00\x00\x1F\xFE\x00\x00\x7F\xF8\x00\x00\x1F\xFE\x00\x00\x7F\xF8\x00\x00\x1F\xFE\x00\x00\x7F\xF8\x00\x00\x1F\xFE\x00\x00\x7F\xF8\x00\x00\x1F\xFE\x00\x00\x7F\xF8\x00\x00\x1F\xFE\x00\x00\x7F\xF8\x00\x00\x1F\xFE\x00\x00\x7F\xF8\x00\x00\x1F\xFE\x00\x00\x7F\xF8\x00\x00\x1F\xFE\x00\x00\x7F\xF8\x00\x00\x1F\xFE\x00\x00\x7F\xF8\x00\x00\x1F\xFE\x00\x00\x7F\xF8\x00\x00\x1F\xFE\x00\x00\x7F\xF8\x00\x00\x1F\xFE\x00\x00\x7F\xF8\x00\x00\x1F\xFE\x00\x00\x7F\xF8\x00\x00\x1F\xFE\x00\x00\x7F\xF8\x00\x00\x1F\xFE\x00\x00\x7F\xF8\x00\x00\x1F\xFE\x00\x00\x7F\xF8\x00\x00\x1F\xFE\x00\x00\xFF\xF8\x00\x00\x1F\xFF\x00\x00\xFF\xF8\x00\x00\x1F\xFF\x00\x01\xFF\xF8\x00\x00\x0F\xFF\x00\x03\xFF\xF8\x00\x00\x0F\xFF\x80\x0F\xFF\xF8\x00\x00\x0F\xFF\xC0\x1F\xFF\xF8\x00\x00\x0F\xFF\xFF\xFF\xFF\xF8\x00\x00\x07\xFF\xFF\xFF\xFF\xF8\x00\x00\x07\xFF\xFF\xFF\xBF\xF8\x00\x00\x03\xFF\xFF\xFF\x3F\xF8\x00\x00\x03\xFF\xFF\xFE\x3F\xF8\x00\x00\x01\xFF\xFF\xFC\x1F\xF8\x00\x00\x00\xFF\xFF\xF8\x1F\xF8\x00\x00\x00\x7F\xFF\xE0\x1F\xF8\x00\x00\x00\x1F\xFF\xC0\x1F\xF8\x00\x00\x00\x07\xFE\x00\x00\x00\x00\x00\x00\x00\x00\x00\x00\x00\x00\x00\x00\x00\x00\x00\x00\x00\x00\x00\x00\x00\x00\x00\x00\x00\x00\x00\x00\x00\x00\x00\x00\x00\x00\x00\x00\x00\x00\x00\x00\x00\x00\x00\x00\x00\x00\x00\x00\x00\x00\x00\x00\x00\x00\x00\x00\x00\x00",
    /* 0x76 */ "\x00\x00\x00\x00\x00\x00\x00\x00\x00\x00\x00\x00\x00\x00\x00\x00\x00\x00\x00\x00\x00\x00\x00\x00\x00\x00\x00\x00\x00\x00\x00\x00\x00\x00\x00\x00\x00\x00\x00\x00\x00\x00\x00\x00\x00\x00\x00\x00\x00\x00\x00\x00\x00\x00\x00\x00\x00\xFF\xF0\x00\x00\x0F\xFE\x00\x00\x7F\xF0\x00\x00\x1F\xFE\x00\x00\x7F\xF8\x00\x00\x1F\xFC\x00\x00\x7F\xF8\x00\x00\x1F\xFC\x00\x00\x3F\xF8\x00\x00\x1F\xFC\x00\x00\x3F\xFC\x00\x00\x3F\xF8\x00\x00\x3F\xFC\x00\x00\x3F\xF8\x00\x00\x1F\xFC\x00\x00\x3F\xF8\x00\x00\x1F\xFE\x00\x00\x7F\xF0\x00\x00\x1F\xFE\x00\x00\x7F\xF0\x00\x00\x0F\xFE\x00\x00\x7F\xF0\x00\x00\x0F\xFE\x00\x00\xFF\xE0\x00\x00\x0F\xFF\x00\x00\xFF\xE0\x00\x00\x07\xFF\x00\x00\xFF\xE0\x00\x00\x07\xFF\x00\x01\xFF\xC0\x00\x00\x03\xFF\x80\x01\xFF\xC0\x00\x00\x03\xFF\x80\x01\xFF\xC0\x00\x00\x03\xFF\x80\x01\xFF\x80\x00\x00\x01\xFF\xC0\x03\xFF\x80\x00\x00\x01\xFF\xC0\x03\xFF\x80\x00\x00\x01\xFF\xC0\x03\xFF\x00\x00\x00\x00\xFF\xC0\x07\xFF\x00\x00\x00\x00\xFF\xE0\x07\xFF\x00\x00\x00\x00\xFF\xE0\x07\xFE\x00\x00\x00\x00\x7F\xE0\x0F\xFE\x00\x00\x00\x00\x7F\xF0\x0F\xFE\x00\x00\x00\x00\x7F\xF0\x0F\xFC\x00\x00\x00\x00\x3F\xF0\x0F\xFC\x00\x00\x00\x00\x3F\xF8\x1F\xFC\x00\x00\x00\x00\x3F\xF8\x1F\xF8\x00\x00\x00\x00\x1F\xF8\x1F\xF8\x00\x00\x00\x00\x1F\xF8\x3F\xF8\x00\x00\x00\x00\x1F\xFC\x3F\xF0\x00\x00\x00\x00\x0F\xFC\x3F\xF0\x00\x00\x00\x00\x0F\xFC\x3F\xF0\x00\x00\x00\x00\x0F\xFE\x7F\xE0\x00\x00\x00\x00\x07\xFE\x7F\xE0\x00\x00\x00\x00\x07\xFE\x7F\xE0\x00\x00\x00\x00\x07\xFE\x7F\xC0\x00\x00\x00\x00\x03\xFF\xFF\xC0\x00\x00\x00\x00\x03\xFF\xFF\xC0\x00\x00\x00\x00\x03\xFF\xFF\x80\x00\x00\x00\x00\x01\xFF\xFF\x80\x00\x00\x00\x00\x01\xFF\xFF\x80\x00\x00\x00\x00\x00\xFF\xFF\x00\x00\x00\x00\x00\x00\xFF\xFF\x00\x00\x00\x00\x00\x00\xFF\xFF\x00\x00\x00\x00\x00\x00\x7F\xFE\x00\x00\x00\x00\x00\x00\x7F\xFE\x00\x00\x00\x00\x00\x00\x00\x00\x00\x00\x00\x00\x00\x00\x00\x00\x00\x00\x00\x00\x00\x00\x00\x00\x00\x00\x00\x00\x00\x00\x00\x00\x00\x00\x00\x00\x00\x00\x00\x00\x00\x00\x00\x00\x00\x00\x00\x00\x00\x00\x00\x00\x00\x00\x00\x00\x00\x00\x00\x00\x00\x00\x00\x00\x00\x00\x00",
    /* 0x77 */ "\x00\x00\x00\x00\x00\x00\x00\x00\x00\x00\x00\x00\x00\x00\x00\x00\x00\x00\x00\x00\x00\x00\x00\x00\x00\x00\x00\x00\x00\x00\x00\x00\x00\x00\x00\x00\x00\x00\x00\x00\x00\x00\x00\x00\x00\x00\x00\x00\x00\x00\x00\x00\x00\x00\x00\x00\xFF\x80\x00\x1F\xFC\x00\x00\xFF\xFF\x80\x00\x1F\xFC\x00\x00\xFF\xFF\xC0\x00\x1F\xFC\x00\x00\xFF\xFF\xC0\x00\x3F\xFE\x00\x01\xFF\xFF\xC0\x00\x3F\xFE\x00\x01\xFF\xFF\xC0\x00\x3F\xFE\x00\x01\xFF\xFF\xE0\x00\x3F\xFE\x00\x01\xFF\xFF\xE0\x00\x7F\xFF\x00\x03\xFF\xFF\xE0\x00\x7F\xFF\x00\x03\xFF\xFF\xE0\x00\x7F\xFF\x00\x03\xFF\xFF\xE0\x00\x7F\xFF\x00\x03\xFF\xFF\xF0\x00\xFF\xFF\x80\x07\xFF\x7F\xF0\x00\xFF\xFF\x80\x07\xFF\x7F\xF0\x00\xFF\x7F\x80\x07\xFF\x7F\xF0\x00\xFE\x7F\x80\x07\xFE\x7F\xF8\x01\xFE\x7F\xC0\x07\xFE\x3F\xF8\x01\xFE\x7F\xC0\x0F\xFE\x3F\xF8\x01\xFE\x7F\xC0\x0F\xFE\x3F\xF8\x01\xFE\x3F\xE0\x0F\xFC\x3F\xFC\x03\xFE\x3F\xE0\x0F\xFC\x1F\xFC\x03\xFC\x3F\xE0\x1F\xFC\x1F\xFC\x03\xFC\x3F\xE0\x1F\xFC\x1F\xFC\x03\xFC\x3F\xF0\x1F\xF8\x0F\xFE\x07\xFC\x1F\xF0\x1F\xF8\x0F\xFE\x07\xFC\x1F\xF0\x1F\xF8\x0F\xFE\x07\xF8\x1F\xF0\x3F\xF8\x0F\xFE\x07\xF8\x1F\xF8\x3F\xF0\x07\xFE\x0F\xF8\x0F\xF8\x3F\xF0\x07\xFF\x0F\xF8\x0F\xF8\x3F\xF0\x07\xFF\x0F\xF0\x0F\xF8\x3F\xF0\x07\xFF\x0F\xF0\x0F\xF8\x7F\xE0\x03\xFF\x1F\xF0\x07\xFC\x7F\xE0\x03\xFF\x1F\xF0\x07\xFC\x7F\xE0\x03\xFF\x1F\xE0\x07\xFC\x7F\xE0\x03\xFF\x9F\xE0\x07\xFC\x7F\xC0\x01\xFF\x9F\xE0\x03\xFE\x7F\xC0\x01\xFF\xBF\xE0\x03\xFE\xFF\xC0\x01\xFF\xBF\xC0\x03\xFE\xFF\xC0\x01\xFF\xBF\xC0\x03\xFE\xFF\x80\x00\xFF\xFF\xC0\x01\xFF\xFF\x80\x00\xFF\xFF\xC0\x01\xFF\xFF\x80\x00\xFF\xFF\x80\x01\xFF\xFF\x80\x00\x7F\xFF\x80\x01\xFF\xFF\x00\x00\x7F\xFF\x80\x00\xFF\xFF\x00\x00\x7F\xFF\x80\x00\xFF\xFF\x00\x00\x7F\xFF\x00\x00\xFF\xFF\x00\x00\x3F\xFF\x00\x00\xFF\xFE\x00\x00\x3F\xFF\x00\x00\xFF\xFE\x00\x00\x3F\xFF\x00\x00\x7F\xFE\x00\x00\x00\x00\x00\x00\x00\x00\x00\x00\x00\x00\x00\x00\x00\x00\x00\x00\x00\x00\x00\x00\x00\x00\x00\x00\x00\x00\x00\x00\x00\x00\x00\x00\x00\x00\x00\x00\x00\x00\x00\x00\x00\x00\x00\x00\x00\x00\x00\x00\x00\x00\x00\x00\x00\x00\x00\x00\x00\x00\x00\x00\x00\x00\x00",
    /* 0x78 */ "\x00\x00\x00\x00\x00\x00\x00\x00\x00\x00\x00\x00\x00\x00\x00\x00\x00\x00\x00\x00\x00\x00\x00\x00\x00\x00\x00\x00\x00\x00\x00\x00\x00\x00\x00\x00\x00\x00\x00\x00\x00\x00\x00\x00\x00\x00\x00\x00\x00\x00\x00\x00\x00\x00\x00\x00\x00\x1F\xFE\x00\x00\x7F\xF8\x00\x00\x1F\xFF\x00\x00\x7F\xF8\x00\x00\x0F\xFF\x00\x00\xFF\xF0\x00\x00\x07\xFF\x80\x00\xFF\xE0\x00\x00\x07\xFF\xC0\x01\xFF\xE0\x00\x00\x03\xFF\xC0\x01\xFF\xC0\x00\x00\x03\xFF\xE0\x03\xFF\xC0\x00\x00\x01\xFF\xE0\x03\xFF\x80\x00\x00\x00\xFF\xF0\x07\xFF\x80\x00\x00\x00\xFF\xF0\x07\xFF\x00\x00\x00\x00\x7F\xF8\x0F\xFE\x00\x00\x00\x00\x7F\xF8\x0F\xFE\x00\x00\x00\x00\x3F\xFC\x1F\xFC\x00\x00\x00\x00\x1F\xFE\x1F\xFC\x00\x00\x00\x00\x1F\xFE\x3F\xF8\x00\x00\x00\x00\x0F\xFF\x3F\xF0\x00\x00\x00\x00\x07\xFF\x7F\xF0\x00\x00\x00\x00\x07\xFF\xFF\xE0\x00\x00\x00\x00\x03\xFF\xFF\xE0\x00\x00\x00\x00\x03\xFF\xFF\xC0\x00\x00\x00\x00\x01\xFF\xFF\xC0\x00\x00\x00\x00\x00\xFF\xFF\x80\x00\x00\x00\x00\x00\xFF\xFF\x00\x00\x00\x00\x00\x00\x7F\xFF\x00\x00\x00\x00\x00\x00\xFF\xFE\x00\x00\x00\x00\x00\x00\xFF\xFF\x00\x00\x00\x00\x00\x01\xFF\xFF\x00\x00\x00\x00\x00\x03\xFF\xFF\x80\x00\x00\x00\x00\x03\xFF\xFF\x80\x00\x00\x00\x00\x07\xFF\xFF\xC0\x00\x00\x00\x00\x07\xFF\xFF\xE0\x00\x00\x00\x00\x0F\xFC\xFF\xE0\x00\x00\x00\x00\x1F\xFC\xFF\xF0\x00\x00\x00\x00\x1F\xF8\x7F\xF8\x00\x00\x00\x00\x3F\xF8\x7F\xF8\x00\x00\x00\x00\x3F\xF0\x3F\xFC\x00\x00\x00\x00\x7F\xF0\x1F\xFE\x00\x00\x00\x00\xFF\xE0\x1F\xFE\x00\x00\x00\x00\xFF\xE0\x0F\xFF\x00\x00\x00\x01\xFF\xC0\x0F\xFF\x00\x00\x00\x03\xFF\xC0\x07\xFF\x80\x00\x00\x03\xFF\x80\x07\xFF\xC0\x00\x00\x07\xFF\x80\x03\xFF\xC0\x00\x00\x07\xFF\x00\x01\xFF\xE0\x00\x00\x0F\xFF\x00\x01\xFF\xF0\x00\x00\x1F\xFE\x00\x00\xFF\xF0\x00\x00\x1F\xFE\x00\x00\xFF\xF8\x00\x00\x3F\xFC\x00\x00\x7F\xFC\x00\x00\x3F\xFC\x00\x00\x3F\xFC\x00\x00\x00\x00\x00\x00\x00\x00\x00\x00\x00\x00\x00\x00\x00\x00\x00\x00\x00\x00\x00\x00\x00\x00\x00\x00\x00\x00\x00\x00\x00\x00\x00\x00\x00\x00\x00\x00\x00\x00\x00\x00\x00\x00\x00\x00\x00\x00\x00\x00\x00\x00\x00\x00\x00\x00\x00\x00\x00\x00\x00\x00\x00\x00\x00",
    /* 0x79 */ "\x00\x7F\xF8\x00\x00\x1F\xFC\x00\x00\x3F\xF8\x00\x00\x1F\xFC\x00\x00\x3F\xFC\x00\x00\x3F\xF8\x00\x00\x1F\xFC\x00\x00\x3F\xF8\x00\x00\x1F\xFC\x00\x00\x3F\xF8\x00\x00\x1F\xFE\x00\x00\x7F\xF0\x00\x00\x0F\xFE\x00\x00\x7F\xF0\x00\x00\x0F\xFF\x00\x00\x7F\xF0\x00\x00\x07\xFF\x00\x00\xFF\xE0\x00\x00\x07\xFF\x00\x00\xFF\xE0\x00\x00\x07\xFF\x80\x00\xFF\xE0\x00\x00\x03\xFF\x80\x00\xFF\xC0\x00\x00\x03\xFF\x80\x01\xFF\xC0\x00\x00\x01\xFF\xC0\x01\xFF\xC0\x00\x00\x01\xFF\xC0\x01\xFF\x80\x00\x00\x01\xFF\xC0\x03\xFF\x80\x00\x00\x00\xFF\xE0\x03\xFF\x80\x00\x00\x00\xFF\xE0\x03\xFF\x00\x00\x00\x00\x7F\xE0\x07\xFF\x00\x00\x00\x00\x7F\xF0\x07\xFE\x00\x00\x00\x00\x7F\xF0\x07\xFE\x00\x00\x00\x00\x3F\xF0\x0F\xFE\x00\x00\x00\x00\x3F\xF8\x0F\xFC\x00\x00\x00\x00\x1F\xF8\x0F\xFC\x00\x00\x00\x00\x1F\xF8\x0F\xFC\x00\x00\x00\x00\x1F\xFC\x1F\xF8\x00\x00\x00\x00\x0F\xFC\x1F\xF8\x00\x00\x00\x00\x0F\xFC\x1F\xF8\x00\x00\x00\x00\x07\xFE\x1F\xF0\x00\x00\x00\x00\x07\xFE\x3F\xF0\x00\x00\x00\x00\x07\xFE\x3F\xF0\x00\x00\x00\x00\x03\xFF\x3F\xE0\x00\x00\x00\x00\x03\xFF\x3F\xE0\x00\x00\x00\x00\x01\xFF\x7F\xE0\x00\x00\x00\x00\x01\xFF\xFF\xC0\x00\x00\x00\x00\x01\xFF\xFF\xC0\x00\x00\x00\x00\x00\xFF\xFF\xC0\x00\x00\x00\x00\x00\xFF\xFF\x80\x00\x00\x00\x00\x00\x7F\xFF\x80\x00\x00\x00\x00\x00\x7F\xFF\x80\x00\x00\x00\x00\x00\x7F\xFF\x00\x00\x00\x00\x00\x00\x3F\xFF\x00\x00\x00\x00\x00\x00\x3F\xFF\x00\x00\x00\x00\x00\x00\x1F\xFE\x00\x00\x00\x00\x00\x00\x1F\xFE\x00\x00\x00\x00\x00\x00\x1F\xFC\x00\x00\x00\x00\x00\x00\x1F\xFC\x00\x00\x00\x00\x00\x00\x1F\xFC\x00\x00\x00\x00\x00\x00\x3F\xF8\x00\x00\x00\x00\x00\x00\x3F\xF8\x00\x00\x00\x00\x00\x00\x7F\xF8\x00\x00\x00\x00\x00\x00\x7F\xF0\x00\x00\x00\x00\x00\x00\xFF\xF0\x00\x00\x00\x00\x00\x01\xFF\xE0\x00\x00\x00\x00\x00\x03\xFF\xE0\x00\x00\x00\x00\x00\x07\xFF\xC0\x00\x00\x00\x00\x07\xFF\xFF\xC0\x00\x00\x00\x00\x07\xFF\xFF\x80\x00\x00\x00\x00\x07\xFF\xFF\x00\x00\x00\x00\x00\x0F\xFF\xFF\x00\x00\x00\x00\x00\x0F\xFF\xFE\x00\x00\x00\x00\x00\x0F\xFF\xFC\x00\x00\x00\x00\x00\x0F\xFF\xF8\x00\x00\x00\x00\x00\x1F\xFF\xE0\x00\x00\x00\x00",
    /* 0x7A */ "\x00\x00\x00\x00\x00\x00\x00\x00\x00\x00\x00\x00\x00\x00\x00\x00\x00\x00\x00\x00\x00\x00\x00\x00\x00\x00\x00\x00\x00\x00\x00\x00\x00\x00\x00\x00\x00\x00\x00\x00\x00\x00\x00\x00\x00\x00\x00\x00\x00\x00\x00\x00\x00\x00\x00\x00\x00\x01\xFF\xFF\xFF\xFF\xC0\x00\x00\x01\xFF\xFF\xFF\xFF\xC0\x00\x00\x01\xFF\xFF\xFF\xFF\xC0\x00\x00\x01\xFF\xFF\xFF\xFF\xC0\x00\x00\x01\xFF\xFF\xFF\xFF\xC0\x00\x00\x01\xFF\xFF\xFF\xFF\xC0\x00\x00\x01\xFF\xFF\xFF\xFF\xC0\x00\x00\x01\xFF\xFF\xFF\xFF\x80\x00\x00\x01\xFF\xFF\xFF\xFF\x80\x00\x00\x01\xFF\xFF\xFF\xFF\x00\x00\x00\x00\x00\x00\x1F\xFE\x00\x00\x00\x00\x00\x00\x3F\xFE\x00\x00\x00\x00\x00\x00\x7F\xFC\x00\x00\x00\x00\x00\x00\x7F\xF8\x00\x00\x00\x00\x00\x00\xFF\xF0\x00\x00\x00\x00\x00\x01\xFF\xF0\x00\x00\x00\x00\x00\x01\xFF\xE0\x00\x00\x00\x00\x00\x03\xFF\xC0\x00\x00\x00\x00\x00\x07\xFF\xC0\x00\x00\x00\x00\x00\x07\xFF\x80\x00\x00\x00\x00\x00\x0F\xFF\x00\x00\x00\x00\x00\x00\x1F\xFF\x00\x00\x00\x00\x00\x00\x1F\xFE\x00\x00\x00\x00\x00\x00\x3F\xFC\x00\x00\x00\x00\x00\x00\x7F\xF8\x00\x00\x00\x00\x00\x00\x7F\xF8\x00\x00\x00\x00\x00\x00\xFF\xF0\x00\x00\x00\x00\x00\x01\xFF\xE0\x00\x00\x00\x00\x00\x01\xFF\xE0\x00\x00\x00\x00\x00\x03\xFF\xC0\x00\x00\x00\x00\x00\x07\xFF\x80\x00\x00\x00\x00\x00\x0F\xFF\x80\x00\x00\x00\x00\x00\x0F\xFF\x00\x00\x00\x00\x00\x00\x1F\xFE\x00\x00\x00\x00\x00\x00\x3F\xFC\x00\x00\x00\x00\x00\x00\x3F\xFC\x00\x00\x00\x00\x00\x00\x7F\xF8\x00\x00\x00\x00\x00\x00\xFF\xF0\x00\x00\x00\x00\x00\x00\xFF\xF0\x00\x00\x00\x00\x00\x01\xFF\xFF\xFF\xFF\xE0\x00\x00\x03\xFF\xFF\xFF\xFF\xE0\x00\x00\x03\xFF\xFF\xFF\xFF\xE0\x00\x00\x07\xFF\xFF\xFF\xFF\xE0\x00\x00\x07\xFF\xFF\xFF\xFF\xE0\x00\x00\x07\xFF\xFF\xFF\xFF\xE0\x00\x00\x07\xFF\xFF\xFF\xFF\xE0\x00\x00\x07\xFF\xFF\xFF\xFF\xE0\x00\x00\x07\xFF\xFF\xFF\xFF\xE0\x00\x00\x07\xFF\xFF\xFF\xFF\xE0\x00\x00\x00\x00\x00\x00\x00\x00\x00\x00\x00\x00\x00\x00\x00\x00\x00\x00\x00\x00\x00\x00\x00\x00\x00\x00\x00\x00\x00\x00\x00\x00\x00\x00\x00\x00\x00\x00\x00\x00\x00\x00\x00\x00\x00\x00\x00\x00\x00\x00\x00\x00\x00\x00\x00\x00\x00\x00\x00\x00\x00\x00\x00\x00\x00",
    /* 0x7B */ "\x00\x00\x00\x1F\xF8\x00\x00\x00\x00\x00\x00\x1F\xF8\x00\x00\x00\x00\x00\x00\x1F\xF8\x00\x00\x00\x00\x00\x00\x1F\xF8\x00\x00\x00\x00\x00\x00\x1F\xF8\x00\x00\x00\x00\x00\x00\x1F\xF8\x00\x00\x00\x00\x00\x00\x1F\xF8\x00\x00\x00\x00\x00\x00\x1F\xF8\x00\x00\x00\x00\x00\x00\x1F\xF8\x00\x00\x00\x00\x00\x00\x1F\xF8\x00\x00\x00\x00\x00\x00\x1F\xF8\x00\x00\x00\x00\x00\x00\x1F\xF8\x00\x00\x00\x00\x00\x00\x1F\xF8\x00\x00\x00\x00\x00\x00\x1F\xF8\x00\x00\x00\x00\x00\x00\x0F\xF8\x00\x00\x00\x00\x00\x00\x0F\xF8\x00\x00\x00\x00\x00\x00\x0F\xF8\x00\x00\x00\x00\x00\x00\x0F\xF8\x00\x00\x00\x00\x00\x00\x0F\xF8\x00\x00\x00\x00\x00\x00\x0F\xF8\x00\x00\x00\x00\x00\x00\x0F\xF8\x00\x00\x00\x00\x00\x00\x0F\xF8\x00\x00\x00\x00\x00\x00\x0F\xF8\x00\x00\x00\x00\x00\x00\x1F\xF8\x00\x00\x00\x00\x00\x00\x1F\xF8\x00\x00\x00\x00\x00\x00\x3F\xF0\x00\x00\x00\x00\x00\x00\x7F\xF0\x00\x00\x00\x00\x00\x01\xFF\xF0\x00\x00\x00\x00\x00\x1F\xFF\xE0\x00\x00\x00\x00\x00\x1F\xFF\xC0\x00\x00\x00\x00\x00\x1F\xFF\x80\x00\x00\x00\x00\x00\x1F\xFE\x00\x00\x00\x00\x00\x00\x1F\xFF\x00\x00\x00\x00\x00\x00\x1F\xFF\xC0\x00\x00\x00\x00\x00\x1F\xFF\xE0\x00\x00\x00\x00\x00\x01\xFF\xF0\x00\x00\x00\x00\x00\x00\x7F\xF0\x00\x00\x00\x00\x00\x00\x3F\xF0\x00\x00\x00\x00\x00\x00\x1F\xF8\x00\x00\x00\x00\x00\x00\x1F\xF8\x00\x00\x00\x00\x00\x00\x0F\xF8\x00\x00\x00\x00\x00\x00\x0F\xF8\x00\x00\x00\x00\x00\x00\x0F\xF8\x00\x00\x00\x00\x00\x00\x0F\xF8\x00\x00\x00\x00\x00\x00\x0F\xF8\x00\x00\x00\x00\x00\x00\x0F\xF8\x00\x00\x00\x00\x00\x00\x0F\xF8\x00\x00\x00\x00\x00\x00\x0F\xF8\x00\x00\x00\x00\x00\x00\x0F\xF8\x00\x00\x00\x00\x00\x00\x1F\xF8\x00\x00\x00\x00\x00\x00\x1F\xF8\x00\x00\x00\x00\x00\x00\x1F\xF8\x00\x00\x00\x00\x00\x00\x1F\xF8\x00\x00\x00\x00\x00\x00\x1F\xF8\x00\x00\x00\x00\x00\x00\x1F\xF8\x00\x00\x00\x00\x00\x00\x1F\xF8\x00\x00\x00\x00\x00\x00\x1F\xF8\x00\x00\x00\x00\x00\x00\x1F\xF8\x00\x00\x00\x00\x00\x00\x1F\xF8\x00\x00\x00\x00\x00\x00\x1F\xF8\x00\x00\x00\x00\x00\x00\x1F\xF8\x00\x00\x00\x00\x00\x00\x1F\xF8\x00\x00\x00\x00\x00\x00\x1F\xF8\x00\x00\x00\x00\x00\x00\x1F\xF8\x00\x00\x00",
    /* 0x7C */ "\x00\x00\x00\x0F\xF0\x00\x00\x00\x00\x00\x00\x0F\xF0\x00\x00\x00\x00\x00\x00\x0F\xF0\x00\x00\x00\x00\x00\x00\x0F\xF0\x00\x00\x00\x00\x00\x00\x0F\xF0\x00\x00\x00\x00\x00\x00\x0F\xF0\x00\x00\x00\x00\x00\x00\x0F\xF0\x00\x00\x00\x00\x00\x00\x0F\xF0\x00\x00\x00\x00\x00\x00\x0F\xF0\x00\x00\x00\x00\x00\x00\x0F\xF0\x00\x00\x00\x00\x00\x00\x0F\xF0\x00\x00\x00\x00\x00\x00\x0F\xF0\x00\x00\x00\x00\x00\x00\x0F\xF0\x00\x00\x00\x00\x00\x00\x0F\xF0\x00\x00\x00\x00\x00\x00\x0F\xF0\x00\x00\x00\x00\x00\x00\x0F\xF0\x00\x00\x00\x00\x00\x00\x0F\xF0\x00\x00\x00\x00\x00\x00\x0F\xF0\x00\x00\x00\x00\x00\x00\x0F\xF0\x00\x00\x00\x00\x00\x00\x0F\xF0\x00\x00\x00\x00\x00\x00\x0F\xF0\x00\x00\x00\x00\x00\x00\x0F\xF0\x00\x00\x00\x00\x00\x00\x0F\xF0\x00\x00\x00\x00\x00\x00\x0F\xF0\x00\x00\x00\x00\x00\x00\x0F\xF0\x00\x00\x00\x00\x00\x00\x0F\xF0\x00\x00\x00\x00\x00\x00\x0F\xF0\x00\x00\x00\x00\x00\x00\x0F\xF0\x00\x00\x00\x00\x00\x00\x0F\xF0\x00\x00\x00\x00\x00\x00\x0F\xF0\x00\x00\x00\x00\x00\x00\x0F\xF0\x00\x00\x00\x00\x00\x00\x0F\xF0\x00\x00\x00\x00\x00\x00\x0F\xF0\x00\x00\x00\x00\x00\x00\x0F\xF0\x00\x00\x00\x00\x00\x00\x0F\xF0\x00\x00\x00\x00\x00\x00\x0F\xF0\x00\x00\x00\x00\x00\x00\x0F\xF0\x00\x00\x00\x00\x00\x00\x0F\xF0\x00\x00\x00\x00\x00\x00\x0F\xF0\x00\x00\x00\x00\x00\x00\x0F\xF0\x00\x00\x00\x00\x00\x00\x0F\xF0\x00\x00\x00\x00\x00\x00\x0F\xF0\x00\x00\x00\x00\x00\x00\x0F\xF0\x00\x00\x00\x00\x00\x00\x0F\xF0\x00\x00\x00\x00\x00\x00\x0F\xF0\x00\x00\x00\x00\x00\x00\x0F\xF0\x00\x00\x00\x00\x00\x00\x0F\xF0\x00\x00\x00\x00\x00\x00\x0F\xF0\x00\x00\x00\x00\x00\x00\x0F\xF0\x00\x00\x00\x00\x00\x00\x0F\xF0\x00\x00\x00\x00\x00\x00\x0F\xF0\x00\x00\x00\x00\x00\x00\x0F\xF0\x00\x00\x00\x00\x00\x00\x0F\xF0\x00\x00\x00\x00\x00\x00\x0F\xF0\x00\x00\x00\x00\x00\x00\x0F\xF0\x00\x00\x00\x00\x00\x00\x0F\xF0\x00\x00\x00\x00\x00\x00\x0F\xF0\x00\x00\x00\x00\x00\x00\x0F\xF0\x00\x00\x00\x00\x00\x00\x0F\xF0\x00\x00\x00\x00\x00\x00\x0F\xF0\x00\x00\x00\x00\x00\x00\x0F\xF0\x00\x00\x00\x00\x00\x00\x0F\xF0\x00\x00\x00\x00\x00\x00\x0F\xF0\x00\x00\x00\x00\x00\x00\x0F\xF0\x00\x00\x00",
    /* 0x7D */ "\x00\x00\x00\x1F\xF8\x00\x00\x00\x00\x00\x00\x1F\xF8\x00\x00\x00\x00\x00\x00\x1F\xF8\x00\x00\x00\x00\x00\x00\x1F\xF8\x00\x00\x00\x00\x00\x00\x1F\xF8\x00\x00\x00\x00\x00\x00\x1F\xF8\x00\x00\x00\x00\x00\x00\x1F\xF8\x00\x00\x00\x00\x00\x00\x1F\xF8\x00\x00\x00\x00\x00\x00\x1F\xF8\x00\x00\x00\x00\x00\x00\x1F\xF8\x00\x00\x00\x00\x00\x00\x1F\xF8\x00\x00\x00\x00\x00\x00\x1F\xF8\x00\x00\x00\x00\x00\x00\x1F\xF8\x00\x00\x00\x00\x00\x00\x1F\xF0\x00\x00\x00\x00\x00\x00\x1F\xF0\x00\x00\x00\x00\x00\x00\x1F\xF0\x00\x00\x00\x00\x00\x00\x1F\xF0\x00\x00\x00\x00\x00\x00\x1F\xF0\x00\x00\x00\x00\x00\x00\x1F\xF0\x00\x00\x00\x00\x00\x00\x1F\xF0\x00\x00\x00\x00\x00\x00\x1F\xF0\x00\x00\x00\x00\x00\x00\x1F\xF0\x00\x00\x00\x00\x00\x00\x1F\xF0\x00\x00\x00\x00\x00\x00\x1F\xF8\x00\x00\x00\x00\x00\x00\x1F\xF8\x00\x00\x00\x00\x00\x00\x0F\xFC\x00\x00\x00\x00\x00\x00\x0F\xFE\x00\x00\x00\x00\x00\x00\x0F\xFF\x80\x00\x00\x00\x00\x00\x07\xFF\xF8\x00\x00\x00\x00\x00\x03\xFF\xF8\x00\x00\x00\x00\x00\x00\xFF\xF8\x00\x00\x00\x00\x00\x00\x7F\xF8\x00\x00\x00\x00\x00\x00\xFF\xF8\x00\x00\x00\x00\x00\x03\xFF\xF8\x00\x00\x00\x00\x00\x07\xFF\xF8\x00\x00\x00\x00\x00\x0F\xFF\x80\x00\x00\x00\x00\x00\x0F\xFE\x00\x00\x00\x00\x00\x00\x0F\xFC\x00\x00\x00\x00\x00\x00\x1F\xF8\x00\x00\x00\x00\x00\x00\x1F\xF8\x00\x00\x00\x00\x00\x00\x1F\xF0\x00\x00\x00\x00\x00\x00\x1F\xF0\x00\x00\x00\x00\x00\x00\x1F\xF0\x00\x00\x00\x00\x00\x00\x1F\xF0\x00\x00\x00\x00\x00\x00\x1F\xF0\x00\x00\x00\x00\x00\x00\x1F\xF0\x00\x00\x00\x00\x00\x00\x1F\xF0\x00\x00\x00\x00\x00\x00\x1F\xF0\x00\x00\x00\x00\x00\x00\x1F\xF0\x00\x00\x00\x00\x00\x00\x1F\xF0\x00\x00\x00\x00\x00\x00\x1F\xF8\x00\x00\x00\x00\x00\x00\x1F\xF8\x00\x00\x00\x00\x00\x00\x1F\xF8\x00\x00\x00\x00\x00\x00\x1F\xF8\x00\x00\x00\x00\x00\x00\x1F\xF8\x00\x00\x00\x00\x00\x00\x1F\xF8\x00\x00\x00\x00\x00\x00\x1F\xF8\x00\x00\x00\x00\x00\x00\x1F\xF8\x00\x00\x00\x00\x00\x00\x1F\xF8\x00\x00\x00\x00\x00\x00\x1F\xF8\x00\x00\x00\x00\x00\x00\x1F\xF8\x00\x00\x00\x00\x00\x00\x1F\xF8\x00\x00\x00\x00\x00\x00\x1F\xF8\x00\x00\x00\x00\x00\x00\x1F\xF8\x00\x00\x00",
    /* 0x7E */ "\x00\x00\x00\x00\x00\x00\x00\x00\x00\x00\x00\x00\x00\x00\x00\x00\x00\x00\x00\x00\x00\x00\x00\x00\x00\x00\x00\x00\x00\x00\x00\x00\x00\x00\x00\x00\x00\x00\x00\x00\x00\x00\x00\x00\x00\x00\x00\x00\x00\x00\x00\x00\x00\x00\x00\x00\x00\x00\x00\x00\x00\x00\x00\x00\x00\x00\x00\x00\x00\x00\x00\x00\x00\x00\x00\x00\x00\x00\x00\x00\x00\x00\x00\x00\x00\x00\x00\x00\x00\x00\x1F\xE0\x00\x00\x00\x00\x00\x00\x7F\xF8\x00\x00\x00\x00\x00\x01\xFF\xFE\x00\x01\x00\x00\x00\x03\xFF\xFF\x00\x01\xC0\x00\x00\x07\xFF\xFF\x80\x03\xE0\x00\x00\x0F\xFF\xFF\xE0\x07\xF0\x00\x00\x1F\xFF\xFF\xF0\x0F\xF8\x00\x00\x3F\xFF\xFF\xFC\x3F\xF8\x00\x00\x3F\xF8\x7F\xFF\xFF\xF8\x00\x00\x3F\xE0\x1F\xFF\xFF\xF0\x00\x00\x1F\xC0\x0F\xFF\xFF\xE0\x00\x00\x0F\x80\x03\xFF\xFF\xC0\x00\x00\x07\x00\x01\xFF\xFF\x80\x00\x00\x01\x00\x00\x7F\xFF\x00\x00\x00\x00\x00\x00\x3F\xFC\x00\x00\x00\x00\x00\x00\x0F\xF0\x00\x00\x00\x00\x00\x00\x00\x00\x00\x00\x00\x00\x00\x00\x00\x00\x00\x00\x00\x00\x00\x00\x00\x00\x00\x00\x00\x00\x00\x00\x00\x00\x00\x00\x00\x00\x00\x00\x00\x00\x00\x00\x00\x00\x00\x00\x00\x00\x00\x00\x00\x00\x00\x00\x00\x00\x00\x00\x00\x00\x00\x00\x00\x00\x00\x00\x00\x00\x00\x00\x00\x00\x00\x00\x00\x00\x00\x00\x00\x00\x00\x00\x00\x00\x00\x00\x00\x00\x00\x00\x00\x00\x00\x00\x00\x00\x00\x00\x00\x00\x00\x00\x00\x00\x00\x00\x00\x00\x00\x00\x00\x00\x00\x00\x00\x00\x00\x00\x00\x00\x00\x00\x00\x00\x00\x00\x00\x00\x00\x00\x00\x00\x00\x00\x00\x00\x00\x00\x00\x00\x00\x00\x00\x00\x00\x00\x00\x00\x00\x00\x00\x00\x00\x00\x00\x00\x00\x00\x00\x00\x00\x00\x00\x00\x00\x00\x00\x00\x00\x00\x00\x00\x00\x00\x00\x00\x00\x00\x00\x00\x00\x00\x00\x00\x00\x00\x00\x00\x00\x00\x00\x00\x00\x00\x00\x00\x00\x00\x00\x00\x00\x00\x00\x00\x00\x00\x00\x00\x00\x00\x00\x00\x00\x00\x00\x00\x00\x00\x00\x00\x00\x00\x00\x00\x00\x00\x00\x00\x00\x00\x00\x00\x00\x00\x00\x00\x00\x00\x00\x00\x00\x00\x00\x00\x00\x00\x00\x00\x00\x00\x00\x00\x00\x00\x00\x00\x00\x00\x00\x00\x00\x00\x00\x00\x00\x00\x00\x00\x00\x00\x00\x00\x00\x00\x00\x00\x00\x00\x00\x00\x00\x00\x00\x00\x00\x00\x00\x00\x00\x00\x00\x00\x00\x00\x00\x00\x00\x00",
};


/** 各档表的入口（下标与 GK_ASCII_PX 一一对应） */
static const char *const GK_ASCII_TABLES[GK_ASCII_NUM] = {
    (const char *)GK_ASCII_T16,
    (const char *)GK_ASCII_T32,
    (const char *)GK_ASCII_T48,
    (const char *)GK_ASCII_T64,
};

/** 选档：返回最接近 cell_px 的档位**下标** */
static inline int gk_ascii_pick(int cell_px)
{
    int i, best = 0, bestd = 1 << 30;

    for (i = 0; i < GK_ASCII_NUM; i++) {
        int d = (int)GK_ASCII_PX[i] - cell_px;
        if (d < 0) d = -d;
        if (d < bestd) { bestd = d; best = i; }
    }
    return best;
}

/** 选档后的点阵边长（= 该档的格边长，16/32/48/64） */
static inline int gk_ascii_size(int cell_px)
{
    return (int)GK_ASCII_PX[gk_ascii_pick(cell_px)];
}

/** 取字形：选最接近 cell_px 的一档；不在可打印 ASCII 范围内返回 NULL。
 *  返回位图的边长 = gk_ascii_size(cell_px)，每行 边长/8 字节、MSB 在左。 */
static inline const uint8_t *gk_ascii_lookup(uint32_t cp, int cell_px)
{
    int idx, size;

    if (cp < GK_ASCII_FIRST || cp > GK_ASCII_LAST) return 0;
    idx = gk_ascii_pick(cell_px);
    size = (int)GK_ASCII_PX[idx];
    return (const uint8_t *)(GK_ASCII_TABLES[idx]
           + (size_t)(cp - GK_ASCII_FIRST) * (size_t)size * (size_t)(size / 8));
}

#endif /* GK_FONT_ASCII_H */
